model,Ouput,_id,downloads,likes,architectures,datasets,language,metrics,pipeline_tag,lastModified,tags,#classes,is_sa,Source,scores,downloadsAllTime
cardiffnlp/twitter-roberta-base-sentiment-latest,"['positive', 'neutral', 'negative']",622fea36174feb5439c2e4be,1264546.0,238.0,['RobertaForSequenceClassification'],['tweet_eval'],en,,text-classification,2023-05-28T05:45:10.000Z,"['transformers', 'pytorch', 'tf', 'roberta', 'text-classification', 'en', 'dataset:tweet_eval', 'arxiv:2202.03829', 'endpoints_compatible', 'has_space', 'region:us']",3,y,Tweets Dataset,,245504181.0
mrm8488/distilroberta-finetuned-financial-news-sentiment-analysis,"['neutral', 'positive', 'negative']",621ffdc136468d709f17e2c1,349196.0,85.0,['RobertaForSequenceClassification'],['financial_phrasebank'],,['accuracy'],text-classification,2023-03-16T20:03:13.000Z,"['transformers', 'pytorch', 'tensorboard', 'safetensors', 'roberta', 'text-classification', 'dataset:financial_phrasebank', 'generated_from_trainer', 'financial', 'stocks', 'sentiment', 'license:apache-2.0', 'model-index', 'has_space', 'region:us']",3,y,Financial Phrasebank Dataset,"[{'name': 'distilRoberta-financial-sentiment', 'results': [{'task': {'name': 'Text Classification', 'type': 'text-classification'}, 'dataset': {'name': 'financial_phrasebank', 'type': 'financial_phrasebank', 'args': 'sentences_allagree'}, 'metrics': [{'name': 'Accuracy', 'type': 'accuracy', 'value': 0.9823008849557522, 'verified': False}]}]}]",132636398.0
cardiffnlp/twitter-roberta-base-sentiment,"['LABEL_2', 'LABEL_1', 'LABEL_0']",621ffdc136468d709f179e37,918648.0,210.0,['RobertaForSequenceClassification'],['tweet_eval'],['en'],,text-classification,2023-01-20T09:52:13.000Z,"['transformers', 'pytorch', 'tf', 'jax', 'roberta', 'text-classification', 'en', 'dataset:tweet_eval', 'arxiv:2010.12421', 'has_space', 'region:us']",3,y,Tweets Dataset,,90763177.0
lxyuan/distilbert-base-multilingual-cased-sentiments-student,"['positive', 'neutral', 'negative']",64552d5fd55525a4fee98c2a,36147.0,19.0,['DistilBertForSequenceClassification'],['tyqiangz/multilingual-sentiments'],"['en', 'ar', 'de', 'es', 'fr', 'ja', 'zh', 'id', 'hi', 'it', 'ms', 'pt']",,text-classification,2023-06-24T04:09:07.000Z,"['transformers', 'pytorch', 'safetensors', 'distilbert', 'text-classification', 'en', 'ar', 'de', 'es', 'fr', 'ja', 'zh', 'id', 'hi', 'it', 'ms', 'pt', 'dataset:tyqiangz/multilingual-sentiments', 'sentiment-analysis', 'zero-shot-distillation', 'distillation', 'zero-shot-classification', 'debarta-v3', 'license:apache-2.0', 'has_space', 'region:us']",3,y,Multilingual Sentiment,"[{'name': 'distilbert-base-multilingual-cased-sentiments-student', 'results': []}]",56371162.0
ProsusAI/finbert,"['neutral', 'positive', 'negative']",621ffdc036468d709f176f71,2737414.0,339.0,['BertForSequenceClassification'],,en,,text-classification,2023-05-23T12:43:35.000Z,"['transformers', 'pytorch', 'tf', 'jax', 'bert', 'text-classification', 'en', 'arxiv:1908.10063', 'financial-sentiment-analysis', 'sentiment-analysis', 'has_space', 'region:us']",3,y,,,42086975.0
yiyanghkust/finbert-tone,"['Positive', 'Neutral', 'Negative']",621ffdc136468d709f181abd,2482264.0,99.0,['BertForSequenceClassification'],,en,,text-classification,2022-10-17T00:35:39.000Z,"['transformers', 'pytorch', 'tf', 'text-classification', 'en', 'financial-sentiment-analysis', 'sentiment-analysis', 'has_space', 'region:us']",3,y,,,27429049.0
avichr/heBERT_sentiment_analysis,"['positive', 'negative', 'neutral']",621ffdc136468d709f1796d3,5871.0,7.0,['BertForSequenceClassification'],,,,text-classification,2021-12-31T16:08:22.000Z,"['transformers', 'pytorch', 'jax', 'bert', 'text-classification', 'arxiv:1810.04805', 'region:us']",3,y,"Ortiz2019, Wikipedia, ",,27087834.0
finiteautomata/bertweet-base-sentiment-analysis,"['POS', 'NEU', 'NEG']",621ffdc136468d709f17b0de,91786.0,79.0,['RobertaForSequenceClassification'],,['en'],,text-classification,2023-02-17T02:17:31.000Z,"['transformers', 'pytorch', 'tf', 'roberta', 'text-classification', 'en', 'arxiv:2106.09462', 'sentiment-analysis', 'has_space', 'region:us']",3,y,SamEval Tweets Dataset,,26549371.0
cardiffnlp/twitter-xlm-roberta-base-sentiment,"['positive', 'neutral', 'negative']",621ffdc136468d709f179e40,961859.0,138.0,['XLMRobertaForSequenceClassification'],,multilingual,,text-classification,2023-07-19T20:41:38.000Z,"['transformers', 'pytorch', 'tf', 'xlm-roberta', 'text-classification', 'multilingual', 'arxiv:2104.12250', 'has_space', 'region:us']",3,y,Tweets Dataset,,24294835.0
finiteautomata/beto-sentiment-analysis,"['POS', 'NEG', 'NEU']",621ffdc136468d709f17b0e2,377631.0,20.0,['BertForSequenceClassification'],,['es'],,text-classification,2023-02-25T14:23:57.000Z,"['transformers', 'pytorch', 'jax', 'bert', 'text-classification', 'es', 'arxiv:2106.09462', 'sentiment-analysis', 'has_space', 'region:us']",3,y,TASS 2020 Tweets Dataset,,14714873.0
Seethal/sentiment_analysis_generic_dataset,"['LABEL_2', 'LABEL_1', 'LABEL_0']",62571853cf42812891a7184e,40837.0,18.0,['DistilBertForSequenceClassification'],,,,text-classification,2022-04-19T06:26:33.000Z,"['transformers', 'pytorch', 'distilbert', 'text-classification', 'has_space', 'region:us']",3,y,Pretrained English Corpus,,12426583.0
oliverguhr/german-sentiment-bert,"['positive', 'negative', 'neutral']",621ffdc136468d709f17ea0d,89393.0,35.0,['BertForSequenceClassification'],,['de'],['f1'],text-classification,2023-03-16T18:09:30.000Z,"['transformers', 'pytorch', 'tf', 'jax', 'safetensors', 'bert', 'text-classification', 'de', 'sentiment', 'license:mit', 'has_space', 'region:us']",3,y,German Text,,6776781.0
CAMeL-Lab/bert-base-arabic-camelbert-da-sentiment,"['neutral', 'positive', 'negative']",621ffdc036468d709f174df3,4853.0,20.0,['BertForSequenceClassification'],,['ar'],,text-classification,2021-10-17T11:15:54.000Z,"['transformers', 'pytorch', 'tf', 'bert', 'text-classification', 'ar', 'arxiv:2103.06678', 'license:apache-2.0', 'has_space', 'region:us']",3,y,"ASTD, ArSAS, SemEval",,3948814.0
ahmedrachid/FinancialBERT-Sentiment-Analysis,"['neutral', 'positive', 'negative']",621ffdc136468d709f1786f4,145619.0,41.0,['BertForSequenceClassification'],['financial_phrasebank'],en,,text-classification,2022-02-07T14:58:57.000Z,"['transformers', 'pytorch', 'bert', 'text-classification', 'en', 'dataset:financial_phrasebank', 'financial-sentiment-analysis', 'sentiment-analysis', 'has_space', 'region:us']",3,y,Financial Phrasebank,,2743666.0
cardiffnlp/twitter-xlm-roberta-base-sentiment-multilingual,"['positive', 'neutral', 'negative']",6387f60b26952adc66f0767e,9940.0,1.0,['XLMRobertaForSequenceClassification'],['cardiffnlp/tweet_sentiment_multilingual'],,"['f1', 'accuracy']",text-classification,2022-12-01T00:38:43.000Z,"['transformers', 'pytorch', 'xlm-roberta', 'text-classification', 'dataset:cardiffnlp/tweet_sentiment_multilingual', 'model-index', 'region:us', 'has_space']",3,y,Tweets Dataset,"[{'name': 'cardiffnlp/twitter-xlm-roberta-base-sentiment-multilingual', 'results': [{'task': {'type': 'text-classification', 'name': 'Text Classification'}, 'dataset': {'name': 'cardiffnlp/tweet_sentiment_multilingual', 'type': 'all', 'split': 'test'}, 'metrics': [{'name': 'Micro F1 (cardiffnlp/tweet_sentiment_multilingual/all)', 'type': 'micro_f1_cardiffnlp/tweet_sentiment_multilingual/all', 'value': 0.6931034482758621, 'verified': False}, {'name': 'Macro F1 (cardiffnlp/tweet_sentiment_multilingual/all)', 'type': 'micro_f1_cardiffnlp/tweet_sentiment_multilingual/all', 'value': 0.692628774202147, 'verified': False}, {'name': 'Accuracy (cardiffnlp/tweet_sentiment_multilingual/all)', 'type': 'accuracy_cardiffnlp/tweet_sentiment_multilingual/all', 'value': 0.6931034482758621, 'verified': False}]}]}]",2708147.0
koheiduck/bert-japanese-finetuned-sentiment,"['POSITIVE', 'NEUTRAL', 'NEGATIVE']",639bf0c434967bcf4562ff2d,119446.0,7.0,['BertForSequenceClassification'],,,,text-classification,2022-12-20T07:21:09.000Z,"['transformers', 'pytorch', 'bert', 'text-classification', 'region:us']",3,y,,,2345701.0
blanchefort/rubert-base-cased-sentiment,"['POSITIVE', 'NEUTRAL', 'NEGATIVE']",621ffdc136468d709f179b11,465540.0,8.0,['BertForSequenceClassification'],,['ru'],,text-classification,2023-04-06T04:06:36.000Z,"['transformers', 'pytorch', 'tf', 'jax', 'safetensors', 'bert', 'text-classification', 'ru', 'sentiment', 'region:us']",3,y,Aggregated Corpus,,2265584.0
MonoHime/rubert-base-cased-sentiment-new,"['POSITIVE', 'NEUTRAL', 'NEGATIVE']",621ffdc136468d709f1777dd,2059.0,16.0,['BertForSequenceClassification'],['Tatyana/ru_sentiment_dataset'],['ru'],,text-classification,2023-03-17T09:03:04.000Z,"['transformers', 'pytorch', 'safetensors', 'bert', 'text-classification', 'ru', 'dataset:Tatyana/ru_sentiment_dataset', 'arxiv:1910.09700', 'sentiment', 'region:us']",3,y,RU sentiment dataset,,1810159.0
rohanrajpal/bert-base-multilingual-codemixed-cased-sentiment,"['LABEL_2', 'LABEL_0', 'LABEL_1']",621ffdc136468d709f17fe6f,228.0,1.0,['BertForSequenceClassification'],['SAIL 2017'],"['hi', 'en']","['fscore', 'accuracy']",text-classification,2021-05-19T00:35:16.000Z,"['transformers', 'pytorch', 'tf', 'jax', 'bert', 'text-classification', 'hi', 'en', 'dataset:SAIL 2017', 'codemix', 'license:apache-2.0', 'region:us']",3,y,,,1117809.0
snunlp/KR-FinBert-SC,"['neutral', 'negative', 'positive']",621ffdc136468d709f1806b9,33487.0,11.0,['BertForSequenceClassification'],,['ko'],,text-classification,2022-04-28T05:07:18.000Z,"['transformers', 'pytorch', 'bert', 'text-classification', 'ko', 'has_space', 'region:us']",3,y,,,901421.0
cointegrated/rubert-tiny-sentiment-balanced,"['positive', 'neutral', 'negative']",621ffdc136468d709f17a145,1351.0,7.0,['BertForSequenceClassification'],,['ru'],,text-classification,2023-03-20T09:53:10.000Z,"['transformers', 'pytorch', 'safetensors', 'bert', 'text-classification', 'ru', 'russian', 'classification', 'sentiment', 'multiclass', 'region:us']",3,y,Collected data by Smetanin,,899653.0
sbcBI/sentiment_analysis_model,"['LABEL_2', 'LABEL_1', 'LABEL_0']",6272101180d5f35f8dc63055,40068.0,3.0,['DistilBertForSequenceClassification'],['Confidential'],en,,text-classification,2022-05-16T18:37:13.000Z,"['transformers', 'pytorch', 'distilbert', 'text-classification', 'en', 'dataset:Confidential', 'arxiv:1810.04805', 'exbert', 'license:apache-2.0', 'has_space', 'region:us']",3,y,Classified,,791097.0
soleimanian/financial-roberta-large-sentiment,"['positive', 'neutral', 'negative']",6281ce66eeb15579946c6d22,21787.0,27.0,['RobertaForSequenceClassification'],,['eng'],,text-classification,2022-10-12T21:04:39.000Z,"['transformers', 'pytorch', 'roberta', 'text-classification', 'eng', 'Sentiment', 'RoBERTa', 'Financial Statements', 'Accounting', 'Finance', 'Business', 'ESG', 'CSR Reports', 'Financial News', 'Earnings Call Transcripts', 'Sustainability', 'Corporate governance', 'license:apache-2.0', 'has_space', 'region:us']",3,y,"Financial Text(Earnings, CSR Report etc.)",,711721.0
ayameRushia/bert-base-indonesian-1.5G-sentiment-analysis-smsa,"['Positive', 'Neutral', 'Negative']",621ffdc136468d709f179702,509.0,3.0,['BertForSequenceClassification'],['indonlu'],id,['accuracy'],text-classification,2021-12-22T08:52:47.000Z,"['transformers', 'pytorch', 'bert', 'text-classification', 'id', 'dataset:indonlu', 'generated_from_trainer', 'license:mit', 'model-index', 'region:us']",3,y,IndoNLU,"[{'name': 'bert-base-indonesian-1.5G-finetuned-sentiment-analysis-smsa', 'results': [{'task': {'name': 'Text Classification', 'type': 'text-classification'}, 'dataset': {'name': 'indonlu', 'type': 'indonlu', 'args': 'smsa'}, 'metrics': [{'name': 'Accuracy', 'type': 'accuracy', 'value': 0.9373015873015873, 'verified': False}]}]}]",562570.0
ayameRushia/roberta-base-indonesian-1.5G-sentiment-analysis-smsa,"['POSITIVE', 'NEUTRAL', 'NEGATIVE']",621ffdc136468d709f179706,614.0,0.0,['RobertaForSequenceClassification'],['indonlp/indonlu'],['id'],['accuracy'],text-classification,2023-09-02T23:40:48.000Z,"['transformers', 'pytorch', 'roberta', 'text-classification', 'id', 'dataset:indonlp/indonlu', 'generated_from_trainer', 'model-index', 'region:us']",3,y,IndoNLU Dataset,"[{'name': 'roberta-base-indonesian-1.5G-sentiment-analysis-smsa', 'results': [{'task': {'name': 'Text Classification', 'type': 'text-classification'}, 'dataset': {'name': 'indonlu', 'type': 'indonlu', 'args': 'smsa'}, 'metrics': [{'name': 'Accuracy', 'type': 'accuracy', 'value': 0.9261904761904762, 'verified': False}]}]}]",485447.0
citizenlab/twitter-xlm-roberta-base-sentiment-finetunned,"['Positive', 'Neutral', 'Negative']",621ffdc136468d709f1792d1,2105.0,16.0,['XLMRobertaForSequenceClassification'],['jigsaw_toxicity_pred'],"['en', 'nl', 'fr', 'pt', 'it', 'es', 'de', 'da', 'pl', 'af']",['F1 Accuracy'],text-classification,2022-12-02T13:49:38.000Z,"['transformers', 'pytorch', 'xlm-roberta', 'text-classification', 'en', 'nl', 'fr', 'pt', 'it', 'es', 'de', 'da', 'pl', 'af', 'dataset:jigsaw_toxicity_pred', 'has_space', 'region:us']",3,y,Tweets Dataset,,473725.0
yangheng/deberta-v3-base-absa-v1.1,"['Positive', 'Neutral', 'Negative']",62351c983220a1b5e7e3f721,6485.0,20.0,['DebertaForSequenceClassification'],"['laptop14', 'restaurant14', 'restaurant16', 'ACL-Twitter', 'MAMS', 'Television', 'TShirt', 'Yelp']",['en'],"['accuracy', 'macro-f1']",text-classification,2023-09-09T18:58:09.000Z,"['transformers', 'pytorch', 'safetensors', 'deberta-v2', 'text-classification', 'en', 'dataset:laptop14', 'dataset:restaurant14', 'dataset:restaurant16', 'dataset:ACL-Twitter', 'dataset:MAMS', 'dataset:Television', 'dataset:TShirt', 'dataset:Yelp', 'arxiv:2208.01368', 'arxiv:2110.08604', 'aspect-based-sentiment-analysis', 'PyABSA', 'license:mit', 'has_space', 'region:us']",3,y,,,467585.0
philschmid/distilbert-base-multilingual-cased-sentiment-2,"['positive', 'neutral', 'negative']",621ffdc136468d709f17ee54,1529.0,2.0,['DistilBertForSequenceClassification'],['amazon_reviews_multi'],,"['accuracy', 'f1']",text-classification,2022-01-24T15:08:50.000Z,"['transformers', 'pytorch', 'tensorboard', 'distilbert', 'text-classification', 'dataset:amazon_reviews_multi', 'generated_from_trainer', 'license:apache-2.0', 'model-index', 'region:us']",3,y,Amazon Reviews,"[{'name': 'distilbert-base-multilingual-cased-sentiment-2', 'results': [{'task': {'name': 'Text Classification', 'type': 'text-classification'}, 'dataset': {'name': 'amazon_reviews_multi', 'type': 'amazon_reviews_multi', 'args': 'all_languages'}, 'metrics': [{'name': 'Accuracy', 'type': 'accuracy', 'value': 0.7475666666666667, 'verified': False}, {'name': 'F1', 'type': 'f1', 'value': 0.7475666666666667, 'verified': False}]}]}]",431631.0
climatebert/distilroberta-base-climate-sentiment,"['neutral', 'opportunity', 'risk']",621ffdc136468d709f17a0d1,41712.0,0.0,['RobertaForSequenceClassification'],['climatebert/climate_sentiment'],['en'],['accuracy'],text-classification,2023-06-02T13:53:52.000Z,"['transformers', 'pytorch', 'safetensors', 'roberta', 'text-classification', 'en', 'dataset:climatebert/climate_sentiment', 'license:apache-2.0', 'region:us']",3,y,climatebert/ climate_sentiment,,419527.0
j-hartmann/sentiment-roberta-large-english-3-classes,"['positive', 'neutral', 'negative']",621ffdc136468d709f17c9d4,4942.0,8.0,['RobertaForSequenceClassification'],,en,,text-classification,2023-01-02T13:02:49.000Z,"['transformers', 'pytorch', 'roberta', 'text-classification', 'en', 'sentiment', 'twitter', 'has_space', 'region:us']",3,y,Social media posts,,395237.0
Sigma/financial-sentiment-analysis,"['LABEL_1', 'LABEL_2', 'LABEL_0']",627f6b26074ef35a954d301d,5194.0,6.0,['BertForSequenceClassification'],['financial_phrasebank'],,"['accuracy', 'f1']",text-classification,2022-05-14T11:48:56.000Z,"['transformers', 'pytorch', 'tensorboard', 'bert', 'text-classification', 'dataset:financial_phrasebank', 'generated_from_trainer', 'model-index', 'region:us']",3,y,Finacial Phrasebank,"[{'name': 'financial-sentiment-analysis', 'results': [{'task': {'name': 'Text Classification', 'type': 'text-classification'}, 'dataset': {'name': 'financial_phrasebank', 'type': 'financial_phrasebank', 'args': 'sentences_allagree'}, 'metrics': [{'name': 'Accuracy', 'type': 'accuracy', 'value': 0.9924242424242424, 'verified': False}, {'name': 'F1', 'type': 'f1', 'value': 0.9924242424242424, 'verified': False}]}]}]",391233.0
blanchefort/rubert-base-cased-sentiment-rusentiment,"['POSITIVE', 'NEGATIVE', 'NEUTRAL']",621ffdc136468d709f179b10,50533.0,4.0,['BertForSequenceClassification'],['RuSentiment'],['ru'],,text-classification,2023-04-06T04:06:16.000Z,"['transformers', 'pytorch', 'tf', 'jax', 'safetensors', 'bert', 'text-classification', 'ru', 'dataset:RuSentiment', 'sentiment', 'has_space', 'region:us']",3,y,RuSentiment,,368867.0
w11wo/indonesian-roberta-base-sentiment-classifier,"['positive', 'negative', 'neutral']",621ffdc136468d709f1815cd,5011.0,14.0,['RobertaForSequenceClassification'],['indonlu'],id,,text-classification,2023-05-13T04:10:11.000Z,"['transformers', 'pytorch', 'tf', 'safetensors', 'roberta', 'text-classification', 'id', 'dataset:indonlu', 'arxiv:1907.11692', 'doi:10.57967/hf/0644', 'indonesian-roberta-base-sentiment-classifier', 'license:mit', 'has_space', 'region:us']",3,y,indolu's SmSA,,311775.0
mdhugol/indonesia-bert-sentiment-classification,"['LABEL_0', 'LABEL_1', 'LABEL_2']",621ffdc136468d709f17ddc2,1931.0,10.0,['BertForSequenceClassification'],,,,text-classification,2021-09-14T08:24:28.000Z,"['transformers', 'pytorch', 'bert', 'text-classification', 'region:us']",3,y,Prosa sentiment dataset,,309146.0
HooshvareLab/bert-fa-base-uncased-sentiment-digikala,"['recommended', 'no_idea', 'not_recommended']",621ffdc036468d709f175df4,214707.0,1.0,['BertForSequenceClassification'],,fa,,text-classification,2021-05-18T20:59:17.000Z,"['transformers', 'pytorch', 'tf', 'jax', 'bert', 'text-classification', 'fa', 'license:apache-2.0', 'region:us']",3,y,Digikala and Snappfood Comments,,285444.0
christian-phu/bert-finetuned-japanese-sentiment,"['positive', 'negative', 'neutral']",642ef6c70bb61293d135d8bb,80992.0,4.0,['BertForSequenceClassification'],,['ja'],['accuracy'],text-classification,2023-04-07T17:27:53.000Z,"['transformers', 'pytorch', 'bert', 'text-classification', 'ja', 'generated_from_trainer', 'license:cc-by-sa-4.0', 'region:us']",3,y,Amazon Reviews,"[{'name': 'bert-finetuned-japanese-sentiment', 'results': []}]",257729.0
lucas-leme/FinBERT-PT-BR,"['NEUTRAL', 'NEGATIVE', 'POSITIVE']",638d1bf45869d78eb7e64cae,1402.0,12.0,['BertForSequenceClassification'],,pt,,text-classification,2023-08-22T01:28:39.000Z,"['transformers', 'pytorch', 'bert', 'text-classification', 'pt', 'license:apache-2.0', 'region:us']",3,y,,,248055.0
CAMeL-Lab/bert-base-arabic-camelbert-mix-sentiment,"['positive', 'neutral', 'negative']",621ffdc036468d709f174dfd,355.0,4.0,['BertForSequenceClassification'],,['ar'],,text-classification,2021-10-17T12:09:14.000Z,"['transformers', 'pytorch', 'tf', 'bert', 'text-classification', 'ar', 'arxiv:2103.06678', 'license:apache-2.0', 'region:us']",3,y,"ASTD, ArSAS, SemEval",,227605.0
pin/senda,"['positiv', 'negativ', 'neutral']",621ffdc136468d709f17eedb,20.0,4.0,['BertForSequenceClassification'],,da,,text-classification,2021-08-20T11:00:39.000Z,"['transformers', 'pytorch', 'tf', 'jax', 'bert', 'text-classification', 'da', 'danish', 'sentiment', 'polarity', 'license:cc-by-4.0', 'region:us']",3,y,,,205926.0
sbcBI/sentiment_analysis,"['LABEL_2', 'LABEL_0', 'LABEL_1']",62624bad02cd5952e012af2c,8624.0,4.0,['DistilBertForSequenceClassification'],['Confidential'],en,,text-classification,2022-04-22T06:42:07.000Z,"['transformers', 'pytorch', 'distilbert', 'text-classification', 'en', 'dataset:Confidential', 'arxiv:1810.04805', 'exbert', 'license:apache-2.0', 'has_space', 'region:us']",3,y,Classified,,180158.0
neuraly/bert-base-italian-cased-sentiment,"['positive', 'neutral', 'negative']",621ffdc136468d709f17e675,3637.0,7.0,['BertForSequenceClassification'],,it,,text-classification,2021-09-22T09:29:18.000Z,"['transformers', 'pytorch', 'tf', 'jax', 'bert', 'text-classification', 'it', 'sentiment', 'Italian', 'license:mit', 'region:us']",3,y,Tweets Dataset,,157261.0
hw2942/bert-base-chinese-finetuning-financial-news-sentiment-v2,"['Neutral', 'Positive', 'Negative']",64895b7950c003881f1873c2,5667.0,7.0,['BertForSequenceClassification'],,['zh'],,text-classification,2023-06-14T07:38:20.000Z,"['transformers', 'pytorch', 'bert', 'text-classification', 'zh', 'finance', 'region:us']",3,y,Financial News,,123038.0
fergusq/finbert-finnsentiment,"['POSITIVE', 'NEUTRAL', 'NEGATIVE']",621ffdc136468d709f17b05d,4507.0,1.0,['BertForSequenceClassification'],,fi,,text-classification,2023-03-24T11:14:28.000Z,"['transformers', 'pytorch', 'safetensors', 'bert', 'text-classification', 'fi', 'arxiv:2012.02613', 'license:cc-by-4.0', 'region:us']",3,y,,,111445.0
poom-sci/WangchanBERTa-finetuned-sentiment,"['pos', 'neu', 'neg']",621ffdc136468d709f17ef43,169.0,6.0,['CamembertForSequenceClassification'],"['wongnai_reviews', 'wisesight_sentiment', 'generated_reviews_enth']",['th'],,text-classification,2021-11-05T17:48:02.000Z,"['transformers', 'pytorch', 'tensorboard', 'camembert', 'text-classification', 'th', 'dataset:wongnai_reviews', 'dataset:wisesight_sentiment', 'dataset:generated_reviews_enth', 'sentiment-analysis', 'license:apache-2.0', 'region:us']",3,y,,,111145.0
seara/rubert-tiny2-russian-sentiment,"['positive', 'neutral', 'negative']",6460fc90b2ae2983b1064972,1089.0,3.0,['BertForSequenceClassification'],"['sismetanin/rureviews', 'RuSentiment', 'LinisCrowd2015', 'LinisCrowd2016', 'KaggleRussianNews']",['ru'],"['f1', 'roc_auc', 'precision', 'recall']",text-classification,2023-08-25T19:16:11.000Z,"['transformers', 'pytorch', 'safetensors', 'bert', 'text-classification', 'ru', 'dataset:sismetanin/rureviews', 'dataset:RuSentiment', 'dataset:LinisCrowd2015', 'dataset:LinisCrowd2016', 'dataset:KaggleRussianNews', 'sentiment-analysis', 'multi-class-classification', 'sentiment analysis', 'rubert', 'sentiment', 'tiny', 'russian', 'multiclass', 'classification', 'license:mit', 'region:us']",3,y,Short Russian Text,,107478.0
CouchCat/ma_sa_v7_distil,"['positive', 'neutral', 'negative']",621ffdc036468d709f174fb4,21.0,0.0,['DistilBertForSequenceClassification'],,en,,text-classification,2021-02-15T23:19:57.000Z,"['transformers', 'pytorch', 'distilbert', 'text-classification', 'en', 'sentiment-analysis', 'license:mit', 'region:us']",3,y,,,104190.0
peerapongch/baikal-sentiment-ball,"['LABEL_2', 'LABEL_1', 'LABEL_0']",6253dd2927a8414d3bbee8dc,1376.0,0.0,['CamembertForSequenceClassification'],,,,text-classification,2022-04-11T07:57:59.000Z,"['transformers', 'pytorch', 'camembert', 'text-classification', 'region:us']",3,y,-,,103210.0
samayash/finetuning-financial-news-sentiment,"['LABEL_1', 'LABEL_2', 'LABEL_0']",6243ce06450f3c40182e630e,8763.0,2.0,['DistilBertForSequenceClassification'],,,"['accuracy', 'f1']",text-classification,2022-03-30T03:36:40.000Z,"['transformers', 'pytorch', 'tensorboard', 'distilbert', 'text-classification', 'generated_from_trainer', 'license:apache-2.0', 'region:us']",3,y,Unpublished Books,"[{'name': 'finetuning-financial-news-sentiment', 'results': []}]",102924.0
aari1995/German_Sentiment,"['positive', 'negative', 'neutral']",647dae49f14eafc3b4492ce6,124.0,0.0,['BertForSequenceClassification'],,['de'],,text-classification,2023-06-23T06:29:57.000Z,"['transformers', 'pytorch', 'safetensors', 'bert', 'text-classification', 'de', 'deepset/gbert-large', 'region:us']",3,y,,,82064.0
mdraw/german-news-sentiment-bert,"['positive', 'negative', 'neutral']",621ffdc136468d709f17ddc5,1005.0,4.0,['BertForSequenceClassification'],,,,text-classification,2023-03-17T14:29:53.000Z,"['transformers', 'pytorch', 'jax', 'safetensors', 'bert', 'text-classification', 'region:us']",3,y,News text about migration,,81878.0
KBLab/robust-swedish-sentiment-multiclass,"['POSITIVE', 'NEUTRAL', 'NEGATIVE']",6458c0af39e6aea69cb83559,98.0,2.0,['MegatronBertForSequenceClassification'],,['sv'],,text-classification,2023-06-16T10:14:05.000Z,"['transformers', 'pytorch', 'safetensors', 'megatron-bert', 'text-classification', 'sv', 'license:apache-2.0', 'region:us']",3,y,,,80307.0
amansolanki/autonlp-Tweet-Sentiment-Extraction-20114061,"['positive', 'neutral', 'negative']",621ffdc136468d709f178f36,13344.0,0.0,['DistilBertForSequenceClassification'],['amansolanki/autonlp-data-Tweet-Sentiment-Extraction'],en,,text-classification,2021-10-17T00:32:35.000Z,"['transformers', 'pytorch', 'distilbert', 'text-classification', 'en', 'dataset:amansolanki/autonlp-data-Tweet-Sentiment-Extraction', 'autonlp', 'co2_eq_emissions', 'region:us']",3,y,,,77321.0
knkarthick/Sentiment-Analysis,"['Positive', 'Neutral', 'Negative']",636cd8a38cb710cbc995b48d,8869.0,0.0,['RobertaForSequenceClassification'],,,,text-classification,2022-11-10T10:56:46.000Z,"['transformers', 'pytorch', 'tf', 'roberta', 'text-classification', 'has_space', 'region:us']",3,y,Nil,,70675.0
Ammar-alhaj-ali/arabic-MARBERT-sentiment,"['positive', 'neutral', 'negative']",62ef533d4ef4858b1d4c5259,610.0,8.0,['BertForSequenceClassification'],,['ar'],,text-classification,2022-08-09T21:03:29.000Z,"['transformers', 'pytorch', 'bert', 'text-classification', 'ar', 'text classification', 'Sentiment', 'region:us']",3,y,KAUST Dataset,,69443.0
RogerKam/roberta_RCADE_fine_tuned_sentiment_covid_news,"['LABEL_2', 'LABEL_1', 'LABEL_0']",62b34a4751b07307bd0144d5,13377.0,0.0,['RobertaForSequenceClassification'],,,['accuracy'],text-classification,2022-06-22T19:15:59.000Z,"['transformers', 'pytorch', 'tensorboard', 'roberta', 'text-classification', 'generated_from_trainer', 'license:mit', 'region:us']",3,y,,"[{'name': 'roberta_RCADE_fine_tuned_sentiment_covid_news', 'results': []}]",67274.0
Jean-Baptiste/roberta-large-financial-news-sentiment-en,"['positive', 'neutral', 'negative']",63ac69a823f39d70bdd09d23,1128.0,5.0,['RobertaForSequenceClassification'],['Jean-Baptiste/financial_news_sentiment_mixte_with_phrasebank_75'],en,,text-classification,2023-03-22T02:27:09.000Z,"['transformers', 'pytorch', 'onnx', 'safetensors', 'roberta', 'text-classification', 'en', 'dataset:Jean-Baptiste/financial_news_sentiment_mixte_with_phrasebank_75', 'financial', 'stocks', 'sentiment', 'license:mit', 'has_space', 'region:us']",3,y,financial_news_sentiment_mixte_with_phrasebank_75 dataset,,53927.0
FinanceInc/auditor_sentiment_finetuned,"['Neutral', 'Positive', 'Negative']",62dad3914398e21bf7f4b2e2,209.0,11.0,['BertForSequenceClassification'],"['rajistics/autotrain-data-auditor-sentiment', 'FinanceInc/auditor_sentiment']",en,,text-classification,2022-12-12T17:30:43.000Z,"['transformers', 'pytorch', 'bert', 'text-classification', 'en', 'dataset:rajistics/autotrain-data-auditor-sentiment', 'dataset:FinanceInc/auditor_sentiment', 'autotrain', 'DEV', 'model-index', 'co2_eq_emissions', 'has_space', 'region:us']",3,y,Auditor review,"[{'name': 'auditor_sentiment_finetuned', 'results': [{'task': {'type': 'text-classification', 'name': 'Text Classification'}, 'dataset': {'name': 'FinanceInc/auditor_sentiment', 'type': 'glue', 'split': 'validation'}, 'metrics': [{'type': 'accuracy', 'value': 0.848937, 'name': 'Accuracy', 'verified': False, 'verifyToken': 'eyJhbGciOiJFZERTQSIsInR5cCI6IkpXVCJ9.eyJoYXNoIjoiYWQ1N2FhNjliMzMyOGVjZWUwYTllMmM5Nzg3ZWYxYzY5NWZkYzQxMmQ3OTI1NjY5MjU3NjdiNzVkNGU5YWZiMCIsInZlcnNpb24iOjF9.W3FtDbi_SgD0kwotQ14wwVsmLor8uYR4vNlW8_MqTY99vw7pZNURkq8VtrGh9nKzGUJTv7vWdX1moIA8rCNEDA'}, {'type': 'f1', 'value': 0.848282, 'name': 'F1', 'verified': False, 'verifyToken': 'eyJhbGciOiJFZERTQSIsInR5cCI6IkpXVCJ9.eyJoYXNoIjoiNWMxY2Q2Nzk0MmM5NzJhNzVhOWYyMDhkMDk1MWJkMjFmOTA2YzUwNjMxNmVlMWI5NjhmOGI0NmQ0MGIyMWRhYSIsInZlcnNpb24iOjF9.HkMmrEUXuzU_jHjMO9g6V1Xo2svOe5gdlu28SyMUXugJbIy5_RJ6joDyhxj06TucT_ZRhr6v77AxCgHB3uwuDA'}, {'type': 'recall', 'value': 0.808937, 'name': 'Recall', 'verified': False, 'verifyToken': 'eyJhbGciOiJFZERTQSIsInR5cCI6IkpXVCJ9.eyJoYXNoIjoiODViZDYzOWYzNmQyMjlmYjhlMmExOGY0ZDBjMDFmNWMzYWM0OWVhYWJlNTBkMGEwYTYzY2IyN2Y0MmExZDE1YyIsInZlcnNpb24iOjF9.C1T-yBNPoZ8F-vVYIp9oTd6k4mTSOFw4kAcr6er68Psmt0mfuJ0Xb2nWGXeA0jrgV6bUoomTpZbwGRxtUXzAAA'}, {'type': 'precision', 'value': 0.818542, 'name': 'Precision', 'verified': False, 'verifyToken': 'eyJhbGciOiJFZERTQSIsInR5cCI6IkpXVCJ9.eyJoYXNoIjoiNTk3NTIyZDA5MjY1NjZlMjQ0M2ZmNTU3MmRmYzM2NWVhZjU1ZDVkMTU1NTA0MzNkNzIxMjI5ZDAwNjNmNWNjNyIsInZlcnNpb24iOjF9.NBlzUtsAmjG-vBch2KxTNaahGdjFx1IYXWo7AsKQru1kNeVzmoYr-HMixQjgMG2Lg5XW8-yoP79eDOMh_lvLCg'}, {'type': 'accuracy', 'value': 0.848937, 'name': 'Accuracy', 'verified': False}, {'type': 'f1', 'value': 0.848282, 'name': 'F1', 'verified': False}, {'type': 'recall', 'value': 0.808937, 'name': 'Recall', 'verified': False}, {'type': 'precision', 'value': 0.818542, 'name': 'Precision', 'verified': False}]}]}]",53461.0
akoksal/bounti,"['positive', 'neutral', 'negative']",625487b88bec08ecc32807ea,24.0,2.0,['BertForSequenceClassification'],,tr,,text-classification,2022-04-11T20:12:25.000Z,"['transformers', 'pytorch', 'bert', 'text-classification', 'tr', 'sentiment', 'twitter', 'turkish', 'region:us']",3,y,,,50988.0
MarieAngeA13/Sentiment-Analysis-BERT,"['positive', 'neutral', 'negative']",64a0659083476d0912382f68,191.0,1.0,['BertForSequenceClassification'],,['en'],,text-classification,2023-07-01T18:26:06.000Z,"['transformers', 'pytorch', 'bert', 'text-classification', 'en', 'sentiment', 'sentiment-analysis', 'license:bsd-3-clause', 'has_space', 'region:us']",3,y,,,46885.0
Venkatesh4342/distilbert-helpdesk-sentiment,"['Positive', 'Neutral', 'Negative']",64fed1af88125cdf88758e48,82.0,0.0,['DistilBertForSequenceClassification'],,,['accuracy'],text-classification,2023-09-22T17:33:39.000Z,"['transformers', 'pytorch', 'distilbert', 'text-classification', 'generated_from_trainer', 'license:apache-2.0', 'region:us']",3,y,,,46409.0
Souvikcmsa/BERT_sentiment_analysis,"['positive', 'neutral', 'negative']",625fcc53e6d97ebd233ca249,311.0,2.0,['BertForSequenceClassification'],['Souvikcmsa/autotrain-data-sentiment_analysis'],en,,text-classification,2022-04-21T17:17:04.000Z,"['transformers', 'pytorch', 'bert', 'text-classification', 'en', 'dataset:Souvikcmsa/autotrain-data-sentiment_analysis', 'autotrain', 'co2_eq_emissions', 'region:us']",3,y,finiteautomata,,39293.0
CAMeL-Lab/bert-base-arabic-camelbert-ca-sentiment,"['positive', 'neutral', 'negative']",621ffdc036468d709f174dec,61.0,2.0,['BertForSequenceClassification'],,['ar'],,text-classification,2021-10-17T11:15:12.000Z,"['transformers', 'pytorch', 'tf', 'bert', 'text-classification', 'ar', 'arxiv:2103.06678', 'license:apache-2.0', 'region:us']",3,y,,,37401.0
ka05ar/banglabert-sentiment,"['LABEL_2', 'LABEL_1', 'LABEL_0']",64ddeea2931a8e1c2c5a50dd,32.0,0.0,['ElectraForSequenceClassification'],,['bn'],"['accuracy', 'f1']",text-classification,2023-08-26T01:21:49.000Z,"['transformers', 'pytorch', 'tensorboard', 'safetensors', 'electra', 'text-classification', 'bn', 'license:mit', 'region:us']",3,y,,,37314.0
cardiffnlp/xlm-twitter-politics-sentiment,"['Positive', 'Neutral', 'Negative']",62e8710e0f3b080174703d4d,243.0,7.0,['XLMRobertaForSequenceClassification'],,,,text-classification,2023-01-10T09:42:48.000Z,"['transformers', 'pytorch', 'tf', 'xlm-roberta', 'text-classification', 'arxiv:2104.12250', 'arxiv:2202.00396', 'generated_from_keras_callback', 'region:us']",3,y,,"[{'name': 'XLM-T-Sent-Politics', 'results': []}]",30854.0
alexandrainst/da-sentiment-base,"['positive', 'neutral', 'negative']",621ffdc036468d709f175052,714.0,3.0,['BertForSequenceClassification'],,['da'],,text-classification,2023-09-20T11:56:22.000Z,"['transformers', 'pytorch', 'tf', 'safetensors', 'bert', 'text-classification', 'da', 'arxiv:1910.09700', 'license:apache-2.0', 'region:us']",3,y,Twitter and EuroParl sentiment,,27315.0
philschmid/distilbert-base-multilingual-cased-sentiment,"['positive', 'neutral', 'negative']",621ffdc136468d709f17ee55,90.0,0.0,['DistilBertForSequenceClassification'],['amazon_reviews_multi'],,"['accuracy', 'f1']",text-classification,2022-01-24T12:14:53.000Z,"['transformers', 'pytorch', 'tensorboard', 'distilbert', 'text-classification', 'dataset:amazon_reviews_multi', 'generated_from_trainer', 'license:apache-2.0', 'model-index', 'region:us']",3,y,,,25416.0
RecordedFuture/Swedish-Sentiment-Fear,"['LABEL_0', 'LABEL_1', 'LABEL_2']",621ffdc036468d709f1770fd,9545.0,0.0,['BertForSequenceClassification'],,sv,,text-classification,2021-05-18T22:00:42.000Z,"['transformers', 'pytorch', 'tf', 'jax', 'bert', 'text-classification', 'sv', 'license:mit', 'region:us']",3,y,Diversified Internet Articles,,25244.0
JP040/bert-german-sentiment-twitter,"['positive', 'negative', 'neutral']",621ffdc036468d709f175f8a,119.0,0.0,['BertForSequenceClassification'],,,,text-classification,2021-05-18T21:14:38.000Z,"['transformers', 'pytorch', 'jax', 'bert', 'text-classification', 'region:us']",3,y,,,25115.0
tkurtulus/TurkishAirlines-SentimentAnalysisModel,"['negative', 'neutral', 'positive']",63cea13e8ce02f2ec8affb9c,28.0,0.0,['ConvBertForSequenceClassification'],['tkurtulus/thycomments'],"['tr', 'en']",['accuracy'],text-classification,2023-01-30T14:51:41.000Z,"['transformers', 'pytorch', 'convbert', 'text-classification', 'tr', 'en', 'dataset:tkurtulus/thycomments', 'autotrain', 'co2_eq_emissions', 'has_space', 'region:us']",3,y,,,24761.0
zainalq7/autotrain-NLU_crypto_sentiment_analysis-754123133,"['positive', 'neutral', 'negative']",625db01f1decffbc2db9a123,7.0,2.0,['RobertaForSequenceClassification'],['zainalq7/autotrain-data-NLU_crypto_sentiment_analysis'],unk,,text-classification,2022-04-18T18:39:48.000Z,"['transformers', 'pytorch', 'roberta', 'text-classification', 'unk', 'dataset:zainalq7/autotrain-data-NLU_crypto_sentiment_analysis', 'autotrain', 'co2_eq_emissions', 'region:us']",3,y,,,24660.0
sahri/indonesiasentiment,"['positive', 'negative', 'neutral']",621ffdc136468d709f17fff2,64.0,0.0,['RobertaForSequenceClassification'],['indonlu'],id,,text-classification,2022-01-17T04:50:03.000Z,"['transformers', 'pytorch', 'tf', 'roberta', 'text-classification', 'id', 'dataset:indonlu', 'arxiv:1907.11692', 'indonesian-roberta-base-sentiment-classifier', 'license:mit', 'region:us']",3,y,,,23908.0
yangheng/deberta-v3-large-absa-v1.1,"['Positive', 'Neutral', 'Negative']",623524a53220a1b5e7e435ad,603.0,12.0,['DebertaForSequenceClassification'],"['laptop14', 'restaurant14', 'restaurant16', 'ACL-Twitter', 'MAMS', 'Television', 'TShirt', 'Yelp']",['en'],"['accuracy', 'macro-f1']",text-classification,2023-09-09T18:58:29.000Z,"['transformers', 'pytorch', 'safetensors', 'deberta-v2', 'text-classification', 'en', 'dataset:laptop14', 'dataset:restaurant14', 'dataset:restaurant16', 'dataset:ACL-Twitter', 'dataset:MAMS', 'dataset:Television', 'dataset:TShirt', 'dataset:Yelp', 'arxiv:2110.08604', 'aspect-based-sentiment-analysis', 'PyABSA', 'license:mit', 'has_space', 'region:us']",3,y,,,22935.0
Tejas3/distillbert_base_uncased_80_equal,"['POSITIVE', 'NEUTRAL', 'NEGATIVE']",621ffdc136468d709f177848,412.0,0.0,['DistilBertForSequenceClassification'],,,,text-classification,2021-07-15T08:48:42.000Z,"['transformers', 'pytorch', 'distilbert', 'text-classification', 'region:us']",3,y,,,22025.0
turing-usp/FinBertPTBR,"['NEUTRAL', 'POSITIVE', 'NEGATIVE']",621ffdc136468d709f181172,503.0,15.0,['BertForSequenceClassification'],,pt,,text-classification,2023-04-04T22:09:14.000Z,"['transformers', 'pytorch', 'bert', 'text-classification', 'pt', 'license:apache-2.0', 'has_space', 'region:us']",3,y,,,20782.0
mr4/phobert-base-vi-sentiment-analysis,"['Tích cực', 'Trung tính', 'Tiêu cực']",641412736127c9214677dc9e,32.0,1.0,['RobertaForSequenceClassification'],,['vi'],,text-classification,2023-03-20T06:55:54.000Z,"['transformers', 'pytorch', 'safetensors', 'roberta', 'text-classification', 'vi', 'Vietnamese', 'sentiment', 'analysis', 'region:us']",3,y,,,20148.0
elozano/tweet_sentiment_eval,"['Positive', 'Neutral', 'Negative']",621ffdc136468d709f17aa50,11.0,4.0,['RobertaForSequenceClassification'],['tweet_eval'],en,,text-classification,2022-02-07T17:50:59.000Z,"['transformers', 'pytorch', 'roberta', 'text-classification', 'en', 'dataset:tweet_eval', 'license:mit', 'has_space', 'region:us']",3,y,,,19178.0
cardiffnlp/bertweet-base-sentiment,"['LABEL_2', 'LABEL_1', 'LABEL_0']",621ffdc136468d709f179e24,49.0,0.0,['RobertaForSequenceClassification'],,,,text-classification,2021-05-20T14:50:57.000Z,"['transformers', 'pytorch', 'tf', 'jax', 'roberta', 'text-classification', 'region:us']",3,y,,,18857.0
hakonmh/sentiment-xdistil-uncased,"['Neutral', 'Positive', 'Negative']",646661fa9c627c78f86cf10f,6387.0,1.0,['BertForSequenceClassification'],,['en'],,text-classification,2023-06-03T17:34:12.000Z,"['transformers', 'pytorch', 'safetensors', 'bert', 'text-classification', 'en', 'arxiv:2303.15056', 'finance', 'financial-sentiment-analysis', 'sentiment-analysis', 'license:mit', 'region:us']",3,y,News headlines and Tweets,,17840.0
FinScience/FS-distilroberta-fine-tuned,"['neutral', 'positive', 'negative']",6225eca5b213da14d165fac2,6.0,2.0,['RobertaForSequenceClassification'],,['en'],,text-classification,2022-03-07T17:17:48.000Z,"['transformers', 'pytorch', 'roberta', 'text-classification', 'en', 'has_space', 'region:us']",3,y,,,17039.0
rohanrajpal/bert-base-codemixed-uncased-sentiment,"['LABEL_2', 'LABEL_0', 'LABEL_1']",621ffdc136468d709f17fe6c,11.0,0.0,['BertForSequenceClassification'],['SAIL 2017'],"['hi', 'en']",,text-classification,2021-05-20T04:32:54.000Z,"['transformers', 'pytorch', 'tf', 'jax', 'bert', 'text-classification', 'hi', 'en', 'dataset:SAIL 2017', 'codemix', 'region:us']",3,y,,,16061.0
seara/rubert-base-cased-russian-sentiment,"['positive', 'neutral', 'negative']",646212845eec3c624b005aab,163.0,2.0,['BertForSequenceClassification'],"['sismetanin/rureviews', 'RuSentiment', 'LinisCrowd2015', 'LinisCrowd2016', 'KaggleRussianNews']",['ru'],"['f1', 'roc_auc', 'precision', 'recall']",text-classification,2023-08-25T19:17:16.000Z,"['transformers', 'pytorch', 'safetensors', 'bert', 'text-classification', 'ru', 'dataset:sismetanin/rureviews', 'dataset:RuSentiment', 'dataset:LinisCrowd2015', 'dataset:LinisCrowd2016', 'dataset:KaggleRussianNews', 'sentiment-analysis', 'multi-class-classification', 'sentiment analysis', 'rubert', 'sentiment', 'russian', 'multiclass', 'classification', 'license:mit', 'region:us']",3,y,,,15398.0
cardiffnlp/xlm-roberta-base-sentiment-multilingual,"['positive', 'neutral', 'negative']",63881cfd1901766b88072261,50.0,3.0,['XLMRobertaForSequenceClassification'],['cardiffnlp/tweet_sentiment_multilingual'],,"['f1', 'accuracy']",text-classification,2022-12-01T03:24:46.000Z,"['transformers', 'pytorch', 'xlm-roberta', 'text-classification', 'dataset:cardiffnlp/tweet_sentiment_multilingual', 'model-index', 'region:us']",3,y,,,12750.0
cardiffnlp/camembert-base-tweet-sentiment-fr,"['positive', 'neutral', 'negative']",643d8939aa3c5728ed647d49,8794.0,0.0,['CamembertForSequenceClassification'],,,,text-classification,2023-04-17T18:01:53.000Z,"['transformers', 'pytorch', 'camembert', 'text-classification', 'region:us']",3,y,Tweets Dataset,,12420.0
LondonStory/txlm-roberta-hindi-sentiment,"['LABEL_2', 'LABEL_0', 'LABEL_1']",633d6b0cb8ac3a16a5194dec,13.0,0.0,['XLMRobertaForSequenceClassification'],,['hi'],,text-classification,2022-10-05T12:25:30.000Z,"['transformers', 'pytorch', 'xlm-roberta', 'text-classification', 'hi', 'txlm-roberta-hindi-sentiment', 'license:mit', 'region:us']",3,y,,,12229.0
shashanksrinath/News_Sentiment_Analysis,"['Neutral', 'Positive', 'Negative']",62e7ceb3bd1cde24e501132e,366.0,3.0,['RobertaForSequenceClassification'],,,,text-classification,2022-08-03T08:34:50.000Z,"['transformers', 'pytorch', 'tensorboard', 'roberta', 'text-classification', 'generated_from_trainer', 'region:us']",3,y,Tweets dataset,"[{'name': 'News_Sentiment_Analysis', 'results': []}]",11953.0
xaqren/sentiment_analysis,"['LABEL_2', 'LABEL_0', 'LABEL_1']",624c48521fb0c140d4eb9dfe,166.0,1.0,['DistilBertForSequenceClassification'],['Confidential'],en,,text-classification,2022-04-08T14:59:55.000Z,"['transformers', 'pytorch', 'distilbert', 'text-classification', 'en', 'dataset:Confidential', 'arxiv:1810.04805', 'exbert', 'license:apache-2.0', 'region:us']",3,y,,,11035.0
emre/turkish-sentiment-analysis,"['Positive', 'Notr', 'Negative']",62815cf37890d039a2bc72f8,867.0,4.0,['BertForSequenceClassification'],['emre/autotrain-data-turkish-sentiment-analysis'],tr,,text-classification,2023-03-18T20:31:56.000Z,"['transformers', 'pytorch', 'safetensors', 'bert', 'text-classification', 'tr', 'dataset:emre/autotrain-data-turkish-sentiment-analysis', 'autotrain', 'co2_eq_emissions', 'has_space', 'region:us']",3,y,Turkish sentiment analysis,,10889.0
RogerKam/roberta_fine_tuned_sentiment_newsmtsc,"['LABEL_2', 'LABEL_1', 'LABEL_0']",629a88ea53a72d997d430305,132.0,0.0,['RobertaForSequenceClassification'],,,['accuracy'],text-classification,2022-06-09T14:27:18.000Z,"['transformers', 'pytorch', 'tensorboard', 'roberta', 'text-classification', 'generated_from_trainer', 'license:mit', 'region:us']",3,y,,"[{'name': 'roberta_fine_tuned_sentiment_newsmtsc', 'results': []}]",10724.0
RecordedFuture/Swedish-Sentiment-Violence,"['LABEL_0', 'LABEL_2', 'LABEL_1']",621ffdc036468d709f1770ff,208.0,0.0,['BertForSequenceClassification'],,sv,,text-classification,2021-05-18T22:02:50.000Z,"['transformers', 'pytorch', 'tf', 'jax', 'bert', 'text-classification', 'sv', 'license:mit', 'region:us']",3,y,,,10509.0
deepset/bert-base-german-cased-sentiment-Germeval17,"['neutral', 'negative', 'positive']",621ffdc136468d709f17a5e3,26.0,3.0,['BertForSequenceClassification'],,,,text-classification,2023-04-02T21:12:20.000Z,"['transformers', 'pytorch', 'jax', 'safetensors', 'bert', 'text-classification', 'region:us']",3,y,,,10425.0
cardiffnlp/xlm-roberta-base-tweet-sentiment-pt,"['positive', 'neutral', 'negative']",6405acae963632f876bb1605,125.0,3.0,['XLMRobertaForSequenceClassification'],,,,text-classification,2023-03-22T23:31:30.000Z,"['transformers', 'pytorch', 'xlm-roberta', 'text-classification', 'region:us']",3,y,,,10162.0
KernAI/stock-news-distilbert,"['positive', 'neutral', 'negative']",646a27403721aab2edf39d10,62.0,10.0,['DistilBertForSequenceClassification'],,,,text-classification,2023-07-06T11:25:40.000Z,"['transformers', 'pytorch', 'distilbert', 'text-classification', 'has_space', 'region:us']",3,y,,,9205.0
Timothy1337/finetuning-sentiment-all_df,"['pos', 'neg', 'neu']",63c77df7523e3884e341b5ac,13.0,1.0,['DistilBertForSequenceClassification'],"['glue', 'wisesight_sentiment', 'tweet_eval', 'imdb']","['en', 'th']","['accuracy', 'f1']",text-classification,2023-02-06T04:31:33.000Z,"['transformers', 'pytorch', 'tensorboard', 'distilbert', 'text-classification', 'en', 'th', 'dataset:glue', 'dataset:wisesight_sentiment', 'dataset:tweet_eval', 'dataset:imdb', 'generated_from_trainer', 'license:apache-2.0', 'has_space', 'region:us']",3,y,,,9148.0
blanchefort/rubert-base-cased-sentiment-rurewiews,"['POSITIVE', 'NEUTRAL', 'NEGATIVE']",621ffdc136468d709f179b0f,116.0,3.0,['BertForSequenceClassification'],['RuReviews'],['ru'],,text-classification,2023-04-06T04:06:52.000Z,"['transformers', 'pytorch', 'tf', 'jax', 'safetensors', 'bert', 'text-classification', 'ru', 'dataset:RuReviews', 'sentiment', 'region:us']",3,y,,,8659.0
Voicelab/herbert-base-cased-sentiment,"['positive', 'neutral', 'negative']",63623e7d19cf373a5fbea020,484.0,5.0,['BertForSequenceClassification'],,['pl'],,text-classification,2023-03-20T11:40:07.000Z,"['transformers', 'pytorch', 'safetensors', 'bert', 'text-classification', 'pl', 'license:cc-by-4.0', 'region:us']",3,y,Reviews & Own data,,8504.0
svalabs/twitter-xlm-roberta-bitcoin-sentiment,"['Positive', 'Neutral', 'Negative']",62723aa260a8d21bc2ab4257,7.0,1.0,['XLMRobertaForSequenceClassification'],,,,text-classification,2022-05-12T09:28:14.000Z,"['transformers', 'pytorch', 'xlm-roberta', 'text-classification', 'region:us']",3,y,,,8062.0
CAMeL-Lab/bert-base-arabic-camelbert-msa-sentiment,"['positive', 'neutral', 'negative']",621ffdc036468d709f174e09,106.0,3.0,['BertForSequenceClassification'],,['ar'],,text-classification,2021-10-17T12:08:30.000Z,"['transformers', 'pytorch', 'tf', 'bert', 'text-classification', 'ar', 'arxiv:2103.06678', 'license:apache-2.0', 'region:us']",3,y,,,7882.0
bardsai/finance-sentiment-de-base,"['neutral', 'negative', 'positive']",650835daf3060ea840faa177,8.0,0.0,['BertForSequenceClassification'],['datasets/financial_phrasebank'],de,"['f1', 'accuracy', 'precision', 'recall']",text-classification,2023-09-18T12:42:57.000Z,"['transformers', 'pytorch', 'bert', 'text-classification', 'de', 'dataset:datasets/financial_phrasebank', 'financial-sentiment-analysis', 'sentiment-analysis', 'region:us']",3,y,,,7754.0
kinit/slovakbert-sentiment-twitter,"['1', '0', '-1']",621ffdc136468d709f17d1f9,42.0,2.0,['RobertaForSequenceClassification'],,['sk'],['f1'],text-classification,2023-05-31T09:12:44.000Z,"['transformers', 'pytorch', 'roberta', 'text-classification', 'sk', 'arxiv:2109.15254', 'twitter', 'sentiment-analysis', 'license:cc', 'region:us']",3,y,,,7710.0
hanifnoerr/Fine-tuned-Indonesian-Sentiment-Classifier,"['positive', 'neutral', 'negative']",642f6d72654a3f7660023eba,138.0,1.0,['BertForSequenceClassification'],['indonlu'],['id'],"['accuracy', 'f1']",text-classification,2023-04-15T06:40:02.000Z,"['transformers', 'pytorch', 'tensorboard', 'bert', 'text-classification', 'id', 'dataset:indonlu', 'generated_from_trainer', 'license:mit', 'model-index', 'region:us']",3,y,IndoNLU's SmSA,"[{'name': 'Fine-tuned-Indonesian-Sentiment-Classifier', 'results': [{'task': {'name': 'Text Classification', 'type': 'text-classification'}, 'dataset': {'name': 'indonlu', 'type': 'indonlu', 'config': 'smsa', 'split': 'validation', 'args': 'smsa'}, 'metrics': [{'name': 'Accuracy', 'type': 'accuracy', 'value': 0.9317460317460318, 'verified': False}, {'name': 'F1', 'type': 'f1', 'value': 0.9034223843742829, 'verified': False}]}]}]",7160.0
