,Model Name,Developed by,Funded by [optional],Shared by [optional],Model type,Language(s) (NLP),License,Finetuned from model [optional],Repository,Paper [optional],Demo [optional],Label Information,Training Data,Training Procedure,Preprocessing [optional],Training Hyperparameters,"Speeds, Sizes, Times [optional]",Testing Data,Factors,Metrics,Results,Summary,Direct Use,Downstream Use [optional],Out-of-Scope Use,"Bias, Risks, and Limitations",Recommendations,How to Get Started with the Model,Model Examination [optional],Environmental Impact,Technical Specifications [optional],Model Architecture and Objective,Compute Infrastructure,Hardware,Software,Citation [optional],Glossary [optional],More Information [optional],Model Card Authors [optional],Model Card Contact
0,ProsusAI/finbert,FIA,U,FIA,FIA,U,NIA,FIA,NIA,FIA,NIA,FIA,FIA,PIA,PIA,PIA,U,U,PIA,PIA,PIA,PIA,FIA,PIA,NIA,NIA,PIA,FIA,PIA,NIA,PIA,U,PIA,NIA,NIA,FIA,NIA,NIA,NIA,NIA
1,yiyanghkust/finbert-tone,PIA,PIA,PIA,FIA,FIA,NIA,FIA,FIA,U,NIA,FIA,FIA,PIA,PIA,PIA,NIA,PIA,PIA,PIA,PIA,PIA,U,PIA,NIA,PIA,PIA,FIA,NIA,NIA,PIA,U,NIA,NIA,NIA,FIA,NIA,NIA,NIA,NIA
2,cardiffnlp/twitter-roberta-base-sentiment-latest,PIA,PIA,PIA,FIA,FIA,NIA,FIA,FIA,FIA,FIA,FIA,PIA,PIA,NIA,PIA,NIA,PIA,PIA,PIA,PIA,PIA,U,PIA,NIA,NIA,NIA,FIA,PIA,NIA,PIA,PIA,NIA,NIA,NIA,FIA,NIA,U,NIA,NIA
3,cardiffnlp/twitter-xlm-roberta-base-sentiment,PIA,PIA,PIA,FIA,FIA,NIA,FIA,FIA,FIA,NIA,PIA,FIA,PIA,PIA,PIA,NIA,PIA,PIA,PIA,PIA,PIA,U,PIA,NIA,NIA,NIA,FIA,NIA,NIA,PIA,PIA,NIA,NIA,NIA,FIA,NIA,NIA,NIA,NIA
4,cardiffnlp/twitter-roberta-base-sentiment,PIA,PIA,PIA,FIA,FIA,NIA,FIA,FIA,FIA,FIA,FIA,FIA,NIA,NIA,NIA,NIA,NIA,NIA,NIA,NIA,NIA,NIA,NIA,NIA,NIA,NIA,FIA,NIA,NIA,NIA,NIA,NIA,NIA,NIA,NIA,NIA,NIA,NIA,NIA
5,blanchefort/rubert-base-cased-sentiment,NIA,NIA,NIA,FIA,FIA,NIA,FIA,NIA,NIA,NIA,FIA,FIA,PIA,PIA,NIA,NIA,U,NIA,PIA,PIA,NIA,U,NIA,NIA,NIA,NIA,U,NIA,NIA,NIA,NIA,NIA,NIA,NIA,FIA,NIA,NIA,NIA,NIA
6,finiteautomata/beto-sentiment-analysis,NIA,NIA,U,FIA,FIA,FIA,FIA,FIA,NIA,NIA,FIA,FIA,NIA,NIA,FIA,NIA,NIA,NIA,FIA,FIA,NIA,NIA,NIA,NIA,NIA,NIA,NIA,NIA,NIA,NIA,NIA,NIA,NIA,NIA,NIA,NIA,NIA,NIA,NIA
7,mrm8488/distilroberta-finetuned-financial-news-sentiment-analysis,NIA,NIA,NIA,FIA,NIA,FIA,FIA,NIA,NIA,NIA,PIA,FIA,NIA,NIA,NIA,NIA,FIA,NIA,FIA,FIA,NIA,FIA,PIA,NIA,NIA,NIA,FIA,NIA,NIA,NIA,NIA,NIA,NIA,NIA,FIA,NIA,NIA,NIA,NIA
8,HooshvareLab/bert-fa-base-uncased-sentiment-digikala,PIA,NIA,U,FIA,FIA,PIA,FIA,FIA,NIA,NIA,FIA,FIA,PIA,PIA,FIA,PIA,FIA,NIA,FIA,FIA,PIA,FIA,PIA,NIA,NIA,NIA,FIA,NIA,NIA,PIA,PIA,PIA,NIA,NIA,NIA,NIA,NIA,FIA,NIA
9,ahmedrachid/FinancialBERT-Sentiment-Analysis,FIA,NIA,FIA,FIA,U,NIA,FIA,NIA,FIA,NIA,FIA,NIA,NIA,NIA,NIA,NIA,NIA,NIA,NIA,NIA,NIA,NIA,NIA,NIA,NIA,NIA,NIA,NIA,NIA,NIA,NIA,NIA,NIA,NIA,NIA,NIA,NIA,NIA,NIA
10,koheiduck/bert-japanese-finetuned-sentiment,NIA,NIA,NIA,NIA,NIA,NIA,NIA,NIA,NIA,NIA,PIA,FIA,PIA,PIA,NIA,NIA,U,NIA,PIA,PIA,NIA,U,PIA,NIA,NIA,NIA,U,NIA,NIA,NIA,NIA,NIA,NIA,NIA,FIA,NIA,NIA,NIA,NIA
11,finiteautomata/bertweet-base-sentiment-analysis,NIA,NIA,U,FIA,FIA,FIA,FIA,FIA,FIA,NIA,FIA,FIA,PIA,PIA,PIA,U,PIA,NIA,FIA,FIA,PIA,FIA,NIA,NIA,NIA,PIA,FIA,NIA,NIA,PIA,PIA,PIA,NIA,NIA,FIA,NIA,NIA,NIA,U
12,oliverguhr/german-sentiment-bert,PIA,PIA,PIA,FIA,FIA,FIA,FIA,FIA,FIA,NIA,PIA,FIA,NIA,NIA,FIA,NIA,FIA,NIA,FIA,FIA,NIA,FIA,NIA,NIA,NIA,NIA,NIA,NIA,NIA,PIA,NIA,NIA,NIA,NIA,NIA,NIA,NIA,NIA,NIA
13,christian-phu/bert-finetuned-japanese-sentiment,NIA,NIA,NIA,FIA,FIA,FIA,FIA,NIA,NIA,NIA,FIA,FIA,NIA,NIA,NIA,FIA,NIA,NIA,NIA,NIA,NIA,NIA,NIA,NIA,NIA,NIA,FIA,NIA,NIA,NIA,NIA,NIA,NIA,NIA,NIA,NIA,NIA,NIA,NIA
14,blanchefort/rubert-base-cased-sentiment-rusentiment,NIA,NIA,NIA,FIA,FIA,NIA,FIA,NIA,NIA,NIA,FIA,FIA,NIA,NIA,NIA,NIA,FIA,NIA,NIA,NIA,NIA,FIA,NIA,NIA,U,NIA,FIA,NIA,NIA,NIA,NIA,NIA,NIA,NIA,FIA,NIA,NIA,NIA,NIA
15,climatebert/distilroberta-base-climate-sentiment,NIA,NIA,NIA,FIA,FIA,FIA,FIA,NIA,NIA,NIA,FIA,NIA,NIA,NIA,NIA,NIA,NIA,NIA,NIA,NIA,NIA,FIA,FIA,NIA,NIA,NIA,NIA,NIA,NIA,NIA,NIA,NIA,NIA,NIA,NIA,NIA,NIA,NIA,NIA
16,Seethal/sentiment_analysis_generic_dataset,NIA,NIA,NIA,FIA,FIA,NIA,FIA,NIA,NIA,NIA,NIA,PIA,PIA,PIA,PIA,PIA,PIA,PIA,PIA,PIA,PIA,FIA,FIA,NIA,NIA,PIA,U,NIA,NIA,PIA,PIA,PIA,NIA,NIA,NIA,NIA,NIA,NIA,NIA
17,sbcBI/sentiment_analysis_model,PIA,PIA,PIA,FIA,FIA,FIA,FIA,FIA,FIA,NIA,NIA,FIA,FIA,NIA,FIA,NIA,NIA,NIA,NIA,NIA,NIA,FIA,NIA,NIA,NIA,NIA,FIA,NIA,NIA,NIA,NIA,NIA,NIA,NIA,NIA,NIA,U,NIA,NIA
18,lxyuan/distilbert-base-multilingual-cased-sentiments-student,PIA,NIA,U,FIA,FIA,FIA,FIA,NIA,NIA,NIA,PIA,FIA,FIA,NIA,FIA,FIA,U,NIA,FIA,FIA,NIA,FIA,FIA,NIA,NIA,NIA,NIA,NIA,NIA,PIA,NIA,U,U,NIA,FIA,NIA,NIA,NIA,NIA
19,snunlp/KR-FinBert-SC,NIA,NIA,NIA,FIA,FIA,NIA,FIA,NIA,NIA,NIA,PIA,FIA,NIA,NIA,NIA,NIA,NIA,NIA,NIA,NIA,NIA,FIA,NIA,NIA,NIA,NIA,FIA,NIA,NIA,NIA,NIA,NIA,NIA,NIA,NIA,NIA,NIA,NIA,FIA
20,soleimanian/financial-roberta-large-sentiment,NIA,NIA,NIA,FIA,FIA,FIA,FIA,NIA,NIA,NIA,FIA,U,NIA,NIA,FIA,NIA,FIA,NIA,FIA,FIA,NIA,NIA,NIA,NIA,NIA,NIA,NIA,NIA,NIA,NIA,NIA,NIA,NIA,NIA,NIA,NIA,NIA,NIA,NIA
21,RogerKam/roberta_RCADE_fine_tuned_sentiment_covid_news,NIA,NIA,NIA,NIA,NIA,FIA,FIA,NIA,NIA,NIA,NIA,NIA,NIA,NIA,NIA,NIA,NIA,NIA,FIA,FIA,NIA,NIA,NIA,NIA,NIA,NIA,FIA,NIA,FIA,NIA,NIA,NIA,NIA,NIA,NIA,NIA,NIA,NIA,NIA
22,amansolanki/autonlp-Tweet-Sentiment-Extraction-20114061,NIA,NIA,NIA,NIA,U,NIA,NIA,NIA,NIA,NIA,NIA,FIA,NIA,NIA,NIA,NIA,FIA,NIA,FIA,FIA,NIA,NIA,NIA,NIA,NIA,NIA,FIA,NIA,NIA,NIA,NIA,NIA,NIA,NIA,FIA,NIA,NIA,NIA,NIA
23,cardiffnlp/twitter-xlm-roberta-base-sentiment-multilingual,PIA,NIA,NIA,FIA,NIA,NIA,FIA,NIA,NIA,NIA,PIA,FIA,NIA,NIA,NIA,NIA,NIA,NIA,FIA,FIA,NIA,FIA,NIA,NIA,U,NIA,FIA,NIA,NIA,NIA,NIA,NIA,NIA,NIA,NIA,NIA,NIA,NIA,NIA
24,RecordedFuture/Swedish-Sentiment-Fear,PIA,PIA,FIA,U,FIA,FIA,FIA,NIA,NIA,NIA,NIA,NIA,NIA,NIA,NIA,NIA,NIA,NIA,NIA,NIA,NIA,NIA,NIA,NIA,NIA,NIA,NIA,NIA,NIA,NIA,NIA,NIA,NIA,NIA,NIA,NIA,NIA,NIA,NIA
25,knkarthick/Sentiment-Analysis,NIA,NIA,NIA,NIA,NIA,NIA,NIA,NIA,NIA,NIA,PIA,FIA,NIA,NIA,NIA,NIA,FIA,NIA,FIA,FIA,NIA,NIA,NIA,NIA,NIA,NIA,NIA,NIA,NIA,NIA,NIA,NIA,NIA,NIA,NIA,NIA,NIA,NIA,NIA
26,cardiffnlp/camembert-base-tweet-sentiment-fr,PIA,NIA,NIA,FIA,FIA,NIA,FIA,NIA,NIA,NIA,PIA,U,NIA,NIA,FIA,NIA,NIA,NIA,FIA,FIA,NIA,NIA,NIA,NIA,NIA,NIA,NIA,NIA,NIA,NIA,NIA,NIA,NIA,NIA,NIA,NIA,NIA,NIA,NIA
27,samayash/finetuning-financial-news-sentiment,NIA,NIA,NIA,FIA,NIA,FIA,FIA,NIA,NIA,NIA,NIA,PIA,PIA,PIA,PIA,PIA,PIA,PIA,PIA,PIA,PIA,FIA,FIA,NIA,NIA,PIA,U,NIA,NIA,PIA,PIA,PIA,NIA,NIA,NIA,NIA,NIA,NIA,NIA
28,sbcBI/sentiment_analysis,PIA,PIA,PIA,FIA,FIA,FIA,FIA,FIA,FIA,NIA,NIA,FIA,NIA,NIA,NIA,NIA,U,NIA,PIA,PIA,PIA,FIA,NIA,NIA,NIA,NIA,FIA,PIA,NIA,PIA,U,NIA,NIA,NIA,FIA,NIA,NIA,NIA,NIA
29,yangheng/deberta-v3-base-absa-v1.1,PIA,PIA,PIA,FIA,FIA,FIA,FIA,FIA,FIA,NIA,PIA,FIA,PIA,NIA,PIA,U,FIA,NIA,FIA,FIA,PIA,FIA,NIA,NIA,NIA,NIA,FIA,NIA,NIA,PIA,NIA,NIA,NIA,NIA,NIA,NIA,NIA,NIA,NIA
30,hakonmh/sentiment-xdistil-uncased,NIA,NIA,U,FIA,FIA,FIA,FIA,FIA,FIA,NIA,FIA,FIA,PIA,FIA,PIA,NIA,U,NIA,FIA,FIA,NIA,FIA,FIA,NIA,NIA,NIA,FIA,NIA,NIA,PIA,U,PIA,NIA,NIA,FIA,NIA,FIA,U,NIA
31,avichr/heBERT_sentiment_analysis,PIA,PIA,PIA,FIA,FIA,NIA,FIA,FIA,FIA,NIA,PIA,NIA,NIA,NIA,NIA,NIA,NIA,NIA,NIA,NIA,NIA,NIA,NIA,NIA,NIA,NIA,NIA,NIA,NIA,NIA,NIA,NIA,NIA,NIA,NIA,NIA,NIA,NIA,NIA
32,hw2942/bert-base-chinese-finetuning-financial-news-sentiment-v2,NIA,NIA,NIA,NIA,NIA,NIA,NIA,NIA,NIA,NIA,PIA,FIA,NIA,NIA,FIA,NIA,NIA,NIA,FIA,FIA,NIA,NIA,NIA,NIA,NIA,NIA,NIA,NIA,NIA,NIA,NIA,NIA,NIA,NIA,NIA,NIA,NIA,NIA,NIA
33,Sigma/financial-sentiment-analysis,NIA,NIA,NIA,U,NIA,NIA,FIA,NIA,NIA,NIA,NIA,FIA,U,NIA,PIA,NIA,FIA,NIA,FIA,FIA,NIA,FIA,NIA,NIA,NIA,NIA,FIA,NIA,NIA,PIA,FIA,NIA,NIA,NIA,FIA,NIA,NIA,FIA,U
34,w11wo/indonesian-roberta-base-sentiment-classifier,FIA,NIA,FIA,FIA,FIA,FIA,FIA,NIA,FIA,NIA,PIA,FIA,PIA,PIA,NIA,NIA,PIA,NIA,FIA,FIA,PIA,U,NIA,NIA,NIA,NIA,FIA,NIA,NIA,NIA,NIA,NIA,NIA,NIA,FIA,NIA,NIA,FIA,FIA
35,j-hartmann/sentiment-roberta-large-english-3-classes,U,NIA,PIA,FIA,FIA,NIA,FIA,NIA,FIA,NIA,FIA,FIA,PIA,PIA,PIA,PIA,U,PIA,PIA,PIA,PIA,FIA,PIA,NIA,NIA,FIA,FIA,PIA,NIA,PIA,PIA,PIA,NIA,NIA,FIA,NIA,U,PIA,PIA
36,CAMeL-Lab/bert-base-arabic-camelbert-da-sentiment,PIA,PIA,PIA,FIA,FIA,FIA,FIA,FIA,FIA,NIA,PIA,FIA,NIA,NIA,NIA,NIA,FIA,NIA,FIA,FIA,NIA,NIA,NIA,NIA,NIA,NIA,NIA,NIA,NIA,NIA,NIA,NIA,NIA,NIA,NIA,NIA,NIA,NIA,NIA
37,fergusq/finbert-finnsentiment,NIA,NIA,U,FIA,FIA,FIA,FIA,NIA,NIA,NIA,PIA,NIA,NIA,NIA,NIA,NIA,NIA,NIA,NIA,NIA,NIA,NIA,NIA,NIA,NIA,NIA,NIA,NIA,NIA,NIA,NIA,NIA,NIA,NIA,NIA,NIA,NIA,NIA,NIA
38,abnersampaio/sentiment,NIA,NIA,NIA,NIA,NIA,FIA,NIA,NIA,NIA,NIA,NIA,FIA,FIA,FIA,FIA,NIA,FIA,NIA,FIA,FIA,NIA,FIA,NIA,NIA,FIA,NIA,FIA,NIA,NIA,PIA,U,FIA,FIA,NIA,NIA,NIA,U,NIA,U
39,neuraly/bert-base-italian-cased-sentiment,PIA,NIA,U,FIA,FIA,FIA,FIA,NIA,NIA,NIA,PIA,FIA,NIA,NIA,NIA,NIA,NIA,NIA,FIA,FIA,NIA,NIA,NIA,NIA,NIA,NIA,FIA,NIA,NIA,NIA,NIA,NIA,NIA,NIA,NIA,NIA,NIA,NIA,NIA
40,citizenlab/twitter-xlm-roberta-base-sentiment-finetunned,NIA,NIA,NIA,FIA,U,NIA,FIA,NIA,NIA,NIA,PIA,FIA,NIA,NIA,NIA,NIA,NIA,NIA,NIA,NIA,NIA,FIA,NIA,FIA,FIA,FIA,FIA,NIA,U,NIA,NIA,NIA,NIA,NIA,NIA,NIA,NIA,FIA,NIA
41,MonoHime/rubert-base-cased-sentiment-new,FIA,NIA,FIA,FIA,FIA,NIA,FIA,FIA,NIA,NIA,FIA,NIA,NIA,NIA,NIA,NIA,NIA,NIA,NIA,NIA,NIA,NIA,NIA,NIA,NIA,NIA,FIA,NIA,NIA,NIA,NIA,NIA,NIA,NIA,NIA,NIA,NIA,NIA,NIA
42,mdhugol/indonesia-bert-sentiment-classification,NIA,NIA,NIA,FIA,FIA,NIA,FIA,NIA,NIA,NIA,NIA,NIA,NIA,NIA,NIA,NIA,NIA,NIA,NIA,NIA,NIA,NIA,NIA,NIA,NIA,NIA,NIA,NIA,NIA,NIA,NIA,NIA,NIA,NIA,NIA,NIA,NIA,NIA,NIA
43,Kyle1668/boss-sentiment-bert-base-uncased,NIA,NIA,NIA,NIA,NIA,NIA,NIA,NIA,NIA,NIA,NIA,NIA,NIA,NIA,FIA,NIA,NIA,NIA,NIA,NIA,NIA,NIA,NIA,NIA,NIA,NIA,NIA,NIA,NIA,NIA,NIA,NIA,NIA,NIA,NIA,NIA,NIA,NIA,NIA
44,mwz/RomanUrduClassification,NIA,NIA,NIA,NIA,NIA,FIA,FIA,NIA,NIA,NIA,NIA,FIA,NIA,NIA,FIA,NIA,NIA,NIA,FIA,FIA,NIA,NIA,NIA,NIA,NIA,NIA,NIA,NIA,NIA,NIA,NIA,NIA,NIA,NIA,NIA,NIA,NIA,NIA,NIA
45,philschmid/distilbert-base-multilingual-cased-sentiment-2,NIA,NIA,NIA,FIA,FIA,FIA,FIA,NIA,NIA,NIA,PIA,NIA,NIA,NIA,NIA,NIA,NIA,NIA,NIA,NIA,NIA,FIA,FIA,NIA,NIA,NIA,FIA,U,NIA,NIA,NIA,NIA,NIA,NIA,NIA,NIA,NIA,FIA,FIA
46,lucas-leme/FinBERT-PT-BR,FIA,PIA,PIA,FIA,FIA,FIA,FIA,NIA,FIA,NIA,FIA,NIA,NIA,NIA,NIA,NIA,NIA,NIA,NIA,NIA,NIA,NIA,NIA,NIA,NIA,NIA,NIA,NIA,NIA,NIA,NIA,NIA,NIA,NIA,NIA,NIA,NIA,NIA,NIA
47,peerapongch/baikal-sentiment-ball,NIA,NIA,NIA,NIA,NIA,NIA,NIA,NIA,NIA,NIA,NIA,NIA,NIA,NIA,NIA,NIA,NIA,NIA,FIA,NIA,NIA,NIA,NIA,NIA,NIA,NIA,FIA,NIA,FIA,NIA,NIA,NIA,NIA,NIA,NIA,NIA,NIA,NIA,NIA
48,abhishek/autonlp-swahili-sentiment-615517563,NIA,NIA,NIA,NIA,U,NIA,NIA,NIA,NIA,NIA,NIA,FIA,PIA,PIA,PIA,NIA,NIA,NIA,FIA,FIA,NIA,FIA,NIA,NIA,NIA,NIA,FIA,NIA,NIA,NIA,NIA,NIA,NIA,NIA,NIA,NIA,NIA,NIA,NIA
49,cointegrated/rubert-tiny-sentiment-balanced,NIA,NIA,NIA,FIA,FIA,NIA,FIA,NIA,NIA,NIA,FIA,FIA,NIA,NIA,NIA,NIA,NIA,NIA,FIA,FIA,NIA,NIA,NIA,NIA,NIA,NIA,FIA,NIA,NIA,NIA,NIA,NIA,NIA,NIA,NIA,NIA,NIA,NIA,NIA
50,Jean-Baptiste/roberta-large-financial-news-sentiment-en,NIA,NIA,NIA,FIA,FIA,FIA,FIA,NIA,NIA,NIA,FIA,FIA,NIA,NIA,FIA,NIA,FIA,NIA,FIA,FIA,NIA,FIA,NIA,NIA,NIA,NIA,FIA,NIA,NIA,NIA,NIA,NIA,NIA,NIA,NIA,NIA,NIA,NIA,NIA
51,seara/rubert-tiny2-russian-sentiment,NIA,NIA,NIA,FIA,FIA,U,FIA,FIA,NIA,NIA,FIA,FIA,NIA,NIA,NIA,NIA,U,NIA,NIA,NIA,NIA,FIA,NIA,NIA,NIA,NIA,FIA,NIA,NIA,NIA,NIA,NIA,NIA,NIA,NIA,NIA,NIA,NIA,NIA
52,mdraw/german-news-sentiment-bert,NIA,NIA,U,FIA,FIA,NIA,FIA,FIA,NIA,NIA,FIA,FIA,NIA,NIA,NIA,NIA,NIA,NIA,NIA,NIA,NIA,NIA,NIA,NIA,NIA,NIA,NIA,NIA,NIA,NIA,NIA,NIA,NIA,NIA,NIA,NIA,NIA,NIA,NIA
53,BVK97/Discord-NFT-Sentiment,NIA,NIA,NIA,FIA,FIA,NIA,FIA,FIA,NIA,NIA,FIA,NIA,NIA,NIA,NIA,NIA,NIA,NIA,FIA,FIA,NIA,NIA,NIA,NIA,NIA,NIA,FIA,NIA,FIA,NIA,NIA,NIA,NIA,NIA,NIA,NIA,NIA,NIA,NIA
54,emre/turkish-sentiment-analysis,NIA,NIA,NIA,NIA,U,NIA,NIA,NIA,NIA,NIA,NIA,FIA,NIA,NIA,PIA,U,NIA,NIA,FIA,NIA,NIA,FIA,NIA,FIA,FIA,FIA,FIA,NIA,U,NIA,NIA,NIA,NIA,NIA,NIA,NIA,NIA,FIA,NIA
55,alexandrainst/da-sentiment-base,FIA,NIA,FIA,FIA,FIA,FIA,FIA,FIA,U,NIA,FIA,NIA,U,FIA,FIA,NIA,NIA,NIA,FIA,FIA,NIA,FIA,NIA,NIA,NIA,NIA,FIA,NIA,NIA,NIA,NIA,NIA,NIA,NIA,NIA,NIA,NIA,NIA,NIA
56,eevvgg/StanceBERTa,FIA,NIA,NIA,FIA,FIA,NIA,FIA,NIA,NIA,NIA,FIA,FIA,NIA,NIA,FIA,NIA,NIA,NIA,FIA,FIA,NIA,NIA,NIA,NIA,NIA,NIA,FIA,NIA,NIA,NIA,NIA,NIA,NIA,NIA,NIA,NIA,NIA,NIA,NIA
57,ayameRushia/roberta-base-indonesian-1.5G-sentiment-analysis-smsa,NIA,NIA,NIA,FIA,FIA,NIA,FIA,NIA,NIA,NIA,PIA,FIA,NIA,NIA,NIA,NIA,NIA,NIA,NIA,NIA,NIA,NIA,NIA,NIA,NIA,NIA,FIA,NIA,NIA,NIA,NIA,NIA,NIA,NIA,NIA,NIA,NIA,NIA,NIA
58,Ammar-alhaj-ali/arabic-MARBERT-sentiment,NIA,NIA,NIA,FIA,FIA,NIA,FIA,NIA,NIA,NIA,FIA,FIA,FIA,PIA,PIA,U,PIA,NIA,PIA,PIA,PIA,FIA,PIA,NIA,PIA,PIA,FIA,PIA,NIA,PIA,PIA,PIA,NIA,NIA,FIA,NIA,NIA,NIA,NIA
59,yangheng/deberta-v3-large-absa-v1.1,PIA,PIA,PIA,FIA,FIA,FIA,FIA,FIA,FIA,NIA,PIA,U,NIA,NIA,FIA,NIA,NIA,NIA,FIA,FIA,NIA,NIA,NIA,NIA,NIA,NIA,NIA,NIA,NIA,NIA,NIA,NIA,NIA,NIA,NIA,NIA,NIA,NIA,NIA
60,IAyoub/finetuning-bert-sentiment-reviews-2,NIA,NIA,NIA,FIA,FIA,FIA,FIA,NIA,NIA,NIA,NIA,FIA,NIA,NIA,FIA,NIA,NIA,NIA,FIA,FIA,NIA,NIA,NIA,NIA,NIA,NIA,NIA,NIA,NIA,NIA,NIA,NIA,NIA,NIA,NIA,NIA,NIA,NIA,NIA
61,ayameRushia/bert-base-indonesian-1.5G-sentiment-analysis-smsa,NIA,NIA,NIA,FIA,FIA,FIA,FIA,NIA,NIA,NIA,PIA,NIA,NIA,NIA,NIA,NIA,NIA,NIA,NIA,NIA,NIA,FIA,NIA,NIA,NIA,NIA,FIA,NIA,NIA,NIA,NIA,NIA,NIA,NIA,NIA,NIA,NIA,FIA,NIA
62,turing-usp/FinBertPTBR,FIA,NIA,FIA,FIA,FIA,FIA,FIA,NIA,NIA,NIA,PIA,PIA,NIA,PIA,NIA,NIA,NIA,NIA,PIA,PIA,PIA,FIA,NIA,NIA,NIA,NIA,FIA,PIA,NIA,NIA,PIA,NIA,NIA,NIA,NIA,NIA,NIA,NIA,NIA
63,Voicelab/herbert-base-cased-sentiment,U,U,FIA,NIA,FIA,FIA,FIA,NIA,NIA,NIA,PIA,NIA,NIA,NIA,NIA,NIA,NIA,NIA,NIA,NIA,NIA,NIA,NIA,NIA,NIA,NIA,NIA,NIA,NIA,NIA,NIA,NIA,NIA,NIA,NIA,NIA,NIA,NIA,NIA
64,Tejas3/distillbert_base_uncased_80_equal,NIA,NIA,NIA,NIA,NIA,NIA,NIA,NIA,NIA,NIA,PIA,FIA,NIA,PIA,NIA,NIA,PIA,PIA,PIA,PIA,PIA,U,U,NIA,NIA,PIA,U,NIA,NIA,NIA,NIA,NIA,NIA,NIA,FIA,NIA,FIA,NIA,NIA
65,l3cube-pune/marathi-sentiment-md,PIA,PIA,PIA,FIA,FIA,FIA,FIA,FIA,FIA,NIA,PIA,NIA,NIA,NIA,FIA,NIA,NIA,NIA,NIA,NIA,NIA,NIA,NIA,NIA,NIA,NIA,NIA,NIA,NIA,NIA,NIA,NIA,NIA,NIA,NIA,NIA,NIA,NIA,NIA
66,shashanksrinath/News_Sentiment_Analysis,NIA,NIA,NIA,NIA,NIA,NIA,FIA,NIA,NIA,NIA,PIA,FIA,PIA,PIA,PIA,PIA,PIA,PIA,PIA,PIA,PIA,FIA,PIA,NIA,NIA,FIA,FIA,PIA,NIA,PIA,PIA,PIA,NIA,NIA,FIA,NIA,U,PIA,PIA
67,CAMeL-Lab/bert-base-arabic-camelbert-mix-sentiment,PIA,PIA,PIA,FIA,FIA,FIA,FIA,FIA,FIA,NIA,PIA,U,U,NIA,FIA,NIA,NIA,NIA,FIA,FIA,NIA,NIA,NIA,NIA,FIA,NIA,FIA,NIA,NIA,NIA,NIA,NIA,NIA,NIA,NIA,NIA,NIA,NIA,NIA
68,Jorgeutd/bert-base-uncased-finetuned-surveyclassification,NIA,NIA,NIA,FIA,FIA,FIA,FIA,NIA,NIA,NIA,PIA,FIA,NIA,NIA,NIA,NIA,FIA,NIA,FIA,FIA,NIA,NIA,NIA,NIA,NIA,NIA,FIA,NIA,NIA,NIA,NIA,NIA,NIA,NIA,FIA,NIA,NIA,NIA,NIA
69,cardiffnlp/twitter-roberta-base-dec2021-sentiment,PIA,PIA,U,FIA,NIA,NIA,FIA,NIA,NIA,NIA,PIA,U,NIA,NIA,NIA,NIA,NIA,NIA,NIA,NIA,NIA,FIA,NIA,NIA,NIA,NIA,FIA,NIA,NIA,NIA,NIA,NIA,NIA,NIA,NIA,NIA,NIA,NIA,NIA
70,larskjeldgaard/senda,U,U,U,NIA,FIA,FIA,NIA,NIA,NIA,NIA,FIA,NIA,NIA,NIA,NIA,NIA,NIA,NIA,FIA,FIA,NIA,FIA,NIA,NIA,NIA,NIA,FIA,NIA,NIA,NIA,NIA,NIA,NIA,NIA,NIA,NIA,NIA,NIA,NIA
71,Souvikcmsa/BERT_sentiment_analysis,NIA,NIA,NIA,NIA,FIA,NIA,NIA,NIA,NIA,NIA,NIA,PIA,PIA,NIA,PIA,NIA,PIA,PIA,PIA,PIA,PIA,PIA,PIA,NIA,PIA,PIA,FIA,PIA,NIA,PIA,PIA,NIA,NIA,NIA,NIA,NIA,U,NIA,NIA
72,cardiffnlp/xlm-twitter-politics-sentiment,PIA,PIA,PIA,FIA,FIA,NIA,FIA,FIA,FIA,NIA,PIA,FIA,NIA,NIA,NIA,NIA,FIA,NIA,FIA,FIA,NIA,NIA,NIA,NIA,NIA,NIA,FIA,NIA,NIA,NIA,NIA,NIA,NIA,NIA,FIA,NIA,NIA,NIA,NIA
73,rohanrajpal/bert-base-multilingual-codemixed-cased-sentiment,NIA,NIA,NIA,FIA,FIA,FIA,FIA,NIA,NIA,NIA,FIA,PIA,NIA,NIA,FIA,NIA,NIA,NIA,FIA,FIA,NIA,NIA,NIA,NIA,NIA,NIA,NIA,NIA,NIA,NIA,NIA,NIA,NIA,NIA,NIA,NIA,NIA,NIA,NIA
74,hilmansw/indobert-finetuned-sentiment-happiness-index,NIA,NIA,NIA,FIA,FIA,FIA,FIA,NIA,NIA,NIA,PIA,FIA,U,NIA,FIA,NIA,NIA,NIA,FIA,FIA,NIA,FIA,NIA,NIA,NIA,NIA,FIA,NIA,FIA,NIA,NIA,NIA,NIA,NIA,NIA,NIA,NIA,NIA,NIA
75,FinanceInc/auditor_sentiment_finetuned,NIA,NIA,NIA,FIA,U,NIA,FIA,NIA,NIA,NIA,PIA,NIA,NIA,NIA,NIA,NIA,NIA,NIA,NIA,NIA,NIA,NIA,NIA,NIA,NIA,NIA,NIA,NIA,NIA,NIA,NIA,NIA,NIA,NIA,NIA,NIA,NIA,NIA,NIA
76,pysentimiento/roberta-targeted-sentiment-analysis,NIA,NIA,NIA,NIA,NIA,NIA,NIA,NIA,NIA,NIA,FIA,U,NIA,NIA,NIA,NIA,NIA,NIA,FIA,FIA,NIA,FIA,NIA,NIA,FIA,NIA,FIA,NIA,NIA,NIA,NIA,NIA,NIA,NIA,NIA,NIA,NIA,NIA,NIA
77,RecordedFuture/Swedish-Sentiment-Violence,U,PIA,FIA,FIA,FIA,FIA,FIA,NIA,NIA,NIA,NIA,U,NIA,NIA,FIA,NIA,NIA,NIA,FIA,FIA,NIA,NIA,NIA,NIA,NIA,NIA,NIA,NIA,NIA,NIA,NIA,NIA,NIA,NIA,NIA,NIA,NIA,NIA,NIA
78,poerwiyanto/bert-base-indonesian-522M-finetuned-sentiment,NIA,NIA,NIA,FIA,FIA,FIA,FIA,NIA,NIA,NIA,NIA,NIA,NIA,NIA,NIA,NIA,NIA,NIA,NIA,NIA,NIA,FIA,FIA,NIA,NIA,NIA,FIA,NIA,NIA,PIA,FIA,NIA,NIA,NIA,NIA,NIA,NIA,NIA,NIA
79,MarieAngeA13/Sentiment-Analysis-BERT,NIA,NIA,NIA,FIA,NIA,FIA,NIA,NIA,NIA,NIA,FIA,U,NIA,NIA,NIA,NIA,NIA,NIA,NIA,NIA,NIA,NIA,NIA,NIA,NIA,NIA,NIA,NIA,NIA,NIA,NIA,NIA,NIA,NIA,NIA,NIA,NIA,NIA,NIA
80,poom-sci/WangchanBERTa-finetuned-sentiment,NIA,NIA,NIA,NIA,PIA,FIA,NIA,NIA,NIA,NIA,PIA,PIA,PIA,PIA,NIA,NIA,NIA,NIA,NIA,NIA,NIA,FIA,FIA,NIA,NIA,NIA,U,NIA,NIA,PIA,PIA,NIA,NIA,NIA,NIA,NIA,NIA,NIA,NIA
81,xaqren/sentiment_analysis,PIA,NIA,U,FIA,FIA,FIA,FIA,NIA,NIA,NIA,NIA,FIA,FIA,U,PIA,U,PIA,NIA,FIA,FIA,PIA,FIA,PIA,NIA,FIA,NIA,FIA,PIA,NIA,PIA,PIA,U,PIA,NIA,FIA,NIA,NIA,NIA,NIA
82,Davlan/naija-twitter-sentiment-afriberta-large,PIA,PIA,PIA,FIA,FIA,NIA,FIA,NIA,FIA,NIA,FIA,FIA,NIA,NIA,NIA,NIA,NIA,NIA,FIA,FIA,NIA,FIA,NIA,NIA,NIA,NIA,FIA,NIA,NIA,PIA,NIA,NIA,U,NIA,NIA,NIA,NIA,FIA,FIA
83,bardsai/finance-sentiment-zh-base,FIA,PIA,FIA,FIA,FIA,NIA,FIA,NIA,NIA,NIA,FIA,FIA,NIA,NIA,FIA,NIA,FIA,NIA,FIA,FIA,NIA,FIA,NIA,NIA,NIA,NIA,FIA,NIA,NIA,NIA,NIA,NIA,NIA,NIA,NIA,NIA,NIA,NIA,NIA
84,seara/rubert-base-cased-russian-sentiment,NIA,NIA,NIA,FIA,FIA,U,FIA,FIA,NIA,NIA,FIA,FIA,NIA,NIA,NIA,NIA,NIA,NIA,NIA,NIA,NIA,NIA,NIA,NIA,NIA,NIA,FIA,NIA,NIA,NIA,NIA,NIA,NIA,NIA,NIA,NIA,NIA,NIA,NIA
85,blanchefort/rubert-base-cased-sentiment-med,NIA,NIA,NIA,FIA,FIA,NIA,FIA,NIA,NIA,NIA,FIA,FIA,NIA,NIA,NIA,NIA,FIA,NIA,FIA,FIA,NIA,NIA,NIA,NIA,NIA,NIA,FIA,NIA,NIA,NIA,NIA,NIA,NIA,NIA,NIA,NIA,NIA,NIA,NIA
86,hanifnoerr/Fine-tuned-Indonesian-Sentiment-Classifier,NIA,NIA,NIA,FIA,U,FIA,FIA,NIA,NIA,NIA,PIA,FIA,NIA,NIA,NIA,NIA,NIA,NIA,NIA,NIA,NIA,NIA,NIA,NIA,NIA,NIA,FIA,NIA,NIA,NIA,NIA,NIA,NIA,NIA,NIA,NIA,NIA,NIA,NIA
87,RashidNLP/Finance-Sentiment-Classification,NIA,NIA,NIA,FIA,U,FIA,FIA,NIA,NIA,NIA,PIA,FIA,NIA,NIA,FIA,NIA,FIA,NIA,FIA,FIA,NIA,NIA,NIA,NIA,NIA,NIA,NIA,NIA,NIA,NIA,NIA,NIA,NIA,NIA,NIA,NIA,NIA,NIA,NIA
88,RogerKam/roberta_fine_tuned_sentiment_newsmtsc,NIA,NIA,NIA,FIA,NIA,FIA,FIA,NIA,NIA,NIA,NIA,NIA,NIA,NIA,NIA,NIA,NIA,NIA,NIA,NIA,NIA,NIA,NIA,NIA,NIA,NIA,NIA,NIA,NIA,NIA,NIA,NIA,NIA,NIA,NIA,NIA,NIA,NIA,NIA
89,abnersampaio/sentimentv2,NIA,NIA,NIA,NIA,NIA,FIA,NIA,NIA,NIA,NIA,NIA,FIA,NIA,NIA,NIA,NIA,FIA,NIA,FIA,FIA,NIA,NIA,NIA,NIA,NIA,NIA,NIA,NIA,NIA,NIA,NIA,NIA,NIA,NIA,NIA,NIA,NIA,NIA,NIA
90,cardiffnlp/xlm-roberta-base-tweet-sentiment-pt,PIA,PIA,U,FIA,FIA,NIA,FIA,NIA,NIA,NIA,PIA,FIA,NIA,NIA,NIA,NIA,NIA,NIA,NIA,NIA,NIA,FIA,NIA,NIA,NIA,NIA,FIA,NIA,NIA,NIA,NIA,NIA,NIA,NIA,NIA,NIA,NIA,NIA,NIA
91,aari1995/German_Sentiment,FIA,NIA,FIA,FIA,FIA,NIA,FIA,NIA,NIA,NIA,PIA,NIA,NIA,NIA,FIA,NIA,NIA,NIA,FIA,FIA,NIA,NIA,NIA,NIA,NIA,NIA,NIA,NIA,NIA,NIA,NIA,NIA,NIA,NIA,NIA,NIA,NIA,NIA,NIA
92,ncduy/phobert-large-finetuned-vietnamese_students_feedback,NIA,NIA,NIA,NIA,FIA,NIA,FIA,NIA,NIA,NIA,PIA,PIA,PIA,PIA,NIA,NIA,PIA,NIA,PIA,PIA,PIA,PIA,NIA,NIA,NIA,NIA,FIA,NIA,NIA,NIA,NIA,NIA,NIA,NIA,NIA,NIA,NIA,NIA,NIA
93,ZiweiChen/FinBERT-FOMC,NIA,NIA,NIA,FIA,U,NIA,FIA,FIA,NIA,NIA,FIA,NIA,NIA,NIA,NIA,NIA,NIA,NIA,NIA,NIA,NIA,NIA,NIA,NIA,NIA,NIA,NIA,NIA,NIA,NIA,NIA,NIA,NIA,NIA,NIA,NIA,NIA,NIA,NIA
94,JP040/bert-german-sentiment-twitter,NIA,NIA,NIA,NIA,NIA,NIA,NIA,NIA,NIA,NIA,PIA,PIA,PIA,PIA,PIA,U,PIA,PIA,PIA,PIA,PIA,FIA,NIA,NIA,PIA,PIA,FIA,PIA,NIA,PIA,PIA,PIA,NIA,NIA,FIA,NIA,NIA,PIA,FIA
95,alger-ia/dziribert_sentiment,PIA,PIA,PIA,FIA,FIA,NIA,FIA,FIA,FIA,NIA,PIA,FIA,NIA,NIA,NIA,FIA,NIA,NIA,NIA,NIA,NIA,NIA,NIA,NIA,NIA,NIA,FIA,NIA,NIA,NIA,NIA,NIA,NIA,NIA,NIA,NIA,NIA,NIA,NIA
96,blanchefort/rubert-base-cased-sentiment-rurewiews,NIA,NIA,NIA,FIA,FIA,NIA,FIA,NIA,NIA,NIA,FIA,FIA,NIA,NIA,FIA,NIA,FIA,NIA,NIA,FIA,NIA,U,NIA,NIA,NIA,NIA,FIA,NIA,NIA,NIA,NIA,NIA,NIA,NIA,NIA,NIA,NIA,NIA,NIA
97,z-dickson/multilingual_sentiment_newspaper_headlines,NIA,NIA,NIA,FIA,FIA,FIA,FIA,NIA,NIA,NIA,PIA,NIA,NIA,NIA,NIA,NIA,NIA,NIA,NIA,NIA,NIA,NIA,NIA,NIA,NIA,NIA,NIA,NIA,NIA,NIA,NIA,NIA,NIA,NIA,NIA,NIA,NIA,NIA,NIA
98,rasmodev/Covid-19_Sentiment_Analysis_RoBERTa_Model,NIA,NIA,NIA,NIA,NIA,FIA,NIA,NIA,NIA,NIA,NIA,FIA,PIA,PIA,PIA,PIA,PIA,PIA,PIA,PIA,PIA,FIA,PIA,NIA,NIA,FIA,FIA,PIA,NIA,PIA,PIA,PIA,NIA,NIA,FIA,NIA,U,PIA,PIA
99,CAMeL-Lab/bert-base-arabic-camelbert-msa-sentiment,PIA,PIA,PIA,FIA,FIA,FIA,FIA,FIA,FIA,NIA,PIA,FIA,PIA,PIA,PIA,NIA,PIA,PIA,PIA,PIA,PIA,FIA,PIA,NIA,PIA,PIA,NIA,PIA,NIA,PIA,U,PIA,NIA,NIA,NIA,NIA,NIA,FIA,FIA
100,oferweintraub/bert-base-finance-sentiment-noisy-search,U,NIA,NIA,FIA,U,NIA,FIA,NIA,FIA,NIA,FIA,FIA,FIA,NIA,FIA,NIA,NIA,NIA,NIA,NIA,NIA,U,NIA,NIA,NIA,NIA,NIA,NIA,NIA,NIA,NIA,NIA,NIA,NIA,NIA,NIA,NIA,NIA,NIA
101,nimaafshar/parsbert-fa-sentiment-twitter,NIA,NIA,NIA,U,FIA,NIA,NIA,NIA,NIA,NIA,FIA,U,NIA,NIA,NIA,NIA,NIA,NIA,NIA,NIA,NIA,FIA,NIA,NIA,NIA,NIA,U,NIA,NIA,U,NIA,NIA,U,U,NIA,NIA,NIA,NIA,NIA
102,KBLab/robust-swedish-sentiment-multiclass,NIA,U,NIA,FIA,U,NIA,FIA,NIA,FIA,NIA,NIA,U,U,NIA,NIA,NIA,NIA,NIA,NIA,NIA,NIA,NIA,NIA,NIA,NIA,NIA,U,NIA,NIA,NIA,NIA,NIA,NIA,NIA,FIA,NIA,NIA,NIA,NIA
103,mstafam/fine-tuned-bert-financial-sentiment-analysis,NIA,NIA,NIA,FIA,U,NIA,FIA,NIA,NIA,NIA,NIA,FIA,U,NIA,FIA,NIA,NIA,NIA,NIA,NIA,NIA,NIA,NIA,NIA,NIA,NIA,FIA,NIA,NIA,NIA,NIA,NIA,NIA,NIA,NIA,NIA,NIA,NIA,NIA
104,traptrip/rosatom_survey_sentiment_classifier,NIA,NIA,NIA,NIA,NIA,NIA,NIA,NIA,NIA,NIA,NIA,NIA,NIA,NIA,NIA,NIA,NIA,NIA,NIA,NIA,NIA,NIA,NIA,NIA,NIA,NIA,NIA,NIA,NIA,NIA,NIA,NIA,NIA,NIA,NIA,NIA,NIA,NIA,NIA
105,philschmid/distilbert-base-multilingual-cased-sentiment,NIA,NIA,NIA,U,NIA,NIA,FIA,NIA,NIA,NIA,NIA,U,NIA,NIA,FIA,NIA,U,U,U,U,NIA,NIA,NIA,NIA,NIA,NIA,NIA,NIA,NIA,NIA,NIA,NIA,NIA,NIA,NIA,NIA,NIA,NIA,NIA
106,IsaacSarps/sentiment_analysis,NIA,NIA,NIA,U,U,NIA,U,NIA,NIA,NIA,NIA,NIA,NIA,NIA,FIA,NIA,NIA,NIA,NIA,NIA,NIA,NIA,NIA,NIA,NIA,NIA,NIA,NIA,NIA,NIA,NIA,NIA,NIA,NIA,NIA,NIA,NIA,NIA,NIA
107,Venkatesh4342/distilbert-helpdesk-sentiment,NIA,NIA,NIA,U,NIA,NIA,U,NIA,NIA,NIA,PIA,NIA,NIA,NIA,FIA,NIA,NIA,NIA,NIA,U,NIA,NIA,NIA,NIA,NIA,NIA,NIA,NIA,NIA,NIA,NIA,NIA,NIA,NIA,NIA,NIA,NIA,NIA,NIA
108,m3hrdadfi/albert-fa-base-v2-sentiment-multi,NIA,NIA,NIA,FIA,FIA,NIA,FIA,FIA,NIA,NIA,FIA,U,U,NIA,NIA,NIA,U,U,U,U,NIA,U,NIA,NIA,NIA,NIA,FIA,NIA,NIA,NIA,NIA,NIA,NIA,NIA,FIA,NIA,NIA,NIA,NIA
109,hw2942/bert-base-chinese-finetuning-financial-news-sentiment,NIA,NIA,NIA,U,U,NIA,NIA,NIA,NIA,NIA,NIA,NIA,NIA,NIA,NIA,NIA,NIA,NIA,NIA,NIA,NIA,NIA,NIA,NIA,NIA,NIA,NIA,NIA,NIA,NIA,NIA,NIA,NIA,NIA,NIA,NIA,NIA,NIA,NIA
110,bardsai/finance-sentiment-zh-fast,NIA,NIA,NIA,U,FIA,NIA,FIA,NIA,NIA,NIA,FIA,U,U,NIA,U,NIA,NIA,NIA,U,U,NIA,NIA,NIA,NIA,NIA,NIA,U,NIA,NIA,NIA,NIA,NIA,NIA,NIA,NIA,NIA,NIA,NIA,U
111,EMBEDDIA/rubert-tweetsentiment,NIA,NIA,NIA,NIA,NIA,NIA,NIA,NIA,NIA,NIA,NIA,NIA,NIA,NIA,NIA,NIA,NIA,NIA,NIA,NIA,NIA,NIA,NIA,NIA,NIA,NIA,NIA,NIA,NIA,NIA,NIA,NIA,NIA,NIA,NIA,NIA,NIA,NIA,NIA
112,ramnika003/autotrain-sentiment_analysis_project-705021428,NIA,NIA,NIA,U,U,NIA,U,U,NIA,NIA,NIA,U,U,NIA,NIA,NIA,U,NIA,U,U,NIA,NIA,NIA,NIA,NIA,NIA,U,NIA,U,NIA,NIA,NIA,NIA,NIA,NIA,NIA,NIA,NIA,NIA
113,pysentimiento/roberta-es-sentiment,NIA,NIA,NIA,NIA,NIA,NIA,NIA,NIA,NIA,NIA,NIA,NIA,NIA,NIA,NIA,NIA,NIA,NIA,NIA,NIA,NIA,NIA,NIA,NIA,NIA,NIA,NIA,NIA,NIA,NIA,NIA,NIA,NIA,NIA,NIA,NIA,NIA,NIA,NIA
114,Softechlb/Sent_analysis_CVs,NIA,NIA,NIA,U,U,NIA,U,NIA,NIA,NIA,NIA,U,U,NIA,NIA,NIA,NIA,NIA,NIA,NIA,NIA,NIA,NIA,NIA,NIA,NIA,NIA,NIA,NIA,NIA,NIA,NIA,NIA,NIA,NIA,NIA,NIA,NIA,NIA
115,mdeniz1/turkish-sentiment-analysis-bert-base-turkish-uncased,NIA,U,NIA,U,U,NIA,FIA,NIA,NIA,NIA,NIA,NIA,U,NIA,FIA,NIA,NIA,NIA,NIA,U,NIA,NIA,NIA,NIA,NIA,NIA,NIA,NIA,NIA,NIA,NIA,NIA,NIA,NIA,NIA,NIA,NIA,NIA,NIA
116,ganeshkharad/gk-hinglish-sentiment,NIA,NIA,NIA,U,FIA,NIA,U,U,NIA,NIA,FIA,U,U,NIA,NIA,NIA,U,NIA,NIA,NIA,NIA,U,NIA,NIA,NIA,NIA,FIA,NIA,NIA,NIA,NIA,NIA,NIA,NIA,FIA,NIA,NIA,NIA,NIA
117,akahana/indonesia-sentiment-roberta,NIA,NIA,NIA,U,U,NIA,NIA,NIA,NIA,NIA,NIA,NIA,NIA,NIA,NIA,NIA,NIA,NIA,NIA,NIA,NIA,NIA,NIA,NIA,NIA,NIA,FIA,NIA,NIA,NIA,NIA,NIA,NIA,NIA,NIA,NIA,NIA,NIA,NIA
118,sahri/indonesiasentiment,FIA,NIA,NIA,FIA,FIA,NIA,FIA,NIA,NIA,NIA,PIA,FIA,U,NIA,NIA,NIA,U,NIA,U,U,NIA,U,NIA,NIA,U,NIA,FIA,NIA,NIA,NIA,NIA,NIA,NIA,NIA,NIA,NIA,NIA,NIA,NIA
119,Venkatesh4342/xlm-roberta-helpdesk-sentiment,NIA,NIA,NIA,FIA,NIA,NIA,FIA,NIA,NIA,NIA,NIA,NIA,NIA,NIA,FIA,NIA,U,U,U,U,NIA,NIA,NIA,NIA,NIA,NIA,NIA,NIA,NIA,NIA,NIA,NIA,NIA,NIA,NIA,NIA,NIA,NIA,NIA
120,KernAI/stock-news-distilbert,NIA,NIA,NIA,FIA,U,NIA,U,NIA,NIA,NIA,FIA,U,U,NIA,NIA,NIA,U,NIA,NIA,NIA,NIA,U,NIA,NIA,NIA,NIA,FIA,NIA,NIA,U,NIA,NIA,NIA,NIA,NIA,NIA,NIA,NIA,NIA
121,CAMeL-Lab/bert-base-arabic-camelbert-ca-sentiment,NIA,NIA,NIA,FIA,FIA,NIA,FIA,NIA,FIA,NIA,PIA,FIA,U,U,U,U,U,U,U,U,U,FIA,NIA,NIA,NIA,NIA,FIA,NIA,NIA,NIA,NIA,NIA,NIA,NIA,FIA,U,NIA,NIA,NIA
122,Cristian-dcg/beto-sentiment-analysis-finetuned-onpremise,NIA,NIA,NIA,PIA,NIA,NIA,FIA,NIA,NIA,NIA,NIA,NIA,NIA,NIA,FIA,NIA,NIA,NIA,NIA,U,NIA,NIA,NIA,NIA,NIA,NIA,NIA,NIA,NIA,U,NIA,NIA,NIA,NIA,NIA,NIA,NIA,NIA,NIA
123,cardiffnlp/twitter-roberta-base-2021-124m-sentiment,NIA,NIA,NIA,FIA,U,NIA,FIA,NIA,NIA,NIA,PIA,U,U,U,U,NIA,U,U,U,U,U,NIA,NIA,NIA,NIA,NIA,FIA,NIA,NIA,NIA,NIA,NIA,NIA,NIA,U,U,NIA,NIA,NIA
124,RashidNLP/Amazon-Deberta-Base-Sentiment,NIA,NIA,NIA,FIA,U,NIA,U,NIA,NIA,NIA,U,U,U,NIA,NIA,NIA,NIA,NIA,NIA,NIA,NIA,NIA,NIA,NIA,NIA,NIA,FIA,NIA,NIA,NIA,NIA,NIA,NIA,NIA,NIA,NIA,NIA,NIA,NIA
125,sudhanvasp/Sentiment-Analysis,FIA,NIA,NIA,FIA,U,NIA,U,FIA,NIA,NIA,FIA,U,U,FIA,U,NIA,NIA,NIA,U,U,FIA,U,NIA,NIA,NIA,NIA,FIA,NIA,NIA,NIA,NIA,NIA,NIA,NIA,NIA,NIA,NIA,FIA,NIA
126,dnzblgn/BART_Sentiment_Classification,NIA,NIA,NIA,FIA,U,NIA,NIA,NIA,NIA,NIA,FIA,U,U,U,U,NIA,U,NIA,NIA,U,U,NIA,NIA,NIA,NIA,NIA,NIA,NIA,NIA,NIA,U,NIA,NIA,NIA,NIA,NIA,NIA,NIA,NIA
127,MMG/xlm-roberta-base-sa-spanish,NIA,NIA,NIA,FIA,U,NIA,NIA,NIA,NIA,NIA,NIA,NIA,NIA,NIA,NIA,NIA,NIA,NIA,NIA,NIA,NIA,NIA,NIA,NIA,NIA,NIA,U,NIA,NIA,NIA,NIA,NIA,NIA,NIA,NIA,NIA,NIA,NIA,NIA
128,cardiffnlp/xlm-roberta-base-sentiment-multilingual,NIA,NIA,NIA,FIA,U,NIA,FIA,NIA,U,NIA,PIA,U,U,NIA,U,NIA,U,NIA,U,U,NIA,NIA,NIA,NIA,NIA,NIA,FIA,NIA,NIA,NIA,NIA,NIA,NIA,NIA,FIA,U,NIA,NIA,NIA
129,cardiffnlp/bertweet-base-sentiment,NIA,NIA,NIA,U,NIA,NIA,NIA,NIA,NIA,NIA,NIA,NIA,NIA,NIA,NIA,NIA,NIA,NIA,NIA,NIA,NIA,NIA,NIA,NIA,NIA,NIA,NIA,NIA,NIA,NIA,NIA,NIA,NIA,NIA,NIA,NIA,NIA,NIA,NIA
130,slisowski/stock_sentiment_hp,NIA,NIA,NIA,FIA,NIA,NIA,FIA,NIA,NIA,NIA,NIA,NIA,U,NIA,FIA,NIA,U,NIA,NIA,NIA,NIA,NIA,NIA,NIA,NIA,NIA,NIA,NIA,NIA,NIA,U,NIA,NIA,NIA,NIA,NIA,NIA,NIA,NIA
131,yj2773/hinglish11k-sentiment-analysis,NIA,NIA,NIA,U,FIA,NIA,U,NIA,NIA,NIA,NIA,U,NIA,NIA,NIA,NIA,U,NIA,NIA,U,NIA,NIA,NIA,NIA,NIA,NIA,NIA,NIA,NIA,NIA,NIA,NIA,NIA,NIA,FIA,NIA,NIA,NIA,NIA
132,bardsai/twitter-sentiment-pl-base,NIA,U,NIA,FIA,FIA,NIA,FIA,NIA,NIA,NIA,FIA,U,U,NIA,NIA,NIA,U,NIA,FIA,FIA,NIA,NIA,NIA,NIA,NIA,NIA,FIA,NIA,NIA,NIA,NIA,NIA,NIA,NIA,NIA,NIA,NIA,NIA,NIA
133,kinit/slovakbert-sentiment-twitter,NIA,U,NIA,FIA,FIA,NIA,U,NIA,FIA,NIA,FIA,FIA,U,U,U,NIA,U,U,FIA,U,NIA,NIA,NIA,NIA,NIA,NIA,NIA,NIA,NIA,NIA,NIA,NIA,NIA,NIA,FIA,NIA,NIA,NIA,NIA
134,clips/republic,FIA,U,NIA,FIA,FIA,NIA,U,NIA,NIA,NIA,FIA,U,U,NIA,U,NIA,U,U,U,U,NIA,NIA,NIA,NIA,NIA,NIA,FIA,NIA,NIA,NIA,NIA,NIA,NIA,NIA,NIA,NIA,NIA,NIA,NIA
135,Sonny4Sonnix/twitter-roberta-base-sentimental-analysis-of-covid-tweets,NIA,NIA,NIA,U,U,NIA,FIA,NIA,NIA,NIA,NIA,NIA,NIA,NIA,U,NIA,U,U,U,U,NIA,NIA,NIA,NIA,NIA,NIA,NIA,NIA,NIA,U,U,NIA,NIA,NIA,NIA,NIA,NIA,NIA,NIA
136,TFLai/turkish-bert-128k-sentiment,NIA,NIA,NIA,U,U,NIA,NIA,NIA,NIA,NIA,NIA,NIA,NIA,NIA,NIA,NIA,NIA,NIA,NIA,NIA,NIA,NIA,NIA,NIA,NIA,NIA,NIA,NIA,NIA,NIA,NIA,NIA,NIA,NIA,NIA,NIA,NIA,NIA,NIA
137,zabiullah/autotrain-customers_email_sentiment-3449294006,NIA,NIA,NIA,U,U,NIA,NIA,NIA,NIA,NIA,NIA,NIA,U,NIA,NIA,NIA,NIA,U,FIA,FIA,NIA,NIA,NIA,NIA,NIA,NIA,FIA,NIA,U,NIA,NIA,NIA,NIA,NIA,NIA,NIA,NIA,NIA,NIA
138,RogerKam/roberta_fine_tuned_sentiment_sst3,NIA,NIA,NIA,FIA,NIA,NIA,FIA,NIA,NIA,NIA,NIA,U,U,NIA,FIA,NIA,U,U,U,U,NIA,NIA,NIA,NIA,NIA,NIA,NIA,NIA,NIA,U,FIA,NIA,NIA,NIA,NIA,NIA,NIA,NIA,NIA
139,nikunjbjj/jd-resume-model,NIA,NIA,NIA,FIA,FIA,NIA,FIA,U,U,NIA,NIA,U,U,NIA,NIA,NIA,U,NIA,NIA,NIA,NIA,NIA,NIA,NIA,NIA,NIA,NIA,NIA,NIA,NIA,NIA,NIA,NIA,NIA,NIA,NIA,NIA,NIA,NIA
140,amphora/KorFinASC-XLM-RoBERTa,U,NIA,NIA,FIA,FIA,NIA,FIA,NIA,NIA,NIA,NIA,FIA,NIA,NIA,NIA,NIA,NIA,NIA,NIA,NIA,NIA,NIA,NIA,NIA,NIA,NIA,FIA,NIA,NIA,NIA,NIA,NIA,NIA,NIA,NIA,NIA,NIA,NIA,NIA
141,QuophyDzifa/Sentiment-Analysis-Model,NIA,NIA,NIA,FIA,NIA,NIA,FIA,NIA,NIA,NIA,NIA,NIA,U,NIA,FIA,NIA,U,U,U,U,NIA,NIA,NIA,NIA,NIA,NIA,NIA,NIA,NIA,U,FIA,NIA,NIA,NIA,NIA,NIA,NIA,NIA,NIA
142,Vasanth/bert-stock-sentiment-analyzer,NIA,NIA,NIA,FIA,PIA,NIA,FIA,NIA,NIA,NIA,NIA,U,NIA,NIA,FIA,NIA,U,U,U,U,NIA,NIA,NIA,NIA,NIA,NIA,NIA,NIA,NIA,U,FIA,NIA,NIA,NIA,NIA,NIA,NIA,NIA,NIA
143,dogruermikail/bert-fine-tuned-stock-sentiment-uncased,NIA,NIA,NIA,FIA,NIA,NIA,FIA,NIA,NIA,NIA,NIA,FIA,U,NIA,U,NIA,U,FIA,FIA,FIA,NIA,NIA,NIA,NIA,NIA,NIA,NIA,NIA,NIA,U,U,NIA,NIA,NIA,NIA,NIA,NIA,NIA,NIA
144,atowey01/hostel-reviews-sentiment-model,NIA,NIA,NIA,FIA,NIA,NIA,FIA,NIA,FIA,NIA,NIA,U,NIA,NIA,FIA,NIA,NIA,NIA,NIA,NIA,NIA,NIA,NIA,NIA,NIA,NIA,NIA,NIA,NIA,FIA,FIA,NIA,NIA,NIA,NIA,NIA,NIA,NIA,NIA
145,mr4/phobert-base-vi-sentiment-analysis,U,NIA,NIA,FIA,FIA,PIA,FIA,NIA,NIA,NIA,U,FIA,NIA,NIA,NIA,NIA,NIA,NIA,NIA,NIA,NIA,NIA,NIA,NIA,NIA,NIA,FIA,NIA,NIA,NIA,NIA,NIA,NIA,NIA,NIA,NIA,NIA,NIA,U
146,cardiffnlp/roberta-base-tweet-sentiment-en,NIA,NIA,NIA,FIA,FIA,NIA,FIA,NIA,NIA,NIA,NIA,U,NIA,NIA,NIA,NIA,NIA,FIA,FIA,FIA,NIA,NIA,NIA,NIA,NIA,NIA,NIA,NIA,NIA,NIA,NIA,NIA,NIA,NIA,NIA,NIA,NIA,NIA,NIA
147,ka05ar/banglabert-sentiment,NIA,NIA,NIA,FIA,FIA,NIA,U,NIA,NIA,NIA,NIA,U,NIA,NIA,NIA,NIA,NIA,NIA,NIA,NIA,NIA,NIA,NIA,NIA,NIA,NIA,NIA,NIA,NIA,NIA,NIA,NIA,NIA,NIA,NIA,NIA,NIA,NIA,NIA
148,l3cube-pune/MarathiSentiment,U,NIA,NIA,FIA,FIA,NIA,FIA,NIA,FIA,NIA,NIA,NIA,NIA,NIA,NIA,NIA,NIA,NIA,NIA,NIA,NIA,NIA,NIA,NIA,NIA,NIA,NIA,NIA,NIA,NIA,NIA,NIA,NIA,NIA,FIA,NIA,NIA,NIA,NIA
149,aisyahhrazak/distilbert-mooc-review-sentiment,NIA,NIA,NIA,FIA,FIA,NIA,U,NIA,NIA,NIA,NIA,NIA,NIA,NIA,NIA,NIA,NIA,NIA,NIA,NIA,NIA,NIA,NIA,NIA,NIA,NIA,NIA,NIA,NIA,NIA,NIA,NIA,NIA,NIA,NIA,NIA,NIA,NIA,NIA
150,gsl22/sentiment-analysis-v1,NIA,NIA,NIA,FIA,NIA,NIA,FIA,NIA,NIA,NIA,NIA,U,NIA,NIA,FIA,NIA,NIA,NIA,U,FIA,NIA,NIA,NIA,NIA,NIA,NIA,NIA,NIA,NIA,U,U,NIA,NIA,NIA,NIA,NIA,NIA,NIA,NIA
151,m3hrdadfi/albert-fa-base-v2-sentiment-digikala,NIA,NIA,NIA,FIA,FIA,NIA,FIA,U,NIA,NIA,PIA,U,U,NIA,NIA,NIA,NIA,NIA,NIA,U,NIA,NIA,NIA,NIA,NIA,NIA,NIA,NIA,NIA,NIA,NIA,NIA,NIA,NIA,FIA,NIA,NIA,NIA,NIA
152,sismetanin/sbert-ru-sentiment-rureviews,NIA,NIA,NIA,FIA,FIA,NIA,FIA,NIA,NIA,NIA,NIA,U,NIA,NIA,NIA,NIA,NIA,NIA,FIA,FIA,FIA,NIA,NIA,NIA,NIA,NIA,NIA,NIA,NIA,NIA,NIA,NIA,NIA,NIA,FIA,NIA,NIA,NIA,NIA
153,abnersampaio/sentiment3.5,NIA,NIA,NIA,NIA,NIA,NIA,NIA,NIA,NIA,NIA,NIA,NIA,NIA,NIA,NIA,NIA,NIA,NIA,NIA,NIA,NIA,NIA,NIA,NIA,NIA,NIA,NIA,NIA,NIA,NIA,NIA,NIA,NIA,NIA,NIA,NIA,NIA,NIA,NIA
154,arize-ai/distilbert_reviews_with_language_drift,NIA,NIA,NIA,FIA,NIA,NIA,U,NIA,NIA,NIA,NIA,U,NIA,NIA,FIA,NIA,NIA,NIA,U,U,NIA,NIA,NIA,NIA,NIA,NIA,NIA,NIA,NIA,U,U,NIA,NIA,NIA,NIA,NIA,NIA,NIA,NIA
155,deepset/bert-base-german-cased-sentiment-Germeval17,NIA,NIA,NIA,NIA,NIA,NIA,NIA,NIA,NIA,NIA,NIA,NIA,NIA,NIA,NIA,NIA,NIA,NIA,NIA,NIA,NIA,NIA,NIA,NIA,NIA,NIA,NIA,NIA,NIA,NIA,NIA,NIA,NIA,NIA,NIA,NIA,NIA,NIA,NIA
156,venetis/electra-base-discriminator-finetuned-3d-sentiment,NIA,NIA,NIA,U,NIA,NIA,FIA,NIA,NIA,NIA,NIA,NIA,NIA,NIA,FIA,NIA,NIA,NIA,FIA,FIA,NIA,NIA,NIA,NIA,NIA,NIA,NIA,NIA,NIA,U,U,NIA,NIA,NIA,NIA,NIA,NIA,NIA,NIA
157,Abubakari/finetuned-Sentiment-classfication-ROBERTA-model,NIA,NIA,NIA,PIA,NIA,NIA,FIA,NIA,NIA,NIA,NIA,NIA,NIA,NIA,FIA,NIA,NIA,NIA,U,U,NIA,NIA,NIA,NIA,NIA,NIA,NIA,NIA,NIA,U,U,NIA,NIA,NIA,NIA,NIA,NIA,NIA,NIA
158,Yah216/Sentiment_Analysis_CAMelBERT_msa_sixteenth_HARD,NIA,NIA,NIA,FIA,FIA,NIA,FIA,NIA,NIA,NIA,FIA,NIA,NIA,NIA,U,NIA,NIA,NIA,NIA,NIA,NIA,NIA,NIA,NIA,NIA,NIA,NIA,NIA,NIA,NIA,NIA,NIA,NIA,NIA,NIA,NIA,NIA,NIA,U
159,CultureBERT/roberta-large-hierarchy,NIA,PIA,NIA,PIA,NIA,NIA,U,NIA,U,NIA,FIA,U,U,NIA,NIA,NIA,U,NIA,NIA,U,U,NIA,NIA,NIA,NIA,NIA,U,NIA,NIA,NIA,NIA,NIA,NIA,NIA,NIA,NIA,NIA,NIA,NIA
160,deansaco/Roberta-base-financial-sentiment-analysis,NIA,NIA,NIA,NIA,NIA,NIA,U,NIA,NIA,NIA,NIA,NIA,NIA,NIA,U,NIA,NIA,NIA,U,U,NIA,NIA,NIA,NIA,NIA,NIA,NIA,NIA,NIA,U,U,NIA,NIA,NIA,NIA,NIA,NIA,NIA,NIA
161,bardsai/finance-sentiment-pl-fast,NIA,NIA,NIA,U,FIA,NIA,NIA,NIA,NIA,NIA,FIA,NIA,NIA,NIA,NIA,NIA,NIA,NIA,U,FIA,NIA,NIA,NIA,NIA,NIA,NIA,FIA,NIA,NIA,NIA,NIA,NIA,NIA,NIA,NIA,NIA,NIA,NIA,NIA
162,akoksal/bounti,NIA,NIA,NIA,NIA,NIA,NIA,NIA,NIA,NIA,NIA,NIA,U,NIA,NIA,NIA,NIA,U,NIA,FIA,FIA,NIA,NIA,NIA,NIA,NIA,NIA,NIA,NIA,NIA,NIA,NIA,NIA,NIA,NIA,FIA,NIA,NIA,NIA,NIA
163,NYTK/sentiment-ohb3-hubert-hungarian,NIA,NIA,NIA,PIA,NIA,NIA,FIA,U,NIA,U,FIA,NIA,NIA,NIA,NIA,NIA,NIA,NIA,U,U,NIA,NIA,NIA,NIA,NIA,NIA,FIA,NIA,NIA,NIA,NIA,NIA,NIA,NIA,FIA,NIA,NIA,NIA,NIA
164,sismetanin/sbert-ru-sentiment-krnd,NIA,NIA,NIA,NIA,NIA,NIA,NIA,NIA,NIA,NIA,NIA,NIA,NIA,NIA,NIA,NIA,NIA,NIA,FIA,FIA,NIA,NIA,NIA,NIA,NIA,NIA,NIA,NIA,NIA,NIA,NIA,NIA,NIA,NIA,NIA,NIA,NIA,NIA,NIA
165,CouchCat/ma_sa_v7_distil,NIA,NIA,NIA,NIA,NIA,NIA,U,NIA,NIA,NIA,NIA,NIA,NIA,NIA,NIA,NIA,NIA,NIA,NIA,NIA,NIA,NIA,NIA,NIA,NIA,NIA,FIA,NIA,NIA,NIA,NIA,NIA,NIA,NIA,NIA,NIA,NIA,NIA,NIA
166,raygx/GNePT-NepSA,NIA,NIA,NIA,NIA,NIA,NIA,U,NIA,NIA,NIA,NIA,NIA,NIA,NIA,U,NIA,NIA,NIA,NIA,U,NIA,NIA,NIA,NIA,NIA,NIA,NIA,NIA,NIA,U,U,NIA,NIA,NIA,NIA,NIA,NIA,NIA,NIA
167,papepipopu/trading_ai,NIA,NIA,NIA,NIA,NIA,NIA,NIA,NIA,NIA,NIA,NIA,NIA,NIA,NIA,NIA,NIA,NIA,NIA,NIA,NIA,NIA,NIA,NIA,NIA,NIA,NIA,FIA,NIA,NIA,NIA,NIA,NIA,NIA,NIA,NIA,NIA,NIA,NIA,NIA
168,pin/senda,NIA,NIA,NIA,NIA,FIA,NIA,NIA,NIA,NIA,NIA,FIA,NIA,NIA,NIA,NIA,NIA,NIA,NIA,U,U,NIA,NIA,NIA,NIA,NIA,NIA,NIA,NIA,NIA,NIA,NIA,NIA,NIA,NIA,NIA,NIA,NIA,FIA,U
169,Tobias/bert-base-uncased_English_Hotel_sentiment,NIA,NIA,NIA,NIA,FIA,NIA,FIA,NIA,NIA,NIA,NIA,NIA,NIA,NIA,U,NIA,NIA,NIA,NIA,NIA,NIA,NIA,NIA,NIA,NIA,NIA,U,NIA,NIA,NIA,NIA,NIA,NIA,NIA,NIA,NIA,NIA,NIA,NIA
170,CultureBERT/roberta-large-clan,U,NIA,NIA,NIA,NIA,NIA,FIA,U,U,NIA,FIA,NIA,NIA,NIA,NIA,NIA,NIA,NIA,NIA,NIA,NIA,NIA,NIA,NIA,NIA,NIA,FIA,NIA,NIA,NIA,NIA,NIA,NIA,NIA,FIA,NIA,NIA,NIA,NIA
171,KernAI/community-sentiment-bert,NIA,NIA,NIA,FIA,NIA,NIA,NIA,NIA,NIA,NIA,U,NIA,NIA,NIA,NIA,NIA,NIA,NIA,NIA,NIA,NIA,NIA,NIA,NIA,NIA,NIA,NIA,NIA,NIA,NIA,NIA,NIA,NIA,NIA,NIA,NIA,NIA,NIA,NIA
172,abnersampaio/sentiment3,NIA,NIA,NIA,NIA,NIA,NIA,NIA,NIA,NIA,NIA,NIA,NIA,NIA,NIA,NIA,NIA,NIA,NIA,NIA,NIA,NIA,NIA,NIA,NIA,NIA,NIA,NIA,NIA,NIA,NIA,NIA,NIA,NIA,NIA,NIA,NIA,NIA,NIA,NIA
173,cardiffnlp/bert-base-multilingual-cased-sentiment-multilingual,NIA,NIA,NIA,FIA,NIA,NIA,FIA,NIA,NIA,NIA,NIA,NIA,NIA,NIA,NIA,NIA,NIA,NIA,U,U,NIA,NIA,NIA,NIA,NIA,NIA,NIA,NIA,NIA,NIA,NIA,NIA,NIA,NIA,FIA,NIA,NIA,NIA,NIA
174,NewtonKimathi/Covid_Vaccine_Sentiment_Analysis_Roberta_Model,NIA,NIA,NIA,NIA,NIA,NIA,NIA,NIA,NIA,NIA,NIA,NIA,NIA,NIA,FIA,NIA,NIA,NIA,NIA,U,NIA,NIA,NIA,NIA,NIA,NIA,NIA,NIA,NIA,U,U,NIA,NIA,NIA,NIA,NIA,NIA,NIA,NIA
175,tanoManzo/roberta-attitude,NIA,NIA,NIA,NIA,NIA,NIA,NIA,NIA,NIA,NIA,NIA,NIA,NIA,NIA,FIA,NIA,NIA,NIA,NIA,U,NIA,NIA,NIA,NIA,NIA,NIA,NIA,NIA,NIA,NIA,NIA,NIA,NIA,NIA,NIA,NIA,NIA,NIA,NIA
176,veb/twitch-roberta-base-sentiment-latest,NIA,NIA,NIA,FIA,NIA,NIA,FIA,NIA,NIA,NIA,NIA,NIA,NIA,NIA,U,NIA,NIA,NIA,NIA,U,NIA,NIA,NIA,NIA,NIA,NIA,NIA,NIA,NIA,U,U,NIA,NIA,NIA,NIA,NIA,NIA,NIA,NIA
177,ikoghoemmanuell/finetuned_sentiment_modell,NIA,NIA,NIA,NIA,NIA,NIA,FIA,NIA,NIA,NIA,NIA,NIA,NIA,NIA,U,NIA,NIA,NIA,NIA,U,NIA,NIA,NIA,NIA,NIA,NIA,NIA,NIA,NIA,U,U,NIA,NIA,NIA,NIA,NIA,NIA,NIA,NIA
178,francisco-perez-sorrosal/distilbert-base-uncased-finetuned-with-spanish-tweets-clf,NIA,NIA,NIA,NIA,NIA,NIA,NIA,NIA,NIA,NIA,NIA,NIA,NIA,NIA,U,NIA,NIA,NIA,NIA,U,NIA,NIA,NIA,NIA,NIA,NIA,NIA,NIA,NIA,U,U,NIA,NIA,NIA,NIA,NIA,NIA,NIA,NIA
179,bowipawan/bert-sentimental,NIA,NIA,NIA,NIA,NIA,NIA,NIA,NIA,NIA,NIA,NIA,NIA,NIA,NIA,NIA,NIA,NIA,NIA,NIA,NIA,NIA,NIA,NIA,NIA,NIA,NIA,NIA,NIA,NIA,NIA,NIA,NIA,NIA,NIA,NIA,NIA,NIA,NIA,NIA
180,cardiffnlp/xlm-roberta-base-tweet-sentiment-it,NIA,NIA,NIA,NIA,NIA,NIA,FIA,NIA,NIA,NIA,NIA,NIA,NIA,NIA,NIA,NIA,NIA,NIA,U,FIA,NIA,NIA,NIA,NIA,NIA,NIA,NIA,NIA,NIA,NIA,NIA,NIA,NIA,NIA,NIA,NIA,NIA,NIA,NIA
181,gr8testgad-1/sentiment_analysis,NIA,NIA,NIA,NIA,NIA,NIA,FIA,NIA,NIA,NIA,NIA,NIA,NIA,NIA,U,NIA,NIA,NIA,NIA,U,NIA,NIA,NIA,NIA,NIA,NIA,NIA,NIA,NIA,U,U,NIA,NIA,NIA,NIA,NIA,NIA,NIA,NIA
182,gyesibiney/covid-tweet-sentimental-Analysis-roberta,NIA,NIA,NIA,NIA,NIA,NIA,FIA,NIA,NIA,NIA,NIA,NIA,NIA,NIA,FIA,NIA,NIA,NIA,U,U,NIA,NIA,NIA,NIA,NIA,NIA,NIA,NIA,NIA,U,U,NIA,NIA,NIA,NIA,NIA,NIA,NIA,NIA
183,AGudden/xlm-roberta-base-finetuned-marc,NIA,NIA,NIA,NIA,FIA,NIA,FIA,NIA,NIA,NIA,NIA,NIA,NIA,NIA,FIA,NIA,NIA,NIA,U,U,NIA,NIA,NIA,NIA,NIA,NIA,NIA,NIA,NIA,U,U,NIA,NIA,NIA,NIA,NIA,NIA,NIA,NIA
184,Souvikcmsa/SentimentAnalysisDistillBERT,NIA,NIA,NIA,NIA,NIA,NIA,NIA,NIA,NIA,NIA,NIA,NIA,NIA,NIA,NIA,NIA,NIA,NIA,FIA,FIA,NIA,NIA,NIA,NIA,NIA,NIA,FIA,NIA,NIA,NIA,NIA,NIA,NIA,NIA,NIA,NIA,NIA,NIA,NIA
185,NewtonKimathi/Covid_Vaccine_Sentiment_Analysis_Bert_based_Model,NIA,NIA,NIA,NIA,NIA,NIA,FIA,NIA,NIA,NIA,NIA,NIA,NIA,NIA,FIA,NIA,NIA,NIA,U,U,NIA,NIA,NIA,NIA,NIA,NIA,NIA,NIA,NIA,U,U,NIA,NIA,NIA,NIA,NIA,NIA,NIA,NIA
186,cardiffnlp/xlm-v-base-tweet-sentiment-pt,NIA,NIA,NIA,NIA,NIA,NIA,FIA,NIA,NIA,NIA,NIA,NIA,NIA,NIA,NIA,NIA,NIA,NIA,FIA,FIA,NIA,NIA,NIA,NIA,NIA,NIA,NIA,NIA,NIA,NIA,NIA,NIA,NIA,NIA,NIA,NIA,NIA,NIA,NIA
187,seninoseno/rubert-base-cased-sentiment-study-feedbacks-solyanka,NIA,NIA,NIA,NIA,NIA,NIA,U,NIA,NIA,NIA,NIA,NIA,NIA,NIA,NIA,NIA,NIA,NIA,NIA,NIA,NIA,NIA,NIA,NIA,NIA,NIA,NIA,NIA,NIA,NIA,NIA,NIA,NIA,NIA,NIA,NIA,NIA,NIA,NIA
188,nickwong64/bert-base-uncased-finance-sentiment,NIA,NIA,NIA,FIA,NIA,NIA,NIA,NIA,NIA,NIA,FIA,U,NIA,NIA,U,NIA,U,NIA,U,FIA,NIA,NIA,NIA,NIA,NIA,NIA,FIA,NIA,NIA,NIA,NIA,NIA,NIA,NIA,NIA,NIA,NIA,NIA,NIA
189,xyu1163/Testmodel_sentiment_with_3_labels,NIA,NIA,NIA,NIA,NIA,NIA,FIA,NIA,NIA,NIA,NIA,NIA,NIA,NIA,FIA,NIA,NIA,NIA,U,U,NIA,NIA,NIA,NIA,NIA,NIA,NIA,NIA,NIA,U,U,NIA,NIA,NIA,NIA,NIA,NIA,NIA,NIA
190,maclean-connor96/feedier-french-books,NIA,NIA,NIA,NIA,FIA,NIA,FIA,NIA,NIA,NIA,FIA,NIA,NIA,NIA,U,NIA,NIA,NIA,NIA,U,NIA,NIA,NIA,NIA,NIA,NIA,NIA,NIA,NIA,NIA,NIA,NIA,NIA,NIA,NIA,NIA,NIA,NIA,NIA
191,SiddharthaM/twitter-data-bert-base-multilingual-uncased-hindi-only-memes,NIA,NIA,NIA,NIA,NIA,NIA,FIA,NIA,NIA,NIA,NIA,NIA,NIA,NIA,FIA,NIA,NIA,NIA,FIA,FIA,NIA,NIA,NIA,NIA,NIA,NIA,NIA,NIA,NIA,U,U,NIA,NIA,NIA,NIA,NIA,NIA,NIA,NIA
192,Beanz1935/finetuning-sentiment-model-3000-samples,NIA,NIA,NIA,NIA,NIA,NIA,FIA,NIA,NIA,NIA,NIA,NIA,NIA,NIA,FIA,NIA,NIA,NIA,U,U,NIA,NIA,NIA,NIA,NIA,NIA,NIA,NIA,NIA,U,U,NIA,NIA,NIA,NIA,NIA,NIA,NIA,NIA
193,IngeniousArtist/distilbert-finance,NIA,NIA,NIA,NIA,NIA,NIA,FIA,NIA,NIA,NIA,NIA,NIA,NIA,NIA,U,NIA,NIA,NIA,U,U,NIA,NIA,NIA,NIA,NIA,NIA,NIA,NIA,NIA,U,U,NIA,NIA,NIA,NIA,NIA,NIA,NIA,NIA
194,Sonny4Sonnix/movie_sentiment_trainer,NIA,NIA,NIA,NIA,NIA,NIA,FIA,NIA,NIA,NIA,NIA,NIA,NIA,NIA,U,NIA,NIA,NIA,U,U,NIA,NIA,NIA,NIA,NIA,NIA,NIA,NIA,NIA,U,U,NIA,NIA,NIA,NIA,NIA,NIA,NIA,NIA
195,cardiffnlp/roberta-base-sentiment,NIA,NIA,NIA,NIA,NIA,NIA,FIA,NIA,NIA,NIA,NIA,U,NIA,NIA,NIA,NIA,NIA,NIA,U,U,NIA,NIA,NIA,NIA,NIA,NIA,FIA,NIA,NIA,NIA,NIA,NIA,NIA,NIA,FIA,NIA,NIA,NIA,NIA
196,Hyeonseo/ko-finance_news_classifier,NIA,NIA,NIA,NIA,NIA,NIA,FIA,NIA,NIA,NIA,NIA,NIA,NIA,NIA,FIA,NIA,NIA,NIA,U,U,NIA,NIA,NIA,NIA,NIA,NIA,NIA,NIA,NIA,U,U,NIA,NIA,NIA,NIA,NIA,NIA,NIA,NIA
197,sismetanin/rubert-ru-sentiment-rureviews,NIA,NIA,NIA,U,FIA,NIA,FIA,NIA,NIA,NIA,NIA,U,NIA,NIA,NIA,NIA,NIA,NIA,U,U,NIA,NIA,NIA,NIA,NIA,NIA,NIA,NIA,NIA,NIA,NIA,NIA,NIA,NIA,FIA,NIA,NIA,NIA,NIA
198,Timothy1337/finetuning-sentiment-all_df,NIA,NIA,NIA,U,NIA,NIA,FIA,NIA,NIA,NIA,NIA,NIA,NIA,NIA,FIA,NIA,NIA,NIA,U,U,NIA,NIA,NIA,NIA,NIA,NIA,NIA,NIA,NIA,U,U,NIA,NIA,NIA,NIA,NIA,NIA,NIA,NIA
199,DSI/human-directed-sentiment,NIA,NIA,NIA,NIA,U,NIA,NIA,NIA,NIA,NIA,NIA,NIA,NIA,NIA,NIA,NIA,NIA,NIA,NIA,NIA,NIA,NIA,NIA,NIA,NIA,NIA,NIA,NIA,NIA,NIA,NIA,NIA,NIA,NIA,NIA,NIA,NIA,NIA,NIA
200,venetis/deberta-v3-base-finetuned-3d-sentiment,NIA,NIA,NIA,NIA,NIA,NIA,FIA,NIA,NIA,NIA,NIA,NIA,NIA,NIA,FIA,NIA,NIA,NIA,U,FIA,NIA,NIA,NIA,NIA,NIA,NIA,NIA,NIA,NIA,U,U,NIA,NIA,NIA,NIA,NIA,NIA,NIA,NIA
201,LondonStory/txlm-roberta-hindi-sentiment,NIA,NIA,NIA,NIA,FIA,NIA,FIA,NIA,NIA,NIA,NIA,U,U,NIA,NIA,NIA,NIA,NIA,U,U,NIA,NIA,NIA,NIA,NIA,NIA,NIA,NIA,NIA,NIA,NIA,NIA,NIA,NIA,NIA,NIA,NIA,NIA,NIA
202,ldeb/solved-finbert-tone,U,NIA,NIA,U,NIA,NIA,U,NIA,U,NIA,U,NIA,NIA,NIA,NIA,NIA,NIA,NIA,NIA,NIA,NIA,NIA,NIA,NIA,NIA,NIA,NIA,NIA,NIA,NIA,NIA,NIA,NIA,NIA,NIA,NIA,NIA,NIA,NIA
203,gabrielyang/finance_news_classifier-KR_v7,NIA,NIA,NIA,NIA,NIA,NIA,FIA,NIA,NIA,NIA,NIA,NIA,NIA,NIA,FIA,NIA,NIA,NIA,U,FIA,NIA,NIA,NIA,NIA,NIA,NIA,NIA,NIA,NIA,U,U,NIA,NIA,NIA,NIA,NIA,NIA,NIA,NIA
204,rohanrajpal/bert-base-en-hi-codemix-cased,NIA,NIA,NIA,NIA,U,NIA,FIA,NIA,NIA,NIA,U,U,U,U,NIA,NIA,NIA,NIA,FIA,FIA,NIA,NIA,NIA,NIA,NIA,NIA,U,NIA,NIA,NIA,NIA,NIA,NIA,NIA,NIA,NIA,NIA,NIA,NIA
205,Himanshusingh/finetunedfinbert-model,NIA,NIA,NIA,NIA,NIA,NIA,FIA,NIA,NIA,NIA,NIA,NIA,NIA,NIA,FIA,NIA,NIA,NIA,U,U,NIA,NIA,NIA,NIA,NIA,NIA,NIA,NIA,NIA,U,U,NIA,NIA,NIA,NIA,NIA,NIA,NIA,NIA
206,mtyrrell/CPU_Transport_GHG_Classifier,NIA,NIA,NIA,NIA,NIA,NIA,FIA,NIA,NIA,NIA,U,U,U,U,FIA,NIA,NIA,NIA,U,FIA,NIA,U,NIA,NIA,FIA,NIA,NIA,NIA,NIA,U,U,NIA,NIA,NIA,NIA,NIA,NIA,NIA,NIA
207,Cloudy1225/stackoverflow-roberta-base-sentiment,NIA,NIA,NIA,NIA,NIA,NIA,FIA,NIA,NIA,NIA,NIA,NIA,NIA,NIA,NIA,NIA,NIA,NIA,NIA,NIA,NIA,U,NIA,NIA,NIA,NIA,U,NIA,NIA,NIA,NIA,NIA,NIA,NIA,NIA,NIA,NIA,NIA,NIA
208,jayantapaul888/twitter-data-microsoft-deberta-base-mnli-sentiment-finetuned-memes,NIA,NIA,NIA,NIA,NIA,NIA,FIA,NIA,NIA,NIA,NIA,NIA,NIA,NIA,FIA,NIA,NIA,NIA,U,FIA,NIA,NIA,NIA,NIA,NIA,NIA,NIA,NIA,NIA,U,NIA,NIA,NIA,NIA,NIA,NIA,NIA,NIA,NIA
209,Theivaprakasham/sentence-transformers-paraphrase-MiniLM-L6-v2-twitter_sentiment,NIA,NIA,NIA,NIA,NIA,NIA,NIA,NIA,NIA,NIA,NIA,NIA,NIA,NIA,NIA,NIA,NIA,NIA,NIA,NIA,NIA,NIA,NIA,NIA,NIA,NIA,NIA,NIA,NIA,NIA,NIA,NIA,NIA,NIA,NIA,NIA,NIA,NIA,NIA
210,eevvgg/sentimenTw-political,FIA,NIA,NIA,FIA,FIA,NIA,FIA,U,NIA,NIA,NIA,NIA,U,U,U,U,U,U,U,FIA,NIA,U,NIA,NIA,NIA,NIA,U,NIA,NIA,NIA,NIA,NIA,NIA,NIA,FIA,NIA,NIA,NIA,NIA
211,techthiyanes/Bert_Bahasa_Sentiment,NIA,NIA,NIA,NIA,NIA,NIA,NIA,NIA,NIA,NIA,NIA,NIA,NIA,NIA,NIA,NIA,NIA,NIA,NIA,NIA,NIA,NIA,NIA,NIA,NIA,NIA,U,NIA,NIA,NIA,NIA,NIA,NIA,NIA,NIA,NIA,NIA,NIA,NIA
212,Elron/deberta-v3-large-sentiment,NIA,NIA,NIA,NIA,NIA,NIA,FIA,NIA,U,NIA,NIA,U,PIA,NIA,FIA,NIA,NIA,U,U,FIA,NIA,U,NIA,NIA,NIA,NIA,NIA,NIA,NIA,U,U,NIA,NIA,NIA,NIA,NIA,NIA,NIA,NIA
213,ErisGrey/my_models,NIA,NIA,NIA,NIA,NIA,NIA,NIA,NIA,NIA,NIA,NIA,NIA,NIA,NIA,NIA,NIA,NIA,NIA,NIA,NIA,NIA,NIA,NIA,NIA,NIA,NIA,NIA,NIA,NIA,NIA,NIA,NIA,NIA,NIA,NIA,NIA,NIA,NIA,NIA
214,francisco-perez-sorrosal/distilbert-base-multilingual-cased-finetuned-with-spanish-tweets-clf-cleaned-ds,NIA,NIA,NIA,NIA,NIA,NIA,FIA,NIA,NIA,NIA,NIA,NIA,NIA,NIA,FIA,NIA,NIA,NIA,NIA,NIA,NIA,NIA,NIA,NIA,NIA,NIA,NIA,NIA,NIA,U,U,NIA,NIA,NIA,NIA,NIA,NIA,NIA,NIA
215,gabrielkytz/finetuning-sentiment-model-3000-samples,NIA,NIA,NIA,NIA,NIA,NIA,FIA,NIA,NIA,NIA,NIA,NIA,NIA,NIA,FIA,NIA,NIA,NIA,U,U,NIA,NIA,NIA,NIA,NIA,NIA,NIA,NIA,NIA,U,U,NIA,NIA,NIA,NIA,NIA,NIA,NIA,NIA
216,cardiffnlp/xlm-v-base-tweet-sentiment-de,NIA,NIA,NIA,NIA,FIA,NIA,FIA,NIA,NIA,NIA,NIA,U,NIA,NIA,NIA,NIA,NIA,NIA,FIA,FIA,NIA,NIA,NIA,NIA,NIA,NIA,NIA,NIA,NIA,NIA,NIA,NIA,NIA,NIA,NIA,NIA,NIA,NIA,NIA
217,elozano/tweet_sentiment_eval,NIA,NIA,NIA,NIA,NIA,NIA,NIA,NIA,NIA,NIA,NIA,NIA,NIA,NIA,NIA,NIA,NIA,NIA,NIA,NIA,NIA,NIA,NIA,NIA,NIA,NIA,NIA,NIA,NIA,NIA,NIA,NIA,NIA,NIA,NIA,NIA,NIA,NIA,NIA
218,adam-chell/tweet-sentiment-analyzer,NIA,NIA,NIA,NIA,NIA,NIA,FIA,NIA,NIA,NIA,FIA,NIA,NIA,NIA,NIA,NIA,NIA,NIA,NIA,NIA,NIA,NIA,NIA,NIA,NIA,NIA,NIA,NIA,NIA,NIA,NIA,NIA,NIA,NIA,NIA,NIA,NIA,NIA,FIA
219,rohanrajpal/bert-base-codemixed-uncased-sentiment,NIA,NIA,NIA,NIA,NIA,NIA,U,NIA,NIA,NIA,NIA,U,U,FIA,NIA,NIA,NIA,NIA,NIA,NIA,NIA,NIA,NIA,NIA,NIA,NIA,NIA,NIA,NIA,NIA,NIA,NIA,NIA,NIA,FIA,NIA,NIA,NIA,NIA
220,jordankrishnayah/fullManifesto-ROBERTAsentiment2e,NIA,NIA,NIA,NIA,NIA,NIA,NIA,NIA,NIA,NIA,NIA,NIA,NIA,NIA,NIA,NIA,NIA,NIA,NIA,NIA,NIA,NIA,NIA,NIA,NIA,NIA,NIA,NIA,NIA,NIA,NIA,NIA,NIA,NIA,NIA,NIA,NIA,NIA,NIA
221,Yt99/SFinBERT,NIA,U,NIA,NIA,NIA,NIA,NIA,NIA,NIA,NIA,NIA,NIA,NIA,NIA,NIA,NIA,NIA,NIA,NIA,NIA,NIA,PIA,NIA,NIA,NIA,NIA,PIA,NIA,NIA,NIA,NIA,NIA,NIA,NIA,NIA,NIA,NIA,NIA,NIA
222,Venkatesh4342/bert-base-uncased-finetuned-fin,NIA,NIA,NIA,NIA,NIA,NIA,FIA,NIA,NIA,NIA,NIA,NIA,NIA,NIA,FIA,NIA,NIA,NIA,U,U,NIA,NIA,NIA,NIA,NIA,NIA,NIA,NIA,NIA,U,U,NIA,NIA,NIA,NIA,NIA,NIA,NIA,NIA
223,UholoDala/tweet_sentiments_analysis_bert,NIA,NIA,NIA,NIA,NIA,NIA,FIA,NIA,NIA,NIA,NIA,NIA,NIA,NIA,U,NIA,NIA,NIA,U,U,NIA,NIA,NIA,NIA,NIA,NIA,NIA,NIA,NIA,U,U,NIA,NIA,NIA,NIA,NIA,NIA,NIA,NIA
224,LYTinn/finetuning-sentiment-model-tweet-gpt2,NIA,NIA,NIA,NIA,NIA,NIA,FIA,NIA,NIA,NIA,NIA,NIA,NIA,NIA,U,NIA,NIA,NIA,U,U,NIA,NIA,NIA,NIA,NIA,NIA,NIA,NIA,NIA,U,U,NIA,NIA,NIA,NIA,NIA,NIA,NIA,NIA
225,HerbertAIHug/Finetuned-Roberta-Base-Sentiment-identifier,NIA,NIA,NIA,NIA,NIA,NIA,FIA,NIA,NIA,NIA,NIA,NIA,NIA,NIA,FIA,NIA,NIA,NIA,U,FIA,NIA,NIA,NIA,NIA,NIA,NIA,NIA,NIA,NIA,U,U,NIA,NIA,NIA,NIA,NIA,NIA,NIA,NIA
226,bardsai/finance-sentiment-pl-base,U,NIA,NIA,U,FIA,NIA,U,NIA,NIA,NIA,FIA,NIA,NIA,NIA,NIA,NIA,NIA,NIA,FIA,FIA,NIA,NIA,NIA,NIA,NIA,NIA,FIA,NIA,NIA,NIA,NIA,NIA,NIA,NIA,NIA,NIA,NIA,NIA,NIA
227,bright1/fine-tuned-twitter-Roberta-base-sentiment,NIA,NIA,NIA,NIA,NIA,NIA,FIA,NIA,NIA,NIA,NIA,NIA,NIA,NIA,FIA,NIA,NIA,NIA,FIA,FIA,NIA,NIA,NIA,NIA,NIA,NIA,NIA,NIA,NIA,U,U,NIA,NIA,NIA,NIA,NIA,NIA,NIA,NIA
228,francisco-perez-sorrosal/distilbert-base-multilingual-cased-finetuned-with-spanish-tweets-clf,NIA,NIA,NIA,NIA,NIA,NIA,FIA,NIA,NIA,NIA,NIA,NIA,NIA,NIA,FIA,NIA,NIA,NIA,FIA,FIA,NIA,NIA,NIA,NIA,NIA,NIA,NIA,NIA,NIA,U,U,NIA,NIA,NIA,NIA,NIA,NIA,NIA,NIA
229,incredible45/News-Sentimental-model-Buy-Neutral-Sell,NIA,NIA,NIA,NIA,NIA,NIA,FIA,NIA,NIA,NIA,NIA,NIA,NIA,NIA,FIA,NIA,NIA,NIA,FIA,FIA,NIA,NIA,NIA,NIA,NIA,NIA,NIA,NIA,NIA,U,U,NIA,NIA,NIA,NIA,NIA,NIA,NIA,NIA
230,manvik28/FinBERT_Tuned,NIA,NIA,NIA,NIA,NIA,NIA,FIA,NIA,NIA,NIA,NIA,NIA,NIA,NIA,FIA,NIA,NIA,NIA,NIA,NIA,NIA,NIA,NIA,NIA,NIA,NIA,NIA,NIA,NIA,U,U,NIA,NIA,NIA,NIA,NIA,NIA,NIA,NIA
231,evendivil/finetuning-sentiment-model-3000-samples,NIA,NIA,NIA,NIA,NIA,NIA,FIA,NIA,NIA,NIA,NIA,NIA,NIA,NIA,FIA,NIA,NIA,NIA,FIA,FIA,NIA,NIA,NIA,NIA,NIA,NIA,NIA,NIA,NIA,U,U,NIA,NIA,NIA,NIA,NIA,NIA,NIA,NIA
232,ScriptEdgeAI/MarathiSentiment-Bloom-560m,FIA,NIA,NIA,NIA,FIA,NIA,NIA,NIA,NIA,NIA,NIA,NIA,NIA,NIA,NIA,NIA,NIA,NIA,FIA,FIA,NIA,NIA,NIA,NIA,NIA,NIA,NIA,NIA,NIA,NIA,NIA,NIA,NIA,NIA,FIA,NIA,NIA,NIA,NIA
233,Manauu17/enhanced_roberta_sentiments_es,NIA,NIA,NIA,FIA,FIA,NIA,NIA,NIA,NIA,NIA,U,NIA,NIA,NIA,NIA,NIA,NIA,NIA,NIA,NIA,NIA,PIA,NIA,NIA,NIA,NIA,PIA,NIA,NIA,NIA,NIA,NIA,NIA,NIA,NIA,NIA,NIA,NIA,NIA
234,HerbertAIHug/finetuned_sentiment_analysis_modell,NIA,NIA,NIA,NIA,NIA,NIA,NIA,NIA,NIA,NIA,NIA,NIA,NIA,NIA,NIA,NIA,NIA,NIA,NIA,NIA,NIA,NIA,NIA,NIA,NIA,NIA,NIA,NIA,NIA,NIA,NIA,NIA,NIA,NIA,NIA,NIA,NIA,NIA,NIA
235,sismetanin/xlm_roberta_large-ru-sentiment-rureviews,NIA,NIA,NIA,U,FIA,NIA,FIA,NIA,NIA,NIA,NIA,U,NIA,NIA,NIA,NIA,NIA,NIA,FIA,FIA,NIA,NIA,NIA,NIA,NIA,NIA,NIA,NIA,NIA,NIA,NIA,NIA,NIA,NIA,FIA,NIA,NIA,NIA,NIA
236,arjuntheprogrammer/distilbert-base-multilingual-cased-sentiment-2,NIA,NIA,NIA,NIA,NIA,NIA,FIA,NIA,NIA,NIA,NIA,U,NIA,NIA,FIA,NIA,NIA,NIA,U,U,NIA,NIA,NIA,NIA,NIA,NIA,NIA,NIA,NIA,U,U,NIA,NIA,NIA,NIA,NIA,NIA,NIA,NIA
237,raygx/BERT-NepSA-T2,NIA,NIA,NIA,NIA,NIA,NIA,FIA,NIA,NIA,NIA,NIA,NIA,NIA,NIA,U,NIA,NIA,NIA,FIA,FIA,NIA,NIA,NIA,NIA,NIA,NIA,NIA,NIA,NIA,U,U,NIA,NIA,NIA,NIA,NIA,NIA,NIA,NIA
238,francisco-perez-sorrosal/dccuchile-distilbert-base-spanish-uncased-finetuned-with-spanish-tweets-clf-cleaned-ds,NIA,NIA,NIA,NIA,NIA,NIA,FIA,NIA,NIA,NIA,NIA,NIA,NIA,NIA,FIA,NIA,NIA,NIA,FIA,FIA,NIA,NIA,NIA,NIA,NIA,NIA,NIA,NIA,NIA,U,U,NIA,NIA,NIA,NIA,NIA,NIA,NIA,NIA
239,francisco-perez-sorrosal/distilbert-base-uncased-finetuned-with-spanish-tweets-clf-cleaned-ds,NIA,NIA,NIA,NIA,NIA,NIA,FIA,NIA,NIA,NIA,NIA,NIA,NIA,NIA,FIA,NIA,NIA,NIA,FIA,FIA,NIA,NIA,NIA,NIA,NIA,NIA,NIA,NIA,NIA,U,U,NIA,NIA,NIA,NIA,NIA,NIA,NIA,NIA
240,francisco-perez-sorrosal/dccuchile-distilbert-base-spanish-uncased-finetuned-with-spanish-tweets-clf,NIA,NIA,NIA,NIA,NIA,NIA,FIA,NIA,NIA,NIA,NIA,NIA,NIA,NIA,FIA,NIA,NIA,NIA,NIA,NIA,NIA,NIA,NIA,NIA,NIA,NIA,NIA,NIA,NIA,U,U,NIA,NIA,NIA,NIA,NIA,NIA,NIA,NIA
241,ruanchaves/mdeberta-v3-base-porsimplessent,NIA,NIA,NIA,FIA,FIA,NIA,NIA,U,NIA,NIA,FIA,NIA,NIA,NIA,U,NIA,NIA,NIA,U,U,NIA,NIA,NIA,NIA,NIA,NIA,FIA,NIA,NIA,NIA,NIA,NIA,NIA,NIA,FIA,NIA,NIA,NIA,NIA
242,raygx/distilGPT-NepSA,NIA,NIA,NIA,NIA,NIA,NIA,FIA,NIA,NIA,NIA,NIA,NIA,NIA,NIA,NIA,NIA,NIA,NIA,NIA,NIA,NIA,NIA,NIA,NIA,NIA,NIA,NIA,NIA,NIA,U,U,NIA,NIA,NIA,NIA,NIA,NIA,NIA,NIA
243,classla/bcms-bertic-parlasent-bcs-ter,NIA,NIA,NIA,FIA,NIA,NIA,NIA,NIA,NIA,NIA,FIA,U,PIA,U,U,U,U,U,U,U,U,NIA,NIA,NIA,NIA,NIA,NIA,NIA,NIA,NIA,NIA,NIA,NIA,NIA,FIA,NIA,NIA,NIA,NIA
244,Anthos23/FS-distilroberta-fine-tuned,NIA,NIA,NIA,NIA,NIA,NIA,NIA,NIA,NIA,NIA,NIA,NIA,NIA,NIA,NIA,NIA,NIA,NIA,NIA,NIA,NIA,NIA,NIA,NIA,NIA,NIA,NIA,NIA,NIA,NIA,NIA,NIA,NIA,NIA,NIA,NIA,NIA,NIA,NIA
245,luissgtorres/Bert_sentiment_analysis_Indata,NIA,NIA,NIA,NIA,NIA,NIA,FIA,NIA,NIA,NIA,NIA,NIA,NIA,NIA,FIA,NIA,NIA,NIA,NIA,NIA,NIA,NIA,NIA,NIA,NIA,NIA,NIA,NIA,NIA,U,U,NIA,NIA,NIA,NIA,NIA,NIA,NIA,NIA
246,warwickai/fin-perceiver,NIA,NIA,NIA,NIA,NIA,NIA,NIA,NIA,NIA,NIA,NIA,U,U,U,FIA,U,NIA,NIA,FIA,FIA,NIA,NIA,NIA,NIA,NIA,NIA,NIA,NIA,NIA,NIA,NIA,NIA,NIA,NIA,NIA,NIA,NIA,NIA,NIA
247,rohanrajpal/bert-base-en-es-codemix-cased,NIA,NIA,NIA,U,U,NIA,NIA,NIA,NIA,NIA,FIA,PIA,U,NIA,NIA,NIA,NIA,NIA,FIA,FIA,NIA,FIA,NIA,NIA,FIA,NIA,FIA,NIA,NIA,NIA,NIA,NIA,NIA,NIA,FIA,NIA,NIA,NIA,NIA
248,langecod/Financial_Phrasebank_RoBERTa,NIA,NIA,NIA,NIA,NIA,NIA,NIA,NIA,NIA,NIA,NIA,NIA,NIA,NIA,NIA,NIA,NIA,NIA,NIA,NIA,NIA,NIA,NIA,NIA,NIA,NIA,NIA,NIA,NIA,NIA,NIA,NIA,NIA,NIA,NIA,NIA,NIA,NIA,NIA
249,brema76/vaccine_event_it,NIA,NIA,NIA,NIA,FIA,NIA,FIA,NIA,NIA,NIA,FIA,U,NIA,NIA,NIA,NIA,NIA,NIA,NIA,NIA,NIA,NIA,NIA,NIA,NIA,NIA,NIA,NIA,NIA,NIA,NIA,NIA,NIA,NIA,FIA,NIA,NIA,NIA,NIA
250,kullackaan/sentiment-tweets,NIA,NIA,NIA,NIA,NIA,NIA,NIA,NIA,NIA,NIA,NIA,NIA,NIA,NIA,NIA,NIA,NIA,NIA,NIA,NIA,NIA,NIA,NIA,NIA,NIA,NIA,NIA,NIA,NIA,NIA,NIA,NIA,NIA,NIA,NIA,NIA,NIA,NIA,NIA
251,jayantapaul888/twitter-data-pysentimiento-robertuito-sentiment-finetuned-memes,NIA,NIA,NIA,NIA,NIA,NIA,FIA,NIA,NIA,NIA,NIA,NIA,NIA,NIA,FIA,NIA,NIA,NIA,U,FIA,NIA,NIA,NIA,NIA,NIA,NIA,NIA,NIA,NIA,U,U,NIA,NIA,NIA,NIA,NIA,NIA,NIA,NIA
252,santis2/phrasebank-sentiment-analysis,NIA,NIA,NIA,NIA,NIA,NIA,FIA,NIA,NIA,NIA,NIA,U,NIA,NIA,FIA,NIA,NIA,NIA,U,U,NIA,NIA,NIA,NIA,NIA,NIA,NIA,NIA,NIA,U,U,NIA,NIA,NIA,NIA,NIA,NIA,NIA,NIA
253,bardsai/finance-sentiment-de-base,U,U,NIA,FIA,U,NIA,NIA,NIA,NIA,NIA,FIA,U,U,NIA,U,NIA,NIA,NIA,FIA,FIA,NIA,NIA,NIA,NIA,NIA,NIA,FIA,NIA,NIA,NIA,NIA,NIA,NIA,NIA,NIA,NIA,NIA,NIA,NIA
254,everyl12/crisis_sentiment_roberta,NIA,NIA,NIA,NIA,NIA,NIA,FIA,NIA,NIA,NIA,U,NIA,NIA,NIA,U,NIA,NIA,NIA,U,U,NIA,NIA,NIA,NIA,NIA,NIA,NIA,NIA,NIA,U,U,NIA,NIA,NIA,NIA,NIA,NIA,NIA,NIA
255,cardiffnlp/xlm-roberta-base-tweet-sentiment-de,NIA,NIA,NIA,NIA,FIA,NIA,FIA,NIA,NIA,NIA,NIA,U,NIA,NIA,NIA,NIA,NIA,NIA,FIA,U,NIA,NIA,NIA,NIA,NIA,NIA,NIA,NIA,NIA,NIA,NIA,NIA,NIA,NIA,NIA,NIA,NIA,NIA,NIA
256,Venkatesh4342/distilbert-helpdesk-sentence-sentiment,NIA,NIA,NIA,NIA,NIA,NIA,FIA,NIA,NIA,NIA,NIA,NIA,NIA,NIA,FIA,NIA,NIA,NIA,U,U,NIA,NIA,NIA,NIA,NIA,NIA,NIA,NIA,NIA,U,U,NIA,NIA,NIA,NIA,NIA,NIA,NIA,NIA
257,mrcaelumn/yelp_restaurant_review_sentiment_analysis,NIA,NIA,NIA,NIA,NIA,NIA,NIA,NIA,NIA,NIA,NIA,NIA,NIA,NIA,NIA,NIA,NIA,NIA,NIA,NIA,NIA,NIA,NIA,NIA,NIA,NIA,NIA,NIA,NIA,NIA,NIA,NIA,NIA,NIA,NIA,NIA,NIA,NIA,NIA
258,cardiffnlp/xlm-v-base-tweet-sentiment-es,NIA,NIA,NIA,NIA,U,NIA,FIA,NIA,NIA,NIA,NIA,U,NIA,NIA,NIA,NIA,NIA,NIA,FIA,U,NIA,NIA,NIA,NIA,NIA,NIA,NIA,NIA,NIA,NIA,NIA,NIA,NIA,NIA,NIA,NIA,NIA,NIA,NIA
259,Kapiche/twitter-roberta-base-sentiment-latest,NIA,NIA,NIA,FIA,FIA,NIA,NIA,FIA,FIA,NIA,FIA,U,NIA,NIA,NIA,NIA,NIA,NIA,NIA,NIA,NIA,PIA,NIA,NIA,NIA,NIA,NIA,NIA,NIA,NIA,NIA,NIA,NIA,NIA,FIA,NIA,NIA,NIA,NIA
260,cardiffnlp/xlm-v-base-tweet-sentiment-it,NIA,NIA,NIA,NIA,U,NIA,FIA,NIA,NIA,NIA,NIA,U,NIA,NIA,NIA,NIA,NIA,NIA,FIA,U,NIA,NIA,NIA,NIA,NIA,NIA,NIA,NIA,NIA,NIA,NIA,NIA,NIA,NIA,NIA,NIA,NIA,NIA,NIA
261,bardsai/twitter-sentiment-pl-fast,NIA,NIA,NIA,FIA,U,NIA,NIA,NIA,NIA,NIA,FIA,U,NIA,NIA,NIA,NIA,NIA,NIA,FIA,FIA,NIA,NIA,NIA,NIA,NIA,NIA,FIA,NIA,NIA,NIA,NIA,NIA,NIA,NIA,NIA,NIA,NIA,NIA,NIA
262,cardiffnlp/xlm-roberta-base-tweet-sentiment-en,NIA,NIA,NIA,NIA,U,NIA,FIA,NIA,NIA,NIA,NIA,NIA,NIA,NIA,NIA,NIA,NIA,NIA,FIA,U,NIA,NIA,NIA,NIA,NIA,NIA,NIA,NIA,NIA,NIA,NIA,NIA,NIA,NIA,NIA,NIA,NIA,NIA,NIA
263,svalabs/twitter-xlm-roberta-bitcoin-sentiment,NIA,NIA,NIA,NIA,NIA,NIA,FIA,NIA,NIA,NIA,NIA,U,NIA,NIA,NIA,NIA,NIA,NIA,U,U,NIA,NIA,NIA,NIA,NIA,NIA,NIA,NIA,NIA,NIA,NIA,NIA,NIA,NIA,NIA,NIA,NIA,NIA,NIA
264,DingYao/autotrain-fbert-singlish-5-1943965533,NIA,NIA,NIA,NIA,NIA,NIA,NIA,NIA,NIA,NIA,NIA,NIA,NIA,NIA,NIA,NIA,NIA,NIA,NIA,NIA,NIA,NIA,NIA,NIA,NIA,NIA,FIA,NIA,U,NIA,NIA,NIA,NIA,NIA,NIA,NIA,NIA,NIA,NIA
265,bardsai/finance-sentiment-ja-base,NIA,NIA,NIA,FIA,FIA,NIA,NIA,NIA,NIA,NIA,FIA,NIA,NIA,NIA,NIA,NIA,NIA,NIA,FIA,FIA,NIA,NIA,NIA,NIA,NIA,NIA,FIA,NIA,NIA,NIA,NIA,NIA,NIA,NIA,NIA,NIA,NIA,NIA,NIA
266,DunnBC22/distilbert-base-uncased-Financial_Sentiment_Analysis,NIA,NIA,NIA,NIA,NIA,NIA,FIA,NIA,NIA,NIA,FIA,U,U,NIA,FIA,NIA,U,NIA,FIA,FIA,NIA,NIA,NIA,NIA,NIA,NIA,NIA,NIA,NIA,U,U,NIA,NIA,NIA,NIA,NIA,NIA,NIA,NIA
267,DunnBC22/distilbert-base-uncased-US_Airline_Twitter_Sentiment_Analysis,NIA,NIA,NIA,NIA,NIA,NIA,NIA,NIA,NIA,NIA,NIA,U,U,NIA,FIA,NIA,U,NIA,FIA,FIA,NIA,NIA,NIA,NIA,NIA,NIA,NIA,NIA,NIA,U,U,NIA,NIA,NIA,NIA,NIA,NIA,NIA,NIA
268,cardiffnlp/xlm-roberta-base-tweet-sentiment-fr,NIA,NIA,NIA,NIA,U,NIA,FIA,NIA,NIA,NIA,NIA,U,NIA,NIA,NIA,NIA,NIA,NIA,FIA,U,NIA,NIA,NIA,NIA,NIA,NIA,NIA,NIA,NIA,NIA,NIA,NIA,NIA,NIA,NIA,NIA,NIA,NIA,NIA
269,GhylB/Sentiment_Analysis_DistilBERT,NIA,NIA,NIA,NIA,NIA,NIA,NIA,NIA,NIA,NIA,NIA,NIA,NIA,NIA,NIA,NIA,NIA,NIA,NIA,NIA,NIA,NIA,NIA,NIA,NIA,NIA,NIA,NIA,NIA,NIA,NIA,NIA,NIA,NIA,NIA,NIA,NIA,NIA,NIA
270,meghanabhange/Hinglish-Bert-Class,NIA,NIA,NIA,NIA,NIA,NIA,NIA,NIA,NIA,NIA,NIA,NIA,NIA,NIA,NIA,NIA,NIA,NIA,NIA,NIA,NIA,NIA,NIA,NIA,NIA,NIA,NIA,NIA,NIA,NIA,NIA,NIA,NIA,NIA,NIA,NIA,NIA,NIA,NIA
271,Abdelrahman-Rezk/emotion-english-distilroberta-base-fine_tuned_for_amazon_reviews_english_3,NIA,NIA,NIA,NIA,NIA,NIA,NIA,NIA,NIA,NIA,NIA,NIA,NIA,NIA,NIA,NIA,NIA,NIA,NIA,NIA,NIA,NIA,NIA,NIA,NIA,NIA,NIA,NIA,NIA,NIA,NIA,NIA,NIA,NIA,NIA,NIA,NIA,NIA,NIA
272,adnanakbr/emotion-english-distilroberta-base-fine_tuned_for_amazon_english_reviews_on_200K_review,NIA,NIA,NIA,NIA,NIA,NIA,NIA,NIA,NIA,NIA,NIA,NIA,NIA,NIA,NIA,NIA,NIA,NIA,NIA,NIA,NIA,NIA,NIA,NIA,NIA,NIA,NIA,NIA,NIA,NIA,NIA,NIA,NIA,NIA,NIA,NIA,NIA,NIA,NIA
273,yanezh/twiiter_try4_fold2,NIA,NIA,NIA,NIA,NIA,NIA,NIA,NIA,NIA,NIA,NIA,NIA,NIA,NIA,NIA,NIA,NIA,NIA,NIA,NIA,NIA,NIA,NIA,NIA,NIA,NIA,NIA,NIA,NIA,NIA,NIA,NIA,NIA,NIA,NIA,NIA,NIA,NIA,NIA
274,intanm/fin-sa-post-trained-indobert-base-finnews-5,NIA,NIA,NIA,NIA,NIA,NIA,NIA,NIA,NIA,NIA,NIA,NIA,NIA,NIA,NIA,NIA,NIA,NIA,NIA,NIA,NIA,NIA,NIA,NIA,NIA,NIA,NIA,NIA,NIA,NIA,NIA,NIA,NIA,NIA,NIA,NIA,NIA,NIA,NIA
275,dhikaardianto/TiktokSentimentIndoBertTwitter,NIA,NIA,NIA,NIA,NIA,NIA,NIA,NIA,NIA,NIA,NIA,NIA,NIA,NIA,NIA,NIA,NIA,NIA,NIA,NIA,NIA,NIA,NIA,NIA,NIA,NIA,NIA,NIA,NIA,NIA,NIA,NIA,NIA,NIA,NIA,NIA,NIA,NIA,NIA
276,tyqiangz/indobert-lite-large-p2-smsa,NIA,NIA,NIA,NIA,NIA,NIA,FIA,NIA,FIA,NIA,FIA,NIA,U,NIA,FIA,NIA,NIA,NIA,FIA,FIA,NIA,NIA,NIA,NIA,NIA,NIA,U,NIA,NIA,NIA,NIA,NIA,NIA,NIA,NIA,NIA,NIA,NIA,NIA
277,Nelver28/sentiment-analysis-positive-mixed-negative,NIA,NIA,NIA,NIA,NIA,NIA,FIA,NIA,NIA,NIA,NIA,NIA,NIA,NIA,FIA,NIA,NIA,NIA,U,FIA,NIA,NIA,NIA,NIA,NIA,NIA,NIA,NIA,NIA,U,U,NIA,NIA,NIA,NIA,NIA,NIA,NIA,NIA
278,kartashoffv/vashkontrol-sentiment-rubert,NIA,NIA,NIA,NIA,NIA,NIA,FIA,NIA,NIA,NIA,FIA,U,NIA,NIA,FIA,NIA,U,NIA,U,FIA,NIA,NIA,NIA,NIA,NIA,NIA,FIA,NIA,NIA,U,U,NIA,NIA,NIA,NIA,NIA,NIA,NIA,NIA
279,zainalq7/autotrain-NLU_crypto_sentiment_analysis-754123133,NIA,NIA,NIA,NIA,NIA,NIA,NIA,NIA,NIA,NIA,NIA,NIA,NIA,NIA,NIA,NIA,NIA,NIA,FIA,U,NIA,NIA,NIA,NIA,NIA,NIA,FIA,NIA,U,NIA,NIA,NIA,NIA,NIA,NIA,NIA,NIA,NIA,NIA
280,cardiffnlp/xlm-v-base-tweet-sentiment-fr,NIA,NIA,NIA,NIA,U,NIA,FIA,NIA,NIA,NIA,NIA,U,NIA,NIA,NIA,NIA,NIA,NIA,FIA,U,NIA,NIA,NIA,NIA,NIA,NIA,NIA,NIA,NIA,NIA,NIA,NIA,NIA,NIA,NIA,NIA,NIA,NIA,NIA
281,CK42/sentiment_analysis_sbcBI,NIA,NIA,NIA,NIA,FIA,NIA,NIA,FIA,FIA,NIA,NIA,NIA,NIA,NIA,NIA,NIA,NIA,NIA,NIA,NIA,NIA,NIA,FIA,NIA,NIA,NIA,NIA,NIA,NIA,NIA,NIA,NIA,NIA,NIA,NIA,NIA,NIA,NIA,NIA
282,adnanakbr/bert-base-multilingual-uncased-sentiment-fine_tuned_for_amazon_english_reviews_on_200K_review_v2,NIA,NIA,NIA,NIA,NIA,NIA,NIA,NIA,NIA,NIA,NIA,NIA,NIA,NIA,NIA,NIA,NIA,NIA,NIA,NIA,NIA,NIA,NIA,NIA,NIA,NIA,NIA,NIA,NIA,NIA,NIA,NIA,NIA,NIA,NIA,NIA,NIA,NIA,NIA
283,mirfan899/da_spacy_sentiment,NIA,NIA,NIA,NIA,NIA,NIA,NIA,NIA,NIA,NIA,U,NIA,NIA,NIA,NIA,NIA,NIA,NIA,U,FIA,NIA,NIA,NIA,NIA,NIA,NIA,NIA,NIA,NIA,NIA,NIA,NIA,NIA,NIA,NIA,NIA,NIA,NIA,NIA
284,cardiffnlp/xlm-v-base-tweet-sentiment-en,NIA,NIA,NIA,NIA,FIA,NIA,FIA,NIA,NIA,NIA,NIA,NIA,NIA,NIA,NIA,NIA,NIA,NIA,FIA,U,NIA,NIA,NIA,NIA,NIA,NIA,NIA,NIA,NIA,NIA,NIA,NIA,NIA,NIA,NIA,NIA,NIA,NIA,NIA
285,DunnBC22/bert-base-uncased-Twitter_Sentiment_Analysis_v2,NIA,NIA,NIA,NIA,NIA,NIA,FIA,NIA,NIA,NIA,NIA,NIA,NIA,NIA,FIA,NIA,NIA,NIA,NIA,NIA,NIA,NIA,NIA,NIA,NIA,NIA,NIA,NIA,NIA,U,U,NIA,NIA,NIA,NIA,NIA,NIA,NIA,NIA
286,TankuVie/bert-base-multilingual-uncased-vietnamese_sentiment_analysis,NIA,NIA,NIA,NIA,U,NIA,FIA,NIA,NIA,NIA,NIA,U,NIA,NIA,FIA,NIA,NIA,NIA,U,U,NIA,NIA,NIA,NIA,NIA,NIA,NIA,NIA,NIA,U,U,NIA,NIA,NIA,NIA,NIA,NIA,NIA,NIA
287,duwuonline/mymodel-classify-sentiment,NIA,NIA,NIA,NIA,NIA,NIA,NIA,NIA,NIA,NIA,NIA,NIA,NIA,NIA,NIA,NIA,NIA,NIA,NIA,NIA,NIA,NIA,NIA,NIA,NIA,NIA,NIA,NIA,NIA,NIA,NIA,NIA,FIA,NIA,NIA,NIA,NIA,NIA,NIA
288,Tobias/bert-base-german-cased_German_Hotel_sentiment,NIA,NIA,NIA,NIA,NIA,NIA,FIA,NIA,NIA,NIA,NIA,NIA,NIA,NIA,U,NIA,NIA,NIA,FIA,FIA,NIA,NIA,NIA,NIA,NIA,NIA,NIA,NIA,NIA,NIA,NIA,NIA,NIA,NIA,NIA,NIA,NIA,NIA,NIA
289,eevvgg/PaReS-sentimenTw-political-PL,NIA,NIA,NIA,NIA,NIA,NIA,FIA,NIA,FIA,NIA,NIA,NIA,NIA,NIA,U,NIA,NIA,NIA,U,U,NIA,NIA,NIA,NIA,NIA,NIA,FIA,NIA,NIA,NIA,NIA,NIA,NIA,NIA,NIA,NIA,NIA,NIA,NIA
290,venetis/distilroberta-base-finetuned-3d-sentiment,NIA,NIA,NIA,NIA,NIA,NIA,FIA,NIA,NIA,NIA,NIA,NIA,NIA,NIA,FIA,NIA,NIA,NIA,U,FIA,NIA,NIA,NIA,NIA,NIA,NIA,NIA,NIA,NIA,U,U,NIA,NIA,NIA,NIA,NIA,NIA,NIA,NIA
291,A-Funakoshi/bert-finetuned-multilingual-sentiments,NIA,NIA,NIA,NIA,NIA,NIA,NIA,NIA,NIA,NIA,NIA,NIA,NIA,NIA,NIA,NIA,NIA,NIA,NIA,NIA,NIA,NIA,NIA,NIA,NIA,NIA,NIA,NIA,NIA,NIA,NIA,NIA,NIA,NIA,NIA,NIA,NIA,NIA,NIA
292,devtanumisra/finetuning-sentiment-model-deberta-smote,NIA,NIA,NIA,NIA,NIA,NIA,FIA,NIA,NIA,NIA,NIA,NIA,NIA,NIA,NIA,NIA,NIA,NIA,U,FIA,NIA,NIA,NIA,NIA,NIA,NIA,NIA,NIA,NIA,U,U,NIA,NIA,NIA,NIA,NIA,NIA,NIA,NIA
293,sasha/autotrain-BERTBase-TweetEval-1281248996,NIA,NIA,NIA,NIA,NIA,NIA,NIA,NIA,NIA,NIA,NIA,NIA,NIA,NIA,U,NIA,NIA,NIA,FIA,U,NIA,NIA,NIA,NIA,NIA,NIA,FIA,NIA,U,NIA,NIA,NIA,NIA,NIA,NIA,NIA,NIA,NIA,NIA
294,cardiffnlp/mbert-base-tweet-sentiment-it,NIA,NIA,NIA,NIA,FIA,NIA,FIA,NIA,NIA,NIA,NIA,U,NIA,NIA,NIA,NIA,U,NIA,FIA,U,NIA,NIA,NIA,NIA,NIA,NIA,NIA,NIA,NIA,NIA,NIA,NIA,NIA,NIA,NIA,NIA,NIA,NIA,NIA
295,candra/indobertweet-sentiment2,NIA,NIA,NIA,NIA,NIA,NIA,FIA,NIA,NIA,NIA,NIA,NIA,NIA,NIA,FIA,NIA,NIA,NIA,NIA,NIA,NIA,NIA,NIA,NIA,NIA,NIA,NIA,NIA,NIA,U,U,NIA,NIA,NIA,NIA,NIA,NIA,NIA,NIA
296,Jonathan0528/bert-base-uncased-financial-news-sentiment,NIA,NIA,U,U,U,NIA,U,NIA,NIA,NIA,NIA,NIA,NIA,NIA,NIA,NIA,NIA,NIA,NIA,NIA,NIA,NIA,NIA,NIA,NIA,NIA,NIA,NIA,NIA,NIA,NIA,NIA,NIA,NIA,NIA,NIA,NIA,NIA,NIA
297,sismetanin/rubert_conversational-ru-sentiment-krnd,NIA,NIA,NIA,NIA,NIA,NIA,NIA,NIA,NIA,NIA,NIA,NIA,NIA,NIA,NIA,NIA,NIA,NIA,NIA,NIA,NIA,NIA,NIA,NIA,NIA,NIA,NIA,NIA,NIA,NIA,NIA,NIA,NIA,NIA,NIA,NIA,NIA,NIA,NIA
298,RogerB/kin-sentiC,NIA,NIA,NIA,NIA,NIA,NIA,FIA,NIA,NIA,NIA,U,U,NIA,NIA,FIA,NIA,U,NIA,U,FIA,NIA,NIA,NIA,NIA,NIA,NIA,NIA,NIA,NIA,U,U,NIA,NIA,NIA,NIA,NIA,NIA,NIA,NIA
299,Anthos23/my-awesome-model,NIA,NIA,NIA,NIA,NIA,NIA,NIA,NIA,NIA,NIA,NIA,NIA,NIA,NIA,NIA,NIA,NIA,NIA,NIA,NIA,NIA,NIA,NIA,NIA,NIA,NIA,NIA,NIA,NIA,NIA,NIA,NIA,NIA,NIA,NIA,NIA,NIA,NIA,NIA
300,Splend1dchan/bert-base-uncased-slue-goldtrascription-e3-lr1e-4,NIA,NIA,NIA,NIA,NIA,NIA,NIA,NIA,NIA,NIA,NIA,NIA,NIA,NIA,NIA,NIA,NIA,NIA,NIA,NIA,NIA,NIA,NIA,NIA,NIA,NIA,NIA,NIA,NIA,NIA,NIA,NIA,NIA,NIA,NIA,NIA,NIA,NIA,NIA
301,course5i/SEAD-L-6_H-256_A-8-mnli,NIA,NIA,NIA,U,NIA,NIA,U,NIA,U,NIA,NIA,NIA,NIA,NIA,U,NIA,NIA,NIA,U,U,NIA,NIA,NIA,NIA,NIA,NIA,NIA,NIA,NIA,U,U,NIA,NIA,NIA,U,NIA,NIA,NIA,NIA
302,Narsil/finbert-slow,NIA,NIA,NIA,U,NIA,NIA,FIA,NIA,NIA,NIA,U,NIA,NIA,NIA,NIA,NIA,NIA,NIA,NIA,NIA,NIA,NIA,NIA,NIA,NIA,NIA,NIA,NIA,NIA,NIA,NIA,NIA,NIA,NIA,NIA,NIA,NIA,NIA,NIA
303,sairahul5223/autotrain-auto-train-intent-classification-20220928-1584756071,NIA,NIA,NIA,NIA,NIA,NIA,NIA,NIA,NIA,NIA,NIA,NIA,NIA,NIA,NIA,NIA,NIA,NIA,FIA,NIA,NIA,NIA,NIA,NIA,NIA,NIA,U,NIA,U,NIA,NIA,NIA,NIA,NIA,NIA,NIA,NIA,NIA,NIA
304,FinScience/FS-distilroberta-fine-tuned,NIA,NIA,NIA,NIA,U,NIA,U,NIA,NIA,NIA,U,U,NIA,NIA,NIA,NIA,U,NIA,U,U,NIA,NIA,NIA,NIA,NIA,NIA,NIA,NIA,NIA,NIA,NIA,NIA,NIA,NIA,NIA,NIA,NIA,NIA,NIA
305,senfu/bert-base-uncased-top-pruned-mnli,NIA,NIA,NIA,NIA,NIA,NIA,NIA,NIA,NIA,NIA,NIA,NIA,NIA,NIA,NIA,NIA,NIA,NIA,NIA,NIA,NIA,NIA,NIA,NIA,NIA,NIA,NIA,NIA,NIA,NIA,NIA,NIA,NIA,NIA,NIA,NIA,NIA,NIA,NIA
306,ruanchaves/bert-base-portuguese-cased-porsimplessent,NIA,NIA,NIA,U,U,NIA,U,U,NIA,U,U,NIA,NIA,NIA,NIA,NIA,NIA,NIA,NIA,NIA,NIA,NIA,NIA,NIA,NIA,NIA,U,NIA,NIA,NIA,NIA,NIA,NIA,NIA,U,NIA,NIA,NIA,NIA
307,Cincin-nvp/NusaX-senti_XLM-R,NIA,NIA,NIA,NIA,NIA,NIA,NIA,NIA,NIA,NIA,NIA,NIA,NIA,NIA,NIA,NIA,NIA,NIA,NIA,NIA,NIA,NIA,NIA,NIA,NIA,NIA,NIA,NIA,NIA,NIA,NIA,NIA,NIA,NIA,NIA,NIA,NIA,NIA,NIA
308,rhythm00/HF_tutor,NIA,NIA,U,NIA,NIA,NIA,U,NIA,NIA,NIA,NIA,NIA,NIA,NIA,NIA,NIA,NIA,NIA,NIA,NIA,NIA,NIA,NIA,NIA,NIA,NIA,NIA,NIA,NIA,NIA,NIA,NIA,NIA,NIA,NIA,NIA,NIA,NIA,NIA
309,mlkorra/obgv-gender-bert-hi-en,NIA,NIA,NIA,NIA,NIA,NIA,NIA,NIA,NIA,NIA,NIA,NIA,NIA,NIA,NIA,NIA,NIA,NIA,NIA,NIA,NIA,NIA,NIA,NIA,NIA,NIA,NIA,NIA,NIA,NIA,NIA,NIA,NIA,NIA,NIA,NIA,NIA,NIA,NIA
310,Svetlana0303/Classfication_longformer,NIA,NIA,NIA,NIA,NIA,NIA,FIA,NIA,NIA,NIA,NIA,NIA,NIA,NIA,FIA,NIA,NIA,NIA,U,U,NIA,NIA,NIA,NIA,NIA,NIA,NIA,NIA,NIA,U,U,NIA,NIA,NIA,NIA,NIA,NIA,NIA,NIA
311,sara-nabhani/ML-ns-bert-base-uncased,NIA,NIA,NIA,NIA,NIA,NIA,NIA,NIA,NIA,NIA,NIA,NIA,NIA,NIA,NIA,NIA,NIA,NIA,NIA,NIA,NIA,NIA,NIA,NIA,NIA,NIA,NIA,NIA,NIA,NIA,NIA,NIA,NIA,NIA,NIA,NIA,NIA,NIA,NIA
312,yanezh/twiiter_try6_fold1,NIA,NIA,NIA,NIA,NIA,NIA,NIA,NIA,NIA,NIA,NIA,NIA,NIA,NIA,NIA,NIA,NIA,NIA,NIA,NIA,NIA,NIA,NIA,NIA,NIA,NIA,NIA,NIA,NIA,NIA,NIA,NIA,NIA,NIA,NIA,NIA,NIA,NIA,NIA
313,davidchiii/news-headlines,NIA,NIA,NIA,NIA,NIA,NIA,NIA,NIA,NIA,NIA,NIA,NIA,NIA,NIA,NIA,NIA,NIA,NIA,NIA,NIA,NIA,NIA,NIA,NIA,NIA,NIA,NIA,NIA,NIA,NIA,NIA,NIA,NIA,NIA,NIA,NIA,NIA,NIA,NIA
314,Hyeonseo/finance_news_classifier,NIA,NIA,NIA,NIA,NIA,NIA,FIA,NIA,NIA,NIA,NIA,NIA,NIA,NIA,FIA,NIA,NIA,NIA,U,U,NIA,NIA,NIA,NIA,NIA,NIA,NIA,NIA,NIA,U,U,NIA,NIA,NIA,NIA,NIA,NIA,NIA,NIA
315,dogruermikail/bert-fine-tuning-sentiment-stocks-analyis-uncased,NIA,NIA,NIA,NIA,NIA,NIA,NIA,NIA,NIA,NIA,NIA,NIA,NIA,NIA,U,NIA,NIA,NIA,NIA,NIA,NIA,NIA,NIA,NIA,NIA,NIA,NIA,NIA,NIA,U,U,NIA,NIA,NIA,NIA,NIA,NIA,NIA,NIA
316,finiteautomata/beto-headlines-sentiment-analysis,NIA,NIA,NIA,U,NIA,NIA,NIA,NIA,NIA,NIA,NIA,NIA,NIA,NIA,NIA,NIA,NIA,NIA,NIA,NIA,NIA,NIA,NIA,NIA,NIA,NIA,NIA,NIA,NIA,NIA,NIA,NIA,NIA,NIA,NIA,NIA,NIA,NIA,NIA
317,MavisAJ/Sentiment_analysis_roberta_model,NIA,NIA,NIA,NIA,NIA,NIA,NIA,NIA,NIA,NIA,NIA,NIA,NIA,NIA,NIA,NIA,NIA,NIA,NIA,NIA,NIA,NIA,NIA,NIA,NIA,NIA,NIA,NIA,NIA,NIA,NIA,NIA,NIA,NIA,NIA,NIA,NIA,NIA,NIA
318,cardiffnlp/xlm-v-base-tweet-sentiment-ar,NIA,NIA,NIA,NIA,U,NIA,FIA,NIA,NIA,NIA,NIA,NIA,NIA,NIA,NIA,NIA,U,NIA,FIA,U,NIA,NIA,NIA,NIA,NIA,NIA,NIA,NIA,NIA,NIA,NIA,NIA,NIA,NIA,NIA,NIA,NIA,NIA,NIA
319,cardiffnlp/xlm-roberta-base-tweet-sentiment-ar,NIA,NIA,NIA,NIA,NIA,NIA,FIA,NIA,NIA,NIA,NIA,NIA,NIA,NIA,NIA,NIA,U,NIA,FIA,U,NIA,NIA,NIA,NIA,NIA,NIA,NIA,NIA,NIA,NIA,NIA,NIA,NIA,NIA,NIA,NIA,NIA,NIA,NIA
320,cardiffnlp/xlm-roberta-base-tweet-sentiment-es,NIA,NIA,NIA,NIA,U,NIA,FIA,NIA,NIA,NIA,NIA,NIA,NIA,NIA,NIA,NIA,U,NIA,FIA,U,NIA,NIA,NIA,NIA,NIA,NIA,NIA,NIA,NIA,NIA,NIA,NIA,NIA,NIA,NIA,NIA,NIA,NIA,NIA
321,benjaminbeilharz/bert-base-uncased-sentiment-classifier,NIA,NIA,NIA,NIA,NIA,NIA,NIA,NIA,NIA,NIA,NIA,NIA,NIA,NIA,NIA,NIA,NIA,NIA,NIA,NIA,NIA,NIA,NIA,NIA,NIA,NIA,NIA,NIA,NIA,NIA,NIA,NIA,NIA,NIA,NIA,NIA,NIA,NIA,NIA
322,oandreae/financial_sentiment_model,NIA,NIA,NIA,NIA,NIA,NIA,FIA,NIA,NIA,NIA,NIA,NIA,NIA,NIA,FIA,NIA,NIA,NIA,U,FIA,NIA,NIA,NIA,NIA,NIA,NIA,NIA,NIA,NIA,U,U,NIA,NIA,NIA,NIA,NIA,NIA,NIA,NIA
323,RogerKam/roberta_fine_tuned_sentiment_financial_news,NIA,NIA,NIA,NIA,NIA,NIA,FIA,NIA,NIA,NIA,NIA,NIA,NIA,NIA,FIA,NIA,NIA,NIA,U,FIA,NIA,NIA,NIA,NIA,NIA,NIA,NIA,NIA,NIA,U,U,NIA,NIA,NIA,NIA,NIA,NIA,NIA,NIA
324,UchihaMadara/phobert-finetuned-sentiment-analysis,NIA,NIA,NIA,NIA,NIA,NIA,FIA,NIA,NIA,NIA,NIA,NIA,NIA,NIA,FIA,NIA,NIA,NIA,U,FIA,NIA,NIA,NIA,NIA,NIA,NIA,NIA,NIA,NIA,U,U,NIA,NIA,NIA,NIA,NIA,NIA,NIA,NIA
325,Mawulom/Fine-Tuned-Bert_Base_Cased_Sentiment_Analysis,NIA,NIA,NIA,NIA,NIA,NIA,FIA,NIA,NIA,NIA,NIA,NIA,NIA,NIA,NIA,NIA,NIA,NIA,NIA,FIA,NIA,NIA,NIA,NIA,NIA,NIA,NIA,NIA,NIA,NIA,NIA,NIA,NIA,NIA,NIA,NIA,NIA,NIA,NIA
326,Abdelrahman-Rezk/emotion-english-distilroberta-base-fine_tuned_for_amazon_english_reviews_V03_on_100K_review,NIA,NIA,NIA,NIA,NIA,NIA,NIA,NIA,NIA,NIA,NIA,NIA,NIA,NIA,NIA,NIA,NIA,NIA,NIA,NIA,NIA,NIA,NIA,NIA,NIA,NIA,NIA,NIA,NIA,NIA,NIA,NIA,NIA,NIA,NIA,NIA,NIA,NIA,NIA
327,salohnana2018/ARABERT02-best-trail,NIA,NIA,NIA,NIA,NIA,NIA,NIA,NIA,NIA,NIA,NIA,NIA,NIA,NIA,NIA,NIA,NIA,NIA,NIA,NIA,NIA,NIA,NIA,NIA,NIA,NIA,NIA,NIA,NIA,NIA,NIA,NIA,NIA,NIA,NIA,NIA,NIA,NIA,NIA
328,neojex/testing,NIA,NIA,NIA,NIA,NIA,NIA,NIA,NIA,NIA,NIA,NIA,NIA,NIA,NIA,NIA,NIA,NIA,NIA,NIA,NIA,NIA,NIA,NIA,NIA,NIA,NIA,NIA,NIA,NIA,NIA,NIA,NIA,NIA,NIA,NIA,NIA,NIA,NIA,NIA
329,CultureBERT/roberta-large-adhocracy,NIA,NIA,NIA,NIA,NIA,NIA,FIA,NIA,U,NIA,U,NIA,NIA,NIA,NIA,NIA,NIA,NIA,NIA,NIA,NIA,NIA,NIA,NIA,NIA,NIA,NIA,NIA,NIA,NIA,NIA,NIA,NIA,NIA,NIA,NIA,NIA,NIA,NIA
330,yanezh/twiiter_try10_fold4,NIA,NIA,NIA,NIA,NIA,NIA,NIA,NIA,NIA,NIA,NIA,NIA,NIA,NIA,NIA,NIA,NIA,NIA,NIA,NIA,NIA,NIA,NIA,NIA,NIA,NIA,NIA,NIA,NIA,NIA,NIA,NIA,NIA,NIA,NIA,NIA,NIA,NIA,NIA
331,yanezh/twiiter_try15_fold3,NIA,NIA,NIA,NIA,NIA,NIA,FIA,NIA,NIA,NIA,NIA,NIA,NIA,NIA,FIA,NIA,NIA,NIA,U,FIA,NIA,NIA,NIA,NIA,NIA,NIA,NIA,NIA,NIA,U,U,NIA,NIA,NIA,NIA,NIA,NIA,NIA,NIA
332,Tejas3/distillbert_base_uncased_80,NIA,NIA,NIA,NIA,NIA,NIA,NIA,NIA,NIA,NIA,NIA,NIA,NIA,NIA,NIA,NIA,NIA,NIA,NIA,NIA,NIA,NIA,NIA,NIA,NIA,NIA,NIA,NIA,NIA,NIA,NIA,NIA,NIA,NIA,NIA,NIA,NIA,NIA,NIA
333,salohnana2018/ABSA-Pair-domainAdapt-CAMEL-MSA-HARD-ImbalancedHandling-absoluteWeights-gamma1-dropout01,NIA,NIA,NIA,NIA,NIA,NIA,NIA,NIA,NIA,NIA,NIA,NIA,NIA,NIA,NIA,NIA,NIA,NIA,NIA,NIA,NIA,NIA,NIA,NIA,NIA,NIA,NIA,NIA,NIA,NIA,NIA,NIA,NIA,NIA,NIA,NIA,NIA,NIA,NIA
334,salohnana2018/ABSA-Pair-domainAdapt-CAMEL-MSA-HARD-ImbalancedHandling-inv-prop-weights-gamma1,NIA,NIA,NIA,NIA,NIA,NIA,NIA,NIA,NIA,NIA,NIA,NIA,NIA,NIA,NIA,NIA,NIA,NIA,NIA,NIA,NIA,NIA,NIA,NIA,NIA,NIA,NIA,NIA,NIA,NIA,NIA,NIA,NIA,NIA,NIA,NIA,NIA,NIA,NIA
335,CMunch/fine_tuned_dota,NIA,NIA,NIA,NIA,NIA,NIA,FIA,NIA,NIA,NIA,NIA,NIA,NIA,NIA,FIA,NIA,NIA,NIA,U,FIA,NIA,NIA,NIA,NIA,NIA,NIA,NIA,NIA,NIA,U,U,NIA,NIA,NIA,NIA,NIA,NIA,NIA,NIA
336,intanm/sa10-clm-20230403-001-3,NIA,NIA,NIA,NIA,NIA,NIA,FIA,NIA,NIA,NIA,NIA,NIA,NIA,NIA,FIA,NIA,NIA,NIA,U,FIA,NIA,NIA,NIA,NIA,NIA,NIA,NIA,NIA,NIA,U,U,NIA,NIA,NIA,NIA,NIA,NIA,NIA,NIA
337,hazrulakmal/bert-base-uncased-finetuned,NIA,NIA,NIA,NIA,NIA,NIA,FIA,NIA,NIA,NIA,NIA,NIA,NIA,NIA,U,NIA,NIA,NIA,U,FIA,NIA,NIA,NIA,NIA,NIA,NIA,NIA,NIA,NIA,U,U,NIA,NIA,NIA,NIA,NIA,NIA,NIA,NIA
338,intanm/fin-sa-post-trained-indobert-base-finreports-p2-001,NIA,NIA,NIA,NIA,NIA,NIA,NIA,NIA,NIA,NIA,NIA,NIA,NIA,NIA,NIA,NIA,NIA,NIA,NIA,NIA,NIA,NIA,NIA,NIA,NIA,NIA,NIA,NIA,NIA,NIA,NIA,NIA,NIA,NIA,NIA,NIA,NIA,NIA,NIA
339,intanm/fin-sa-post-trained-indobert-base-combined,NIA,NIA,NIA,NIA,NIA,NIA,NIA,NIA,NIA,NIA,NIA,NIA,NIA,NIA,NIA,NIA,NIA,NIA,NIA,NIA,NIA,NIA,NIA,NIA,NIA,NIA,NIA,NIA,NIA,NIA,NIA,NIA,NIA,NIA,NIA,NIA,NIA,NIA,NIA
340,chinmayapani/panich,NIA,NIA,NIA,NIA,NIA,NIA,NIA,NIA,NIA,NIA,NIA,NIA,NIA,NIA,NIA,NIA,NIA,NIA,NIA,NIA,NIA,NIA,NIA,NIA,NIA,NIA,NIA,NIA,NIA,NIA,NIA,NIA,NIA,NIA,NIA,NIA,NIA,NIA,NIA
341,bvint/autotrain-sphere-lecture-demo-1671659193,NIA,NIA,NIA,NIA,NIA,NIA,NIA,NIA,NIA,NIA,NIA,NIA,NIA,NIA,NIA,NIA,NIA,NIA,FIA,NIA,NIA,NIA,NIA,NIA,NIA,NIA,U,NIA,U,NIA,NIA,NIA,NIA,NIA,NIA,NIA,NIA,NIA,NIA
342,DingYao/autotrain-fbert-singlish-1755361190,NIA,NIA,NIA,NIA,NIA,NIA,NIA,NIA,NIA,NIA,NIA,NIA,NIA,NIA,NIA,NIA,NIA,NIA,FIA,NIA,NIA,NIA,NIA,NIA,NIA,NIA,U,NIA,U,NIA,NIA,NIA,NIA,NIA,NIA,NIA,NIA,NIA,NIA
343,jordankrishnayah/robertaSentimentBiasTestwithMBIC,NIA,NIA,NIA,NIA,NIA,NIA,NIA,NIA,NIA,NIA,NIA,NIA,NIA,NIA,NIA,NIA,NIA,NIA,NIA,NIA,NIA,NIA,NIA,NIA,NIA,NIA,NIA,NIA,NIA,NIA,NIA,NIA,NIA,NIA,NIA,NIA,NIA,NIA,NIA
344,EMBEDDIA/bertic-tweetsentiment,NIA,NIA,NIA,NIA,NIA,NIA,NIA,NIA,NIA,NIA,NIA,NIA,NIA,NIA,NIA,NIA,NIA,NIA,NIA,NIA,NIA,NIA,NIA,NIA,NIA,NIA,NIA,NIA,NIA,NIA,NIA,NIA,NIA,NIA,NIA,NIA,NIA,NIA,NIA
345,hazrulakmal/benchmark-finetuned-distilbert,NIA,NIA,NIA,NIA,NIA,NIA,FIA,NIA,NIA,NIA,NIA,NIA,NIA,NIA,FIA,NIA,NIA,NIA,U,FIA,NIA,NIA,NIA,NIA,NIA,NIA,NIA,NIA,NIA,U,U,NIA,NIA,NIA,NIA,NIA,NIA,NIA,NIA
346,ultraleow/cloud4bert,NIA,NIA,NIA,NIA,NIA,NIA,FIA,NIA,NIA,NIA,NIA,NIA,NIA,NIA,NIA,NIA,NIA,NIA,U,U,NIA,NIA,NIA,NIA,NIA,NIA,U,NIA,NIA,NIA,NIA,NIA,NIA,NIA,NIA,NIA,NIA,NIA,NIA
347,researchaccount/sa_sub5,NIA,NIA,NIA,NIA,NIA,NIA,NIA,NIA,NIA,NIA,NIA,NIA,NIA,NIA,NIA,NIA,NIA,NIA,NIA,NIA,NIA,NIA,NIA,NIA,NIA,NIA,NIA,NIA,NIA,NIA,NIA,NIA,NIA,NIA,NIA,NIA,NIA,NIA,NIA
348,quesmed/tone,NIA,NIA,NIA,NIA,NIA,NIA,FIA,NIA,NIA,NIA,NIA,NIA,NIA,NIA,FIA,NIA,NIA,NIA,U,FIA,NIA,NIA,NIA,NIA,NIA,NIA,NIA,NIA,NIA,U,U,NIA,NIA,NIA,NIA,NIA,NIA,NIA,NIA
349,EMBEDDIA/english-tweetsentiment,NIA,NIA,NIA,NIA,NIA,NIA,NIA,NIA,NIA,NIA,NIA,NIA,NIA,NIA,NIA,NIA,NIA,NIA,NIA,NIA,NIA,NIA,NIA,NIA,NIA,NIA,NIA,NIA,NIA,NIA,NIA,NIA,NIA,NIA,NIA,NIA,NIA,NIA,NIA
350,BramVanroy/bert-base-multilingual-cased-hebban-reviews,NIA,NIA,NIA,NIA,NIA,NIA,NIA,NIA,NIA,NIA,NIA,U,NIA,NIA,NIA,NIA,NIA,NIA,U,U,NIA,NIA,NIA,NIA,NIA,NIA,NIA,NIA,NIA,U,NIA,NIA,NIA,NIA,NIA,NIA,NIA,NIA,NIA
351,nuriafari/my_model,NIA,NIA,NIA,NIA,NIA,NIA,NIA,NIA,NIA,NIA,NIA,NIA,NIA,NIA,NIA,NIA,NIA,NIA,NIA,NIA,NIA,NIA,NIA,NIA,NIA,NIA,NIA,NIA,NIA,NIA,NIA,NIA,NIA,NIA,NIA,NIA,NIA,NIA,NIA
352,CultureBERT/roberta-large-market,NIA,NIA,NIA,NIA,NIA,NIA,FIA,NIA,U,NIA,U,NIA,NIA,NIA,NIA,NIA,NIA,NIA,NIA,NIA,NIA,NIA,NIA,NIA,NIA,NIA,NIA,NIA,NIA,NIA,NIA,NIA,NIA,NIA,NIA,NIA,NIA,NIA,NIA
353,intanm/mlm_v1_20230327_fin_sa_10,NIA,NIA,NIA,NIA,NIA,NIA,NIA,NIA,NIA,NIA,NIA,NIA,NIA,NIA,NIA,NIA,NIA,NIA,NIA,NIA,NIA,NIA,NIA,NIA,NIA,NIA,NIA,NIA,NIA,NIA,NIA,NIA,NIA,NIA,NIA,NIA,NIA,NIA,NIA
354,DingYao/autotrain-fbert-singlish-2-1937065404,NIA,NIA,NIA,NIA,NIA,NIA,NIA,NIA,NIA,NIA,NIA,NIA,NIA,NIA,NIA,NIA,NIA,NIA,U,NIA,NIA,NIA,NIA,NIA,NIA,NIA,U,NIA,U,NIA,NIA,NIA,NIA,NIA,NIA,NIA,NIA,NIA,NIA
355,course5i/SEAD-L-6_H-384_A-12-mnli,NIA,NIA,NIA,NIA,NIA,NIA,U,NIA,U,NIA,NIA,NIA,NIA,NIA,U,NIA,NIA,NIA,U,U,NIA,NIA,NIA,NIA,NIA,NIA,NIA,NIA,NIA,NIA,NIA,NIA,NIA,NIA,U,NIA,NIA,NIA,NIA
356,intanm/100-finSA-finLM-v1-001,NIA,NIA,NIA,NIA,NIA,NIA,NIA,NIA,NIA,NIA,NIA,NIA,NIA,NIA,NIA,NIA,NIA,NIA,NIA,NIA,NIA,NIA,NIA,NIA,NIA,NIA,NIA,NIA,NIA,NIA,NIA,NIA,NIA,NIA,NIA,NIA,NIA,NIA,NIA
357,cassiepowell/RoBERTa-large-mnli-for-agreement,NIA,NIA,NIA,NIA,NIA,NIA,NIA,NIA,NIA,NIA,NIA,NIA,NIA,NIA,NIA,NIA,NIA,NIA,NIA,NIA,NIA,NIA,NIA,NIA,NIA,NIA,NIA,NIA,NIA,NIA,NIA,NIA,NIA,NIA,NIA,NIA,NIA,NIA,NIA
358,fassahat/anferico-bert-for-patents-finetuned-557k-patent-sentences,NIA,NIA,NIA,NIA,NIA,NIA,NIA,NIA,NIA,NIA,NIA,NIA,NIA,NIA,NIA,NIA,NIA,NIA,NIA,NIA,NIA,NIA,NIA,NIA,NIA,NIA,NIA,NIA,NIA,NIA,NIA,NIA,NIA,NIA,NIA,NIA,NIA,NIA,NIA
359,Anthos23/FS-finbert-fine-tuned-f1,NIA,NIA,NIA,NIA,NIA,NIA,NIA,NIA,NIA,NIA,NIA,NIA,NIA,NIA,NIA,NIA,NIA,NIA,NIA,NIA,NIA,NIA,NIA,NIA,NIA,NIA,NIA,NIA,NIA,NIA,NIA,NIA,NIA,NIA,NIA,NIA,NIA,NIA,NIA
360,researchaccount/sa_sub1,NIA,NIA,NIA,NIA,NIA,NIA,NIA,NIA,NIA,NIA,NIA,NIA,NIA,NIA,NIA,NIA,NIA,NIA,NIA,NIA,NIA,NIA,NIA,NIA,NIA,NIA,NIA,NIA,NIA,NIA,NIA,NIA,NIA,NIA,NIA,NIA,NIA,NIA,NIA
361,DunnBC22/fnet-large-Financial_Sentiment_Analysis_v3,NIA,NIA,NIA,NIA,NIA,NIA,FIA,NIA,NIA,NIA,NIA,U,NIA,NIA,U,NIA,U,NIA,U,U,NIA,NIA,NIA,NIA,NIA,NIA,NIA,NIA,NIA,U,U,NIA,NIA,NIA,NIA,NIA,NIA,NIA,NIA
362,hw2942/bert-base-chinese-finetuning-financial-news-sentiment-test,NIA,NIA,NIA,NIA,NIA,NIA,FIA,NIA,NIA,NIA,NIA,NIA,NIA,NIA,FIA,NIA,NIA,NIA,U,U,NIA,NIA,NIA,NIA,NIA,NIA,NIA,NIA,NIA,U,U,NIA,NIA,NIA,NIA,NIA,NIA,NIA,NIA
363,antypasd/twitter-roberta-base-sentiment-earthquake,NIA,NIA,NIA,NIA,NIA,NIA,U,NIA,U,NIA,NIA,NIA,NIA,NIA,NIA,NIA,NIA,NIA,NIA,NIA,NIA,NIA,NIA,NIA,NIA,NIA,U,NIA,NIA,NIA,NIA,NIA,NIA,NIA,NIA,NIA,NIA,NIA,NIA
364,rod16/v1_finetuning-sentiment-model-news-samples,NIA,NIA,NIA,NIA,NIA,NIA,FIA,NIA,NIA,NIA,NIA,NIA,NIA,NIA,FIA,NIA,NIA,NIA,U,U,NIA,NIA,NIA,NIA,NIA,NIA,NIA,NIA,NIA,U,U,NIA,NIA,NIA,NIA,NIA,NIA,NIA,NIA
365,A-Funakoshi/bert-base-japanese-v3-wrime-sentiment,NIA,NIA,NIA,NIA,NIA,NIA,NIA,NIA,NIA,NIA,NIA,NIA,NIA,NIA,NIA,NIA,NIA,NIA,NIA,NIA,NIA,NIA,NIA,NIA,NIA,NIA,NIA,NIA,NIA,NIA,NIA,NIA,NIA,NIA,NIA,NIA,NIA,NIA,NIA
366,data354/camembert-fr-covid-tweet-sentiment-classification,NIA,NIA,NIA,NIA,NIA,NIA,FIA,NIA,NIA,NIA,U,NIA,NIA,NIA,NIA,NIA,NIA,NIA,NIA,NIA,NIA,NIA,NIA,NIA,NIA,NIA,U,NIA,NIA,NIA,NIA,NIA,NIA,NIA,NIA,NIA,NIA,NIA,NIA
367,sismetanin/rubert_conversational-ru-sentiment-rureviews,NIA,NIA,NIA,U,U,NIA,U,NIA,NIA,NIA,NIA,NIA,NIA,NIA,NIA,NIA,NIA,NIA,U,U,NIA,NIA,NIA,NIA,NIA,NIA,NIA,NIA,NIA,NIA,NIA,NIA,NIA,NIA,U,NIA,NIA,NIA,NIA
368,EMBEDDIA/sloberta-tweetsentiment,NIA,NIA,NIA,NIA,NIA,NIA,NIA,NIA,NIA,NIA,NIA,NIA,NIA,NIA,NIA,NIA,NIA,NIA,NIA,NIA,NIA,NIA,NIA,NIA,NIA,NIA,NIA,NIA,NIA,NIA,NIA,NIA,NIA,NIA,NIA,NIA,NIA,NIA,NIA
369,salohnana2018/ARABERT02,NIA,NIA,NIA,NIA,NIA,NIA,NIA,NIA,NIA,NIA,NIA,NIA,NIA,NIA,NIA,NIA,NIA,NIA,NIA,NIA,NIA,NIA,NIA,NIA,NIA,NIA,NIA,NIA,NIA,NIA,NIA,NIA,NIA,NIA,NIA,NIA,NIA,NIA,NIA
370,slickdata/finetuned-Sentiment-classfication-ROBERTA-model,NIA,NIA,NIA,NIA,NIA,NIA,FIA,NIA,NIA,NIA,NIA,NIA,NIA,NIA,FIA,NIA,NIA,NIA,U,U,NIA,NIA,NIA,NIA,NIA,NIA,NIA,NIA,NIA,U,U,NIA,NIA,NIA,NIA,NIA,NIA,NIA,NIA
371,maegancp/finetuning-sentiment-model,NIA,NIA,NIA,NIA,NIA,NIA,FIA,NIA,NIA,NIA,NIA,U,NIA,NIA,NIA,NIA,NIA,NIA,NIA,NIA,NIA,NIA,NIA,NIA,NIA,NIA,NIA,NIA,NIA,NIA,NIA,NIA,NIA,NIA,NIA,NIA,NIA,NIA,NIA
372,laurens88/finetuning-crypto-tweet-sentiment-test2,NIA,NIA,NIA,NIA,NIA,NIA,FIA,NIA,NIA,NIA,NIA,NIA,NIA,NIA,FIA,NIA,NIA,NIA,NIA,NIA,NIA,NIA,NIA,NIA,NIA,NIA,NIA,NIA,NIA,U,U,NIA,NIA,NIA,NIA,NIA,NIA,NIA,NIA
373,dpeinado/twitter-roberta-base-sentiment-latest-apple-opinions,NIA,NIA,NIA,NIA,NIA,NIA,NIA,NIA,NIA,NIA,NIA,NIA,NIA,NIA,NIA,NIA,NIA,NIA,NIA,NIA,NIA,NIA,NIA,NIA,NIA,NIA,NIA,NIA,NIA,NIA,NIA,NIA,NIA,NIA,NIA,NIA,NIA,NIA,NIA
374,ongknsro/ACARISBERT-DistilBERT,U,NIA,NIA,FIA,FIA,U,FIA,NIA,NIA,NIA,U,NIA,NIA,NIA,NIA,NIA,NIA,NIA,NIA,NIA,NIA,NIA,NIA,NIA,NIA,U,NIA,NIA,NIA,NIA,NIA,NIA,NIA,NIA,NIA,NIA,NIA,NIA,NIA
375,DunnBC22/fnet-base-Financial_Sentiment_Analysis,NIA,NIA,NIA,NIA,NIA,NIA,U,NIA,NIA,NIA,NIA,U,NIA,NIA,U,NIA,U,NIA,U,U,NIA,U,NIA,NIA,NIA,NIA,NIA,NIA,NIA,U,U,NIA,NIA,NIA,NIA,NIA,NIA,NIA,NIA
376,vectorizer/sentiment_analysis_93k_entries,NIA,NIA,NIA,NIA,NIA,NIA,FIA,NIA,NIA,NIA,NIA,NIA,NIA,NIA,FIA,NIA,NIA,NIA,U,FIA,NIA,NIA,NIA,NIA,NIA,NIA,NIA,NIA,NIA,U,U,NIA,NIA,NIA,NIA,NIA,NIA,NIA,NIA
377,bekbote/autotrain-dl-phrasebank-53436126044,NIA,NIA,NIA,NIA,NIA,NIA,NIA,NIA,NIA,NIA,NIA,NIA,NIA,NIA,NIA,NIA,NIA,NIA,U,NIA,NIA,NIA,NIA,NIA,NIA,NIA,U,NIA,U,NIA,NIA,NIA,NIA,NIA,NIA,NIA,NIA,NIA,NIA
378,debashish68/roberta-sent-generali,NIA,NIA,NIA,NIA,NIA,NIA,FIA,NIA,NIA,NIA,NIA,NIA,NIA,NIA,FIA,NIA,NIA,NIA,U,FIA,NIA,NIA,NIA,NIA,NIA,NIA,NIA,NIA,NIA,U,U,NIA,NIA,NIA,NIA,NIA,NIA,NIA,NIA
379,BeChi87/train_model_noStopWord,NIA,NIA,NIA,NIA,NIA,NIA,NIA,NIA,NIA,NIA,NIA,NIA,NIA,NIA,NIA,NIA,NIA,NIA,NIA,NIA,NIA,NIA,NIA,NIA,NIA,NIA,NIA,NIA,NIA,NIA,NIA,NIA,NIA,NIA,NIA,NIA,NIA,NIA,NIA
380,cruiser/roberta_tweet_eval_finetuned,NIA,NIA,NIA,NIA,NIA,NIA,NIA,NIA,NIA,NIA,NIA,NIA,NIA,NIA,NIA,NIA,NIA,NIA,NIA,NIA,NIA,NIA,NIA,NIA,NIA,NIA,NIA,NIA,NIA,NIA,NIA,NIA,NIA,NIA,NIA,NIA,NIA,NIA,NIA
381,cassiepowell/LaBSE-for-agreement,NIA,NIA,NIA,NIA,NIA,NIA,NIA,NIA,NIA,NIA,NIA,NIA,NIA,NIA,NIA,NIA,NIA,NIA,NIA,NIA,NIA,NIA,NIA,NIA,NIA,NIA,NIA,NIA,NIA,NIA,NIA,NIA,NIA,NIA,NIA,NIA,NIA,NIA,NIA
382,Teeto/reviews-classification,NIA,NIA,NIA,NIA,NIA,NIA,FIA,NIA,NIA,NIA,NIA,NIA,NIA,NIA,FIA,NIA,NIA,NIA,U,U,NIA,NIA,NIA,NIA,NIA,NIA,NIA,NIA,NIA,U,U,NIA,NIA,NIA,NIA,NIA,NIA,NIA,NIA
383,gabrielkytz/novo,NIA,NIA,NIA,NIA,NIA,NIA,FIA,NIA,NIA,NIA,NIA,NIA,NIA,NIA,FIA,NIA,NIA,NIA,U,FIA,NIA,NIA,NIA,NIA,NIA,NIA,NIA,NIA,NIA,U,U,NIA,NIA,NIA,NIA,NIA,NIA,NIA,NIA
384,salohnana2018/ABSA-SentencePair-DAPT-HARD-SemEval-bert-base-Camel-MSA-run3,NIA,NIA,U,U,U,U,U,NIA,NIA,NIA,NIA,NIA,NIA,NIA,NIA,NIA,NIA,NIA,NIA,NIA,NIA,NIA,NIA,NIA,NIA,NIA,NIA,NIA,NIA,NIA,NIA,NIA,NIA,NIA,NIA,NIA,NIA,NIA,NIA
385,ruanchaves/mdeberta-v3-base-assin-entailment,NIA,NIA,NIA,U,NIA,NIA,NIA,U,NIA,U,U,NIA,NIA,NIA,NIA,NIA,NIA,NIA,NIA,NIA,NIA,NIA,NIA,NIA,NIA,NIA,U,NIA,NIA,NIA,NIA,NIA,NIA,NIA,NIA,NIA,NIA,NIA,NIA
386,profoz/deploy-mlops-demo,NIA,NIA,NIA,NIA,NIA,NIA,NIA,NIA,NIA,NIA,NIA,NIA,NIA,NIA,NIA,NIA,NIA,NIA,NIA,NIA,NIA,NIA,NIA,NIA,NIA,NIA,NIA,NIA,NIA,NIA,NIA,NIA,NIA,NIA,NIA,NIA,NIA,NIA,NIA
387,intanm/baseline_fin_sa_30,NIA,NIA,NIA,NIA,NIA,NIA,NIA,NIA,NIA,NIA,NIA,NIA,NIA,NIA,NIA,NIA,NIA,NIA,NIA,NIA,NIA,NIA,NIA,NIA,NIA,NIA,NIA,NIA,NIA,NIA,NIA,NIA,NIA,NIA,NIA,NIA,NIA,NIA,NIA
388,tiwanyan/distil_bert_fine_tune,NIA,NIA,NIA,NIA,NIA,NIA,FIA,NIA,NIA,NIA,NIA,NIA,NIA,NIA,FIA,NIA,NIA,NIA,U,FIA,NIA,NIA,NIA,NIA,NIA,NIA,NIA,NIA,NIA,U,U,NIA,NIA,NIA,NIA,NIA,NIA,NIA,NIA
389,cruiser/distilbert_model_kaggle_200_epoch,NIA,NIA,NIA,NIA,NIA,NIA,FIA,NIA,NIA,NIA,NIA,NIA,NIA,NIA,U,NIA,NIA,NIA,U,FIA,NIA,NIA,NIA,NIA,NIA,NIA,NIA,NIA,NIA,U,U,NIA,NIA,NIA,NIA,NIA,NIA,NIA,NIA
390,researchaccount/sa_sub4,NIA,NIA,NIA,NIA,NIA,NIA,NIA,NIA,NIA,NIA,NIA,NIA,NIA,NIA,NIA,NIA,NIA,NIA,NIA,NIA,NIA,NIA,NIA,NIA,NIA,NIA,NIA,NIA,NIA,NIA,NIA,NIA,NIA,NIA,NIA,NIA,NIA,NIA,NIA
391,raygx/xlmRoBERTa-NepSA,NIA,NIA,NIA,NIA,NIA,NIA,FIA,NIA,NIA,NIA,NIA,NIA,NIA,NIA,FIA,NIA,NIA,NIA,U,U,NIA,NIA,NIA,NIA,NIA,NIA,NIA,NIA,NIA,U,U,NIA,NIA,NIA,NIA,NIA,NIA,NIA,NIA
392,adnanakbr/emotion-english-distilroberta-base-fine_tuned_for_amazon_english_reviews_on_200K_review_v3,NIA,NIA,NIA,NIA,NIA,NIA,NIA,NIA,NIA,NIA,NIA,NIA,NIA,NIA,NIA,NIA,NIA,NIA,NIA,NIA,NIA,NIA,NIA,NIA,NIA,NIA,NIA,NIA,NIA,NIA,NIA,NIA,NIA,NIA,NIA,NIA,NIA,NIA,NIA
393,intanm/baseline_fin_sa_70,NIA,NIA,NIA,NIA,NIA,NIA,NIA,NIA,NIA,NIA,NIA,NIA,NIA,NIA,NIA,NIA,NIA,NIA,NIA,NIA,NIA,NIA,NIA,NIA,NIA,NIA,NIA,NIA,NIA,NIA,NIA,NIA,NIA,NIA,NIA,NIA,NIA,NIA,NIA
394,sasha/autotrain-RobertaBaseTweetEval-1281048990,NIA,NIA,NIA,NIA,NIA,NIA,NIA,NIA,NIA,NIA,NIA,NIA,NIA,NIA,NIA,NIA,NIA,NIA,U,NIA,NIA,NIA,NIA,NIA,NIA,NIA,U,NIA,U,NIA,NIA,NIA,NIA,NIA,NIA,NIA,NIA,NIA,NIA
395,BeChi87/train_model_Lastest1,NIA,NIA,NIA,NIA,NIA,NIA,NIA,NIA,NIA,NIA,NIA,NIA,NIA,NIA,NIA,NIA,NIA,NIA,NIA,NIA,NIA,NIA,NIA,NIA,NIA,NIA,NIA,NIA,NIA,NIA,NIA,NIA,NIA,NIA,NIA,NIA,NIA,NIA,NIA
396,raoh/yiran-nlp4,NIA,NIA,NIA,NIA,NIA,NIA,NIA,NIA,NIA,NIA,NIA,NIA,NIA,NIA,NIA,NIA,NIA,NIA,NIA,NIA,NIA,NIA,NIA,NIA,NIA,NIA,NIA,NIA,NIA,NIA,NIA,NIA,NIA,NIA,NIA,NIA,NIA,NIA,NIA
397,BeChi87/train_model_Lastest_16_8_lan2,NIA,NIA,NIA,NIA,NIA,NIA,NIA,NIA,NIA,NIA,NIA,NIA,NIA,NIA,NIA,NIA,NIA,NIA,NIA,NIA,NIA,NIA,NIA,NIA,NIA,NIA,NIA,NIA,NIA,NIA,NIA,NIA,NIA,NIA,NIA,NIA,NIA,NIA,NIA
398,Svetlana0303/Classfication_electra,NIA,NIA,NIA,NIA,NIA,NIA,FIA,NIA,NIA,NIA,NIA,NIA,NIA,NIA,FIA,NIA,NIA,NIA,U,FIA,NIA,NIA,NIA,NIA,NIA,NIA,NIA,NIA,NIA,U,U,NIA,NIA,NIA,NIA,NIA,NIA,NIA,NIA
399,raygx/BERT-NepSA-domainAdapt,NIA,NIA,NIA,NIA,NIA,NIA,FIA,NIA,NIA,NIA,NIA,NIA,NIA,NIA,U,NIA,NIA,NIA,NIA,NIA,NIA,NIA,NIA,NIA,NIA,NIA,NIA,NIA,NIA,U,U,NIA,NIA,NIA,NIA,NIA,NIA,NIA,NIA
400,fassahat/anferico-bert-for-patents-finetuned-150k-sentences,NIA,NIA,NIA,NIA,NIA,NIA,NIA,NIA,NIA,NIA,NIA,NIA,NIA,NIA,NIA,NIA,NIA,NIA,NIA,NIA,NIA,NIA,NIA,NIA,NIA,NIA,NIA,NIA,NIA,NIA,NIA,NIA,NIA,NIA,NIA,NIA,NIA,NIA,NIA
401,salohnana2018/ABSA-Pair-domainAdapt-Qarib-HARD-ImbalancedHandling-absoluteWeights-gamma1-dropout01,NIA,NIA,NIA,NIA,NIA,NIA,NIA,NIA,NIA,NIA,NIA,NIA,NIA,NIA,NIA,NIA,NIA,NIA,NIA,NIA,NIA,NIA,NIA,NIA,NIA,NIA,NIA,NIA,NIA,NIA,NIA,NIA,NIA,NIA,NIA,NIA,NIA,NIA,NIA
402,BeChi87/train_model_Lastest_21,NIA,NIA,NIA,NIA,NIA,NIA,NIA,NIA,NIA,NIA,NIA,NIA,NIA,NIA,NIA,NIA,NIA,NIA,NIA,NIA,NIA,NIA,NIA,NIA,NIA,NIA,NIA,NIA,NIA,NIA,NIA,NIA,NIA,NIA,NIA,NIA,NIA,NIA,NIA
403,KarelDO/lstm.CEBaB_confounding.food_service_positive.absa.5-class.seed_42,NIA,NIA,NIA,NIA,NIA,NIA,FIA,NIA,NIA,NIA,NIA,NIA,NIA,NIA,FIA,NIA,NIA,NIA,NIA,FIA,NIA,NIA,NIA,NIA,NIA,NIA,NIA,NIA,NIA,U,U,NIA,NIA,NIA,NIA,NIA,NIA,NIA,NIA
404,aarnphm/multi-length-text-classification-pipeline,NIA,NIA,NIA,U,NIA,NIA,NIA,NIA,NIA,NIA,NIA,NIA,NIA,NIA,NIA,NIA,NIA,NIA,NIA,NIA,NIA,NIA,NIA,NIA,NIA,NIA,NIA,NIA,NIA,NIA,NIA,NIA,NIA,NIA,NIA,NIA,NIA,NIA,NIA
405,blinjrm/finsent,NIA,NIA,NIA,NIA,NIA,NIA,NIA,NIA,NIA,NIA,NIA,NIA,NIA,NIA,NIA,NIA,NIA,NIA,NIA,NIA,NIA,NIA,NIA,NIA,NIA,NIA,NIA,NIA,NIA,NIA,NIA,NIA,NIA,NIA,NIA,NIA,NIA,NIA,NIA
406,yanezh/twiiter_try15_fold4,NIA,NIA,NIA,NIA,NIA,NIA,FIA,NIA,NIA,NIA,NIA,NIA,NIA,NIA,U,NIA,NIA,NIA,U,U,NIA,NIA,NIA,NIA,NIA,NIA,NIA,NIA,NIA,U,U,NIA,NIA,NIA,NIA,NIA,NIA,NIA,NIA
407,AlonCohen/RuSentNE-test,NIA,NIA,NIA,NIA,NIA,NIA,NIA,NIA,NIA,NIA,NIA,NIA,NIA,NIA,NIA,NIA,NIA,NIA,NIA,NIA,NIA,NIA,NIA,NIA,NIA,NIA,NIA,NIA,NIA,NIA,NIA,NIA,NIA,NIA,NIA,NIA,NIA,NIA,NIA
408,salohnana2018/MARBERTV02ABSAnew,NIA,NIA,NIA,NIA,NIA,NIA,NIA,NIA,NIA,NIA,NIA,NIA,NIA,NIA,NIA,NIA,NIA,NIA,NIA,NIA,NIA,NIA,NIA,NIA,NIA,NIA,NIA,NIA,NIA,NIA,NIA,NIA,NIA,NIA,NIA,NIA,NIA,NIA,NIA
409,raygx/distilBERT-NepSA,NIA,NIA,NIA,NIA,NIA,NIA,FIA,NIA,NIA,NIA,NIA,NIA,NIA,NIA,U,NIA,NIA,NIA,NIA,NIA,NIA,NIA,NIA,NIA,NIA,NIA,NIA,NIA,NIA,U,U,NIA,NIA,NIA,NIA,NIA,NIA,NIA,NIA
410,Narsil/finbert2,NIA,NIA,NIA,NIA,NIA,NIA,U,NIA,U,NIA,U,NIA,NIA,NIA,NIA,NIA,NIA,NIA,NIA,NIA,NIA,U,NIA,NIA,NIA,NIA,NIA,NIA,NIA,NIA,NIA,NIA,NIA,NIA,NIA,NIA,NIA,NIA,NIA
411,Robher51/Model3,NIA,NIA,NIA,NIA,NIA,NIA,NIA,NIA,NIA,NIA,NIA,NIA,NIA,NIA,NIA,NIA,NIA,NIA,NIA,NIA,NIA,NIA,NIA,NIA,NIA,NIA,NIA,NIA,NIA,NIA,NIA,NIA,NIA,NIA,NIA,NIA,NIA,NIA,NIA
412,salohnana2018/ABSA-Pair-domainAdapt-Camel-MSA-HARD-ImbalancedHandling-absoluteWeights-gamma1-run2,NIA,NIA,NIA,NIA,NIA,NIA,NIA,NIA,NIA,NIA,NIA,NIA,NIA,NIA,NIA,NIA,NIA,NIA,NIA,NIA,NIA,NIA,NIA,NIA,NIA,NIA,NIA,NIA,NIA,NIA,NIA,NIA,NIA,NIA,NIA,NIA,NIA,NIA,NIA
413,niksmer/RoBERTa-RILE,NIA,NIA,NIA,NIA,NIA,NIA,U,NIA,NIA,NIA,U,U,NIA,NIA,U,NIA,U,NIA,U,U,NIA,U,NIA,NIA,U,NIA,NIA,NIA,NIA,U,U,NIA,NIA,NIA,NIA,NIA,NIA,NIA,NIA
414,chrommium/sbert_large-finetuned-sent_in_news_sents_3lab,NIA,NIA,NIA,NIA,NIA,NIA,FIA,NIA,NIA,NIA,NIA,NIA,NIA,NIA,FIA,NIA,NIA,NIA,U,FIA,NIA,NIA,NIA,NIA,NIA,NIA,NIA,NIA,NIA,U,U,NIA,NIA,NIA,NIA,NIA,NIA,NIA,NIA
415,yanezh/twiiter_try13_fold1,NIA,NIA,NIA,NIA,NIA,NIA,NIA,NIA,NIA,NIA,NIA,NIA,NIA,NIA,NIA,NIA,NIA,NIA,NIA,NIA,NIA,NIA,NIA,NIA,NIA,NIA,NIA,NIA,NIA,NIA,NIA,NIA,NIA,NIA,NIA,NIA,NIA,NIA,NIA
416,ruanchaves/bert-base-portuguese-cased-assin-entailment,NIA,NIA,NIA,NIA,NIA,NIA,NIA,U,NIA,FIA,U,NIA,NIA,NIA,NIA,NIA,NIA,NIA,NIA,NIA,NIA,NIA,NIA,NIA,NIA,NIA,U,NIA,NIA,NIA,NIA,NIA,NIA,NIA,U,NIA,NIA,NIA,NIA
417,yanezh/twiiter_try10_fold0,NIA,NIA,NIA,NIA,NIA,NIA,NIA,NIA,NIA,NIA,NIA,NIA,NIA,NIA,NIA,NIA,NIA,NIA,NIA,NIA,NIA,NIA,NIA,NIA,NIA,NIA,NIA,NIA,NIA,NIA,NIA,NIA,NIA,NIA,NIA,NIA,NIA,NIA,NIA
418,intanm/mlm_v1_20230327_fin_sa_100,NIA,NIA,NIA,NIA,NIA,NIA,FIA,NIA,NIA,NIA,NIA,NIA,NIA,NIA,FIA,NIA,NIA,NIA,U,U,NIA,NIA,NIA,NIA,NIA,NIA,NIA,NIA,NIA,U,PIA,NIA,NIA,NIA,NIA,NIA,NIA,NIA,NIA
419,intanm/fin-sa-post-trained-indobert-base-finnews-p2-001,NIA,NIA,NIA,NIA,NIA,NIA,NIA,NIA,NIA,NIA,NIA,NIA,NIA,NIA,NIA,NIA,NIA,NIA,NIA,NIA,NIA,NIA,NIA,NIA,NIA,NIA,NIA,NIA,NIA,NIA,NIA,NIA,NIA,NIA,NIA,NIA,NIA,NIA,NIA
420,intanm/baseline_fin_sa_100,NIA,NIA,NIA,NIA,NIA,NIA,NIA,NIA,NIA,NIA,NIA,NIA,NIA,NIA,NIA,NIA,NIA,NIA,NIA,NIA,NIA,NIA,NIA,NIA,NIA,NIA,NIA,NIA,NIA,NIA,NIA,NIA,NIA,NIA,NIA,NIA,NIA,NIA,NIA
421,intanm/mlm_v1_20230327_fin_sa_90,NIA,NIA,NIA,NIA,NIA,NIA,FIA,NIA,NIA,NIA,NIA,NIA,NIA,NIA,U,NIA,NIA,NIA,U,U,NIA,NIA,NIA,NIA,NIA,NIA,NIA,NIA,NIA,U,U,NIA,NIA,NIA,NIA,NIA,NIA,NIA,NIA
422,BramVanroy/xlm-roberta-base-hebban-reviews,NIA,NIA,NIA,NIA,NIA,NIA,NIA,NIA,NIA,NIA,NIA,U,NIA,NIA,NIA,NIA,NIA,NIA,U,U,NIA,NIA,NIA,NIA,NIA,NIA,NIA,NIA,NIA,U,U,NIA,NIA,NIA,NIA,NIA,NIA,NIA,NIA
423,yanezh/twiiter_try11_fold3,NIA,NIA,NIA,NIA,NIA,NIA,NIA,NIA,NIA,NIA,NIA,NIA,NIA,NIA,NIA,NIA,NIA,NIA,NIA,NIA,NIA,NIA,NIA,NIA,NIA,NIA,NIA,NIA,NIA,NIA,NIA,NIA,NIA,NIA,NIA,NIA,NIA,NIA,NIA
424,cnut1648/biolinkbert-mnli,NIA,NIA,NIA,NIA,NIA,NIA,FIA,NIA,NIA,NIA,NIA,U,NIA,NIA,FIA,NIA,NIA,NIA,NIA,U,NIA,NIA,NIA,NIA,NIA,NIA,NIA,NIA,NIA,U,U,NIA,NIA,NIA,NIA,NIA,NIA,NIA,NIA
425,israel/testing_model,NIA,NIA,NIA,NIA,NIA,NIA,NIA,NIA,NIA,NIA,NIA,NIA,NIA,NIA,NIA,NIA,NIA,NIA,NIA,NIA,NIA,NIA,NIA,NIA,NIA,NIA,NIA,NIA,NIA,NIA,NIA,NIA,NIA,NIA,NIA,NIA,NIA,NIA,NIA
426,intanm/sa100-mlm-20230403-001-2,NIA,NIA,NIA,NIA,NIA,NIA,NIA,NIA,NIA,NIA,NIA,NIA,NIA,NIA,NIA,NIA,NIA,NIA,NIA,NIA,NIA,NIA,NIA,NIA,NIA,NIA,NIA,NIA,NIA,NIA,NIA,NIA,NIA,NIA,NIA,NIA,NIA,NIA,NIA
427,intanm/fin-sa-post-trained-indobert-base-finreport,NIA,NIA,NIA,NIA,NIA,NIA,NIA,NIA,NIA,NIA,NIA,NIA,NIA,NIA,NIA,NIA,NIA,NIA,NIA,NIA,NIA,NIA,NIA,NIA,NIA,NIA,NIA,NIA,NIA,NIA,NIA,NIA,NIA,NIA,NIA,NIA,NIA,NIA,NIA
428,sasha/autotrain-BERTBase-TweetEval-1281248998,NIA,NIA,NIA,NIA,NIA,NIA,NIA,NIA,NIA,NIA,NIA,NIA,NIA,NIA,NIA,NIA,NIA,NIA,FIA,NIA,NIA,NIA,NIA,NIA,NIA,NIA,FIA,NIA,U,NIA,NIA,NIA,NIA,NIA,NIA,NIA,NIA,NIA,NIA
429,ozoora/rubert-4.1poi,NIA,NIA,NIA,NIA,NIA,NIA,NIA,NIA,NIA,NIA,NIA,NIA,NIA,NIA,NIA,NIA,NIA,NIA,NIA,NIA,NIA,NIA,NIA,NIA,NIA,NIA,NIA,NIA,NIA,NIA,NIA,NIA,NIA,NIA,NIA,NIA,NIA,NIA,NIA
430,midwinter73/dipterv6,NIA,NIA,NIA,NIA,NIA,NIA,FIA,NIA,NIA,NIA,NIA,NIA,NIA,NIA,U,NIA,NIA,NIA,U,FIA,NIA,NIA,NIA,NIA,NIA,NIA,NIA,NIA,NIA,U,U,NIA,NIA,NIA,NIA,NIA,NIA,NIA,NIA
431,sasha/autotrain-DistilBERT-TweetEval-1281148991,NIA,NIA,NIA,NIA,NIA,NIA,NIA,NIA,NIA,NIA,NIA,NIA,NIA,NIA,NIA,NIA,NIA,NIA,FIA,NIA,NIA,NIA,NIA,NIA,NIA,NIA,FIA,NIA,U,NIA,NIA,NIA,NIA,NIA,NIA,NIA,NIA,NIA,NIA
432,yanezh/twiiter_try4_fold3,NIA,NIA,NIA,NIA,NIA,NIA,NIA,NIA,NIA,NIA,NIA,NIA,NIA,NIA,NIA,NIA,NIA,NIA,NIA,NIA,NIA,NIA,NIA,NIA,NIA,NIA,NIA,NIA,NIA,NIA,NIA,NIA,NIA,NIA,NIA,NIA,NIA,NIA,NIA
433,yanezh/twiiter_try5_fold3,NIA,NIA,NIA,NIA,NIA,NIA,NIA,NIA,NIA,NIA,NIA,NIA,NIA,NIA,NIA,NIA,NIA,NIA,NIA,NIA,NIA,NIA,NIA,NIA,NIA,NIA,NIA,NIA,NIA,NIA,NIA,NIA,NIA,NIA,NIA,NIA,NIA,NIA,NIA
434,asaderu-ai/ssclass_best,NIA,NIA,NIA,NIA,NIA,NIA,NIA,NIA,NIA,NIA,NIA,NIA,U,NIA,NIA,NIA,NIA,NIA,FIA,U,NIA,NIA,NIA,NIA,NIA,NIA,FIA,NIA,NIA,NIA,NIA,NIA,NIA,NIA,NIA,NIA,NIA,NIA,NIA
435,cruiser/distilbert_final_config_dropout,NIA,NIA,NIA,NIA,NIA,NIA,NIA,NIA,NIA,NIA,NIA,NIA,NIA,NIA,NIA,NIA,NIA,NIA,NIA,NIA,NIA,NIA,NIA,NIA,NIA,NIA,NIA,NIA,NIA,NIA,NIA,NIA,NIA,NIA,NIA,NIA,NIA,NIA,NIA
436,BeChi87/train_model_Lastestttt,NIA,NIA,NIA,NIA,NIA,NIA,NIA,NIA,NIA,NIA,NIA,NIA,NIA,NIA,NIA,NIA,NIA,NIA,NIA,NIA,NIA,NIA,NIA,NIA,NIA,NIA,NIA,NIA,NIA,NIA,NIA,NIA,NIA,NIA,NIA,NIA,NIA,NIA,NIA
437,yanezh/twiiter_try5_fold0,NIA,NIA,NIA,NIA,NIA,NIA,NIA,NIA,NIA,NIA,NIA,NIA,NIA,NIA,NIA,NIA,NIA,NIA,NIA,NIA,NIA,NIA,NIA,NIA,NIA,NIA,NIA,NIA,NIA,NIA,NIA,NIA,NIA,NIA,NIA,NIA,NIA,NIA,NIA
438,philschmid/finbert-tone-endpoint-ds,NIA,NIA,NIA,U,NIA,NIA,NIA,NIA,U,NIA,U,U,NIA,NIA,NIA,NIA,NIA,NIA,NIA,NIA,NIA,NIA,NIA,NIA,NIA,NIA,U,NIA,NIA,NIA,NIA,NIA,NIA,NIA,NIA,NIA,NIA,NIA,NIA
439,intanm/baseline_fin_sa_60,NIA,NIA,NIA,NIA,NIA,NIA,NIA,NIA,NIA,NIA,NIA,NIA,NIA,NIA,NIA,NIA,NIA,NIA,NIA,NIA,NIA,NIA,NIA,NIA,NIA,NIA,NIA,NIA,NIA,NIA,NIA,NIA,NIA,NIA,NIA,NIA,NIA,NIA,NIA
440,ymcnabb/dutch_threeway_sentiment_classification_v2,NIA,NIA,NIA,NIA,NIA,NIA,FIA,NIA,NIA,NIA,NIA,NIA,NIA,NIA,U,NIA,NIA,NIA,NIA,NIA,NIA,NIA,NIA,NIA,NIA,NIA,NIA,NIA,NIA,U,U,NIA,NIA,NIA,NIA,NIA,NIA,NIA,NIA
441,Bennet1996/finetuning-ESG-sentiment-model-distilbert,NIA,NIA,NIA,NIA,NIA,NIA,NIA,NIA,NIA,NIA,NIA,NIA,NIA,NIA,NIA,NIA,NIA,NIA,NIA,NIA,NIA,NIA,NIA,NIA,NIA,NIA,NIA,NIA,NIA,NIA,NIA,NIA,NIA,NIA,NIA,NIA,NIA,NIA,NIA
442,cardiffnlp/mbert-base-tweet-sentiment-fr,NIA,NIA,NIA,NIA,U,NIA,FIA,NIA,NIA,NIA,NIA,U,NIA,NIA,NIA,NIA,NIA,NIA,FIA,U,NIA,NIA,NIA,NIA,NIA,NIA,NIA,NIA,NIA,NIA,NIA,NIA,NIA,NIA,NIA,NIA,NIA,NIA,NIA
443,cardiffnlp/mbert-base-tweet-sentiment-pt,NIA,NIA,NIA,NIA,NIA,NIA,FIA,NIA,NIA,NIA,NIA,U,NIA,NIA,NIA,NIA,NIA,NIA,FIA,U,NIA,NIA,NIA,NIA,NIA,NIA,NIA,NIA,NIA,NIA,NIA,NIA,NIA,NIA,NIA,NIA,NIA,NIA,NIA
444,ecabott/nepali-sentiment-analyzer,NIA,NIA,NIA,NIA,NIA,NIA,NIA,NIA,NIA,NIA,NIA,NIA,NIA,NIA,NIA,NIA,NIA,NIA,NIA,NIA,NIA,NIA,NIA,NIA,NIA,NIA,NIA,NIA,NIA,NIA,NIA,NIA,NIA,NIA,NIA,NIA,NIA,NIA,NIA
445,aXhyra/presentation_sentiment_1234567,NIA,NIA,NIA,NIA,NIA,NIA,FIA,NIA,NIA,NIA,NIA,NIA,NIA,NIA,U,NIA,NIA,NIA,U,U,NIA,NIA,NIA,NIA,NIA,NIA,NIA,NIA,NIA,U,U,NIA,NIA,NIA,NIA,NIA,NIA,NIA,NIA
446,Pendo/finetuned-Sentiment-classfication-ROBERTA-Base-model,NIA,NIA,NIA,NIA,NIA,NIA,FIA,NIA,NIA,NIA,NIA,NIA,NIA,NIA,FIA,NIA,NIA,NIA,U,U,NIA,NIA,NIA,NIA,NIA,NIA,NIA,NIA,NIA,U,U,NIA,NIA,NIA,NIA,NIA,NIA,NIA,NIA
447,Christiansg/finetuning-sentiment_spanish-amazon-group23,NIA,NIA,NIA,NIA,NIA,NIA,FIA,NIA,NIA,NIA,NIA,NIA,NIA,NIA,U,NIA,NIA,NIA,U,U,NIA,NIA,NIA,NIA,NIA,NIA,NIA,NIA,NIA,U,U,NIA,NIA,NIA,NIA,NIA,NIA,NIA,NIA
448,bardsai/finance-sentiment-es-base,NIA,NIA,NIA,NIA,NIA,NIA,U,NIA,NIA,NIA,U,NIA,NIA,NIA,NIA,NIA,NIA,NIA,U,U,NIA,NIA,NIA,NIA,NIA,NIA,U,NIA,NIA,NIA,NIA,NIA,NIA,NIA,NIA,NIA,NIA,NIA,NIA
449,sismetanin/rubert_conversational-ru-sentiment-sentirueval2016,NIA,NIA,NIA,NIA,NIA,NIA,NIA,NIA,NIA,NIA,NIA,NIA,NIA,NIA,NIA,NIA,NIA,NIA,NIA,NIA,NIA,NIA,NIA,NIA,NIA,NIA,NIA,NIA,NIA,NIA,NIA,NIA,NIA,NIA,NIA,NIA,NIA,NIA,NIA
450,cardiffnlp/mbert-base-tweet-sentiment-ar,NIA,NIA,NIA,NIA,NIA,NIA,FIA,NIA,NIA,NIA,NIA,U,NIA,NIA,NIA,NIA,NIA,NIA,FIA,U,NIA,NIA,NIA,NIA,NIA,NIA,NIA,NIA,NIA,NIA,NIA,NIA,NIA,NIA,NIA,NIA,NIA,NIA,NIA
451,l3cube-pune/marathi-sentiment-subtitles,NIA,NIA,NIA,NIA,NIA,NIA,NIA,NIA,NIA,NIA,NIA,U,NIA,NIA,NIA,NIA,NIA,NIA,NIA,NIA,NIA,NIA,NIA,NIA,NIA,NIA,NIA,NIA,NIA,NIA,NIA,NIA,NIA,NIA,U,NIA,NIA,NIA,NIA
452,hw2942/bert-base-chinese-finetuning-financial-news-sentiment-test1,NIA,NIA,NIA,NIA,NIA,NIA,FIA,NIA,NIA,NIA,NIA,NIA,NIA,NIA,U,NIA,NIA,NIA,U,U,NIA,NIA,NIA,NIA,NIA,NIA,NIA,NIA,NIA,U,U,NIA,NIA,NIA,NIA,NIA,NIA,NIA,NIA
453,Ausbel/Vaccine-tweet-sentiments-analysis-model-2,NIA,NIA,NIA,NIA,NIA,NIA,FIA,NIA,NIA,NIA,NIA,NIA,NIA,NIA,U,NIA,NIA,NIA,U,U,NIA,NIA,NIA,NIA,NIA,NIA,NIA,NIA,NIA,U,U,NIA,NIA,NIA,NIA,NIA,NIA,NIA,NIA
454,nlp-chula/sentiment-finnlp-th,NIA,NIA,NIA,NIA,NIA,NIA,FIA,NIA,NIA,NIA,NIA,NIA,NIA,NIA,U,NIA,NIA,NIA,U,U,NIA,NIA,NIA,NIA,NIA,NIA,NIA,NIA,NIA,U,U,NIA,NIA,NIA,NIA,NIA,NIA,NIA,NIA
455,Psunrise/finetuning-customer-sentiment-model-300-samples,NIA,NIA,NIA,NIA,NIA,NIA,FIA,NIA,NIA,NIA,NIA,NIA,NIA,NIA,U,NIA,NIA,NIA,U,U,NIA,NIA,NIA,NIA,NIA,NIA,NIA,NIA,NIA,U,U,NIA,NIA,NIA,NIA,NIA,NIA,NIA,NIA
456,lucaordronneau/twitter-roberta-base-sentiment-latest-finetuned-FG-SINGLE_SENTENCE-NEWS,NIA,NIA,NIA,NIA,NIA,NIA,FIA,NIA,NIA,NIA,NIA,NIA,NIA,NIA,U,NIA,NIA,NIA,U,FIA,NIA,NIA,NIA,NIA,NIA,NIA,NIA,NIA,NIA,U,U,NIA,NIA,NIA,NIA,NIA,NIA,NIA,NIA
457,hazrulakmal/distilbert-optimised-finetuned-financial-sentiment,NIA,NIA,NIA,NIA,NIA,NIA,FIA,NIA,NIA,NIA,NIA,NIA,NIA,NIA,U,NIA,NIA,NIA,U,FIA,NIA,NIA,NIA,NIA,NIA,NIA,NIA,NIA,NIA,U,U,NIA,NIA,NIA,NIA,NIA,NIA,NIA,NIA
458,sakasa007/finetuning-sentiment-text-mining,NIA,NIA,NIA,NIA,NIA,NIA,NIA,NIA,NIA,NIA,NIA,NIA,NIA,NIA,U,NIA,NIA,NIA,U,FIA,NIA,U,NIA,NIA,NIA,NIA,NIA,NIA,NIA,U,U,NIA,NIA,NIA,NIA,NIA,NIA,NIA,NIA
459,sshs/phobert-base-vietnamese-sentiment,NIA,NIA,NIA,NIA,NIA,NIA,NIA,NIA,NIA,NIA,NIA,NIA,NIA,NIA,NIA,NIA,NIA,NIA,NIA,NIA,NIA,NIA,NIA,NIA,NIA,NIA,NIA,NIA,NIA,NIA,NIA,NIA,NIA,NIA,NIA,NIA,NIA,NIA,NIA
460,jcy204/wind_model2,NIA,NIA,NIA,NIA,NIA,NIA,FIA,NIA,NIA,NIA,NIA,NIA,NIA,NIA,FIA,NIA,NIA,NIA,PIA,U,NIA,NIA,NIA,NIA,NIA,NIA,NIA,NIA,NIA,U,U,NIA,NIA,NIA,NIA,NIA,NIA,NIA,NIA
461,tanoManzo/distilbert-attitude,NIA,NIA,NIA,NIA,NIA,NIA,NIA,NIA,NIA,NIA,NIA,NIA,NIA,NIA,NIA,NIA,NIA,NIA,NIA,NIA,NIA,NIA,NIA,NIA,NIA,NIA,NIA,NIA,NIA,NIA,NIA,NIA,NIA,NIA,NIA,NIA,NIA,NIA,NIA
462,memotirre90/Equipo16_gpt2-HotelSentiment,NIA,NIA,NIA,NIA,NIA,NIA,FIA,NIA,NIA,NIA,NIA,NIA,NIA,NIA,U,NIA,NIA,NIA,NIA,U,NIA,NIA,NIA,NIA,NIA,NIA,NIA,NIA,NIA,NIA,NIA,NIA,NIA,NIA,NIA,NIA,NIA,NIA,NIA
463,sasha/autotrain-RobertaBaseTweetEval-1281048989,NIA,NIA,NIA,NIA,NIA,NIA,NIA,NIA,NIA,NIA,NIA,NIA,NIA,NIA,NIA,NIA,NIA,NIA,FIA,NIA,NIA,NIA,NIA,NIA,NIA,NIA,FIA,NIA,U,NIA,NIA,NIA,NIA,NIA,NIA,NIA,NIA,NIA,NIA
464,AlonCohen/RuSentNE-iter-2,NIA,NIA,NIA,NIA,NIA,NIA,NIA,NIA,NIA,NIA,NIA,NIA,NIA,NIA,NIA,NIA,NIA,NIA,NIA,NIA,NIA,NIA,NIA,NIA,NIA,NIA,NIA,NIA,NIA,NIA,NIA,NIA,NIA,NIA,NIA,NIA,NIA,NIA,NIA
465,yanezh/twiiter_try11_fold2,NIA,NIA,NIA,NIA,NIA,NIA,NIA,NIA,NIA,NIA,NIA,NIA,NIA,NIA,NIA,NIA,NIA,NIA,NIA,NIA,NIA,NIA,NIA,NIA,NIA,NIA,NIA,NIA,NIA,NIA,NIA,NIA,NIA,NIA,NIA,NIA,NIA,NIA,NIA
466,eduardopds/distilbert-base-uncased-tweets,NIA,NIA,NIA,NIA,NIA,NIA,FIA,NIA,NIA,NIA,NIA,NIA,NIA,NIA,FIA,NIA,NIA,NIA,NIA,U,NIA,NIA,NIA,NIA,NIA,NIA,NIA,NIA,NIA,U,U,NIA,NIA,NIA,NIA,NIA,NIA,NIA,NIA
467,dshin/my_awesome_model,NIA,NIA,NIA,NIA,NIA,NIA,FIA,NIA,NIA,NIA,NIA,NIA,NIA,NIA,U,NIA,NIA,NIA,U,FIA,NIA,NIA,NIA,NIA,NIA,NIA,NIA,NIA,NIA,U,U,NIA,NIA,NIA,NIA,NIA,NIA,NIA,NIA
468,intanm/mlm_v1_20230327_fin_sa_60,NIA,NIA,NIA,NIA,NIA,NIA,FIA,NIA,NIA,NIA,NIA,NIA,NIA,NIA,U,NIA,NIA,NIA,U,U,NIA,NIA,NIA,NIA,NIA,NIA,NIA,NIA,NIA,U,U,NIA,NIA,NIA,NIA,NIA,NIA,NIA,NIA
469,salohnana2018/ABSA-Pair-domainAdapt-Camel-MSA-HARD-ImbalancedHandling-absoluteWeights-gamma1-fulldata,NIA,NIA,NIA,NIA,NIA,NIA,NIA,NIA,NIA,NIA,NIA,NIA,NIA,NIA,NIA,NIA,NIA,NIA,NIA,NIA,NIA,NIA,NIA,NIA,NIA,NIA,NIA,NIA,NIA,NIA,NIA,NIA,NIA,NIA,NIA,NIA,NIA,NIA,NIA
470,Q317/EmoraBert,NIA,NIA,NIA,NIA,NIA,NIA,FIA,NIA,NIA,NIA,NIA,NIA,NIA,NIA,FIA,NIA,NIA,NIA,NIA,U,NIA,NIA,NIA,NIA,NIA,NIA,NIA,NIA,NIA,U,U,NIA,NIA,NIA,NIA,NIA,NIA,NIA,NIA
471,intanm/mlm_v1_20230327_fin_sa_20,NIA,NIA,NIA,NIA,NIA,NIA,NIA,NIA,NIA,NIA,NIA,NIA,NIA,NIA,NIA,NIA,NIA,NIA,NIA,NIA,NIA,NIA,NIA,NIA,NIA,NIA,NIA,NIA,NIA,NIA,NIA,NIA,NIA,NIA,NIA,NIA,NIA,NIA,NIA
472,yanezh/twiiter_try15_fold2,NIA,NIA,NIA,NIA,NIA,NIA,FIA,NIA,NIA,NIA,NIA,U,NIA,NIA,U,NIA,NIA,NIA,PIA,U,NIA,NIA,NIA,NIA,NIA,NIA,NIA,NIA,NIA,U,U,NIA,NIA,NIA,NIA,NIA,NIA,NIA,NIA
473,BeChi87/train_model_Lastest_new,NIA,NIA,NIA,NIA,NIA,NIA,NIA,NIA,NIA,NIA,NIA,NIA,NIA,NIA,NIA,NIA,NIA,NIA,NIA,NIA,NIA,NIA,NIA,NIA,NIA,NIA,NIA,NIA,NIA,NIA,NIA,NIA,NIA,NIA,NIA,NIA,NIA,NIA,NIA
474,Q317/EmoraBert4,NIA,NIA,NIA,NIA,NIA,NIA,FIA,NIA,NIA,NIA,NIA,NIA,NIA,NIA,FIA,NIA,NIA,NIA,NIA,U,NIA,NIA,NIA,NIA,NIA,NIA,NIA,NIA,NIA,U,U,NIA,NIA,NIA,NIA,NIA,NIA,NIA,NIA
475,yanezh/twiiter_try13_fold4,NIA,NIA,NIA,NIA,NIA,NIA,NIA,NIA,NIA,NIA,NIA,NIA,NIA,NIA,NIA,NIA,NIA,NIA,NIA,NIA,NIA,NIA,NIA,NIA,NIA,NIA,NIA,NIA,NIA,NIA,NIA,NIA,NIA,NIA,NIA,NIA,NIA,NIA,NIA
476,intanm/mlm_v1_20230327_fin_sa_70,NIA,NIA,NIA,NIA,NIA,NIA,FIA,NIA,NIA,NIA,NIA,NIA,NIA,NIA,FIA,NIA,NIA,NIA,U,FIA,NIA,NIA,NIA,NIA,NIA,NIA,NIA,NIA,NIA,U,U,NIA,NIA,NIA,NIA,NIA,NIA,NIA,NIA
477,Rem59/autotrain-Test_2-789524315,NIA,NIA,NIA,NIA,NIA,NIA,NIA,NIA,NIA,NIA,NIA,NIA,NIA,NIA,NIA,NIA,NIA,NIA,FIA,NIA,NIA,NIA,NIA,NIA,NIA,NIA,FIA,NIA,U,NIA,NIA,NIA,NIA,NIA,NIA,NIA,NIA,NIA,NIA
478,sasha/autotrain-DistilBERT-TweetEval-1281148992,NIA,NIA,NIA,NIA,NIA,NIA,NIA,NIA,NIA,NIA,NIA,NIA,NIA,NIA,NIA,NIA,NIA,NIA,FIA,NIA,NIA,NIA,NIA,NIA,NIA,NIA,FIA,NIA,U,NIA,NIA,NIA,NIA,NIA,NIA,NIA,NIA,NIA,NIA
479,intanm/fin-sa-post-trained-indobert-large-finnews-p2-002,NIA,NIA,NIA,NIA,NIA,NIA,NIA,NIA,NIA,NIA,NIA,NIA,NIA,NIA,NIA,NIA,NIA,NIA,NIA,NIA,NIA,NIA,NIA,NIA,NIA,NIA,NIA,NIA,NIA,NIA,NIA,NIA,NIA,NIA,NIA,NIA,NIA,NIA,NIA
480,jcy204/cold_model,NIA,NIA,NIA,NIA,NIA,NIA,FIA,NIA,NIA,NIA,NIA,NIA,NIA,NIA,FIA,NIA,NIA,NIA,NIA,U,NIA,NIA,NIA,NIA,NIA,NIA,NIA,NIA,NIA,U,U,NIA,NIA,NIA,NIA,NIA,NIA,NIA,NIA
481,salohnana2018/ABSA-Pair-domainAdapt-Camel-MSA-HARD-ImbalancedHandling-absoluteWeights-gamma1-run1,NIA,NIA,NIA,NIA,NIA,NIA,NIA,NIA,NIA,NIA,NIA,NIA,NIA,NIA,NIA,NIA,NIA,NIA,NIA,NIA,NIA,NIA,NIA,NIA,NIA,NIA,NIA,NIA,NIA,NIA,NIA,NIA,NIA,NIA,NIA,NIA,NIA,NIA,NIA
482,W4nkel/microsoftTurkishTrain,NIA,NIA,NIA,NIA,NIA,NIA,FIA,NIA,NIA,NIA,NIA,NIA,NIA,NIA,FIA,NIA,NIA,NIA,NIA,U,NIA,NIA,NIA,NIA,NIA,NIA,NIA,NIA,NIA,U,U,NIA,NIA,NIA,NIA,NIA,NIA,NIA,NIA
483,Svetlana0303/Classfication_AlBERT,NIA,NIA,NIA,NIA,NIA,NIA,FIA,NIA,NIA,NIA,NIA,NIA,NIA,NIA,U,NIA,NIA,NIA,U,FIA,NIA,NIA,NIA,NIA,NIA,NIA,NIA,NIA,NIA,U,U,NIA,NIA,NIA,NIA,NIA,NIA,NIA,NIA
484,yanezh/twiiter_try13_fold2,NIA,NIA,NIA,NIA,NIA,NIA,NIA,NIA,NIA,NIA,NIA,NIA,NIA,NIA,NIA,NIA,NIA,NIA,NIA,NIA,NIA,NIA,NIA,NIA,NIA,NIA,NIA,NIA,NIA,NIA,NIA,NIA,NIA,NIA,NIA,NIA,NIA,NIA,NIA
485,fassahat/distilbert-base-uncased-finetuned-557k-patent-sentences,NIA,NIA,NIA,NIA,NIA,NIA,NIA,NIA,NIA,NIA,NIA,NIA,NIA,NIA,NIA,NIA,NIA,NIA,NIA,NIA,NIA,NIA,NIA,NIA,NIA,NIA,NIA,NIA,NIA,NIA,NIA,NIA,NIA,NIA,NIA,NIA,NIA,NIA,NIA
486,salohnana2018/ABSA-Pair-domainAdapt-CAMEL-MSA-HARD-ImbalancedHandling-norm_inv_const5-gamma3,NIA,NIA,NIA,NIA,NIA,NIA,NIA,NIA,NIA,NIA,NIA,NIA,NIA,NIA,NIA,NIA,NIA,NIA,NIA,NIA,NIA,NIA,NIA,NIA,NIA,NIA,NIA,NIA,NIA,NIA,NIA,NIA,NIA,NIA,NIA,NIA,NIA,NIA,NIA
487,salohnana2018/ABSA-single-domainAdapt-bert-base-MARBERT2-HARD,NIA,NIA,NIA,NIA,NIA,NIA,NIA,NIA,NIA,NIA,NIA,NIA,NIA,NIA,NIA,NIA,NIA,NIA,NIA,NIA,NIA,NIA,NIA,NIA,NIA,NIA,NIA,NIA,NIA,NIA,NIA,NIA,NIA,NIA,NIA,NIA,NIA,NIA,NIA
488,cruiser/final_model,NIA,NIA,NIA,NIA,NIA,NIA,FIA,NIA,NIA,NIA,NIA,NIA,NIA,NIA,FIA,NIA,NIA,NIA,NIA,U,NIA,NIA,NIA,NIA,NIA,NIA,NIA,NIA,NIA,U,U,NIA,NIA,NIA,NIA,NIA,NIA,NIA,NIA
489,Svetlana0303/Classfication_RoBERTa,NIA,NIA,NIA,NIA,NIA,NIA,FIA,NIA,NIA,NIA,NIA,NIA,NIA,NIA,FIA,NIA,NIA,NIA,U,FIA,NIA,NIA,NIA,NIA,NIA,NIA,NIA,NIA,NIA,U,U,NIA,NIA,NIA,NIA,NIA,NIA,NIA,NIA
490,kreynolds03/Solomon,NIA,NIA,NIA,NIA,NIA,NIA,NIA,NIA,NIA,NIA,NIA,NIA,NIA,NIA,NIA,NIA,NIA,NIA,NIA,NIA,NIA,NIA,NIA,NIA,NIA,NIA,NIA,NIA,NIA,NIA,NIA,NIA,NIA,NIA,NIA,NIA,NIA,NIA,NIA
491,KarelDO/lstm.CEBaB_confounding.uniform.absa.5-class.seed_42,NIA,NIA,NIA,NIA,NIA,NIA,FIA,NIA,NIA,NIA,NIA,NIA,NIA,NIA,U,NIA,NIA,NIA,U,FIA,NIA,NIA,NIA,NIA,NIA,NIA,NIA,NIA,NIA,U,U,NIA,NIA,NIA,NIA,NIA,NIA,NIA,NIA
492,BeChi87/train_model_Lastest_16_8_lan3,NIA,NIA,NIA,NIA,NIA,NIA,NIA,NIA,NIA,NIA,NIA,NIA,NIA,NIA,NIA,NIA,NIA,NIA,NIA,NIA,NIA,NIA,NIA,NIA,NIA,NIA,NIA,NIA,NIA,NIA,NIA,NIA,NIA,NIA,NIA,NIA,NIA,NIA,NIA
493,madmancity/bert2,NIA,NIA,NIA,NIA,NIA,NIA,NIA,NIA,NIA,NIA,NIA,NIA,NIA,NIA,NIA,NIA,NIA,NIA,FIA,NIA,NIA,NIA,NIA,NIA,NIA,NIA,FIA,NIA,U,NIA,NIA,NIA,NIA,NIA,NIA,NIA,NIA,NIA,NIA
494,sasha/autotrain-RobertaBaseTweetEval-1281048986,NIA,NIA,NIA,NIA,NIA,NIA,NIA,NIA,NIA,NIA,NIA,NIA,NIA,NIA,NIA,NIA,NIA,NIA,FIA,NIA,NIA,NIA,NIA,NIA,NIA,NIA,FIA,NIA,U,NIA,NIA,NIA,NIA,NIA,NIA,NIA,NIA,NIA,NIA
495,yanezh/twiiter_try13_fold3,NIA,NIA,NIA,NIA,NIA,NIA,NIA,NIA,NIA,NIA,NIA,NIA,NIA,NIA,NIA,NIA,NIA,NIA,NIA,NIA,NIA,NIA,NIA,NIA,NIA,NIA,NIA,NIA,NIA,NIA,NIA,NIA,NIA,NIA,NIA,NIA,NIA,NIA,NIA
496,Anwaarma/autotrain-testsen-65460136124,NIA,NIA,NIA,NIA,NIA,NIA,NIA,NIA,NIA,NIA,NIA,NIA,NIA,NIA,NIA,NIA,NIA,NIA,NIA,NIA,NIA,NIA,NIA,NIA,NIA,NIA,U,NIA,NIA,NIA,NIA,NIA,NIA,NIA,NIA,NIA,NIA,NIA,NIA
