model,Ouput,_id,downloads,likes,architectures,datasets,language,metrics,pipeline_tag,lastModified,tags
ynie/roberta-large-snli_mnli_fever_anli_R1_R2_R3-nli,"['neutral', 'entailment', 'contradiction']",621ffdc136468d709f181adb,23212,12,['RobertaForSequenceClassification'],"['snli', 'anli', 'multi_nli', 'multi_nli_mismatch', 'fever']",,,text-classification,2021-05-20 23:17:23+00:00,"['transformers', 'pytorch', 'jax', 'roberta', 'text-classification', 'dataset:snli', 'dataset:anli', 'dataset:multi_nli', 'dataset:multi_nli_mismatch', 'dataset:fever', 'license:mit', 'autotrain_compatible', 'endpoints_compatible', 'has_space', 'region:us']"
Huffon/klue-roberta-base-nli,"['ENTAILMENT', 'NEUTRAL', 'CONTRADICTION']",621ffdc036468d709f175e1f,269,5,['RobertaForSequenceClassification'],['klue'],ko,,text-classification,2021-06-20 17:32:53+00:00,"['transformers', 'pytorch', 'roberta', 'text-classification', 'nli', 'ko', 'dataset:klue', 'autotrain_compatible', 'endpoints_compatible', 'region:us']"
ynie/bart-large-snli_mnli_fever_anli_R1_R2_R3-nli,"['neutral', 'entailment', 'contradiction']",621ffdc136468d709f181ad9,180,2,['BartForSequenceClassification'],NA,NA,NA,text-classification,2020-10-17 02:00:14+00:00,"['transformers', 'pytorch', 'bart', 'text-classification', 'autotrain_compatible', 'endpoints_compatible', 'region:us']"
IDEA-CCNL/Erlangshen-MegatronBert-1.3B-NLI,"['ENTAILMENT', 'NEUTRAL', 'CONTRADICTION']",627c86e8fbab61b048f0daf6,60,3,['MegatronBertForSequenceClassification'],,['zh'],,text-classification,2023-05-26 06:33:52+00:00,"['transformers', 'pytorch', 'megatron-bert', 'text-classification', 'bert', 'NLU', 'NLI', 'zh', 'arxiv:2209.02970', 'license:apache-2.0', 'autotrain_compatible', 'endpoints_compatible', 'region:us']"
Intradiction/NLI-Conventional-Fine-Tuning,"['LABEL_1', 'LABEL_2', 'LABEL_0']",65c569966af2d88212cc6ccf,156,0,['AlbertForSequenceClassification'],NA,NA,NA,text-classification,2024-02-15 16:44:28+00:00,"['transformers', 'tensorboard', 'safetensors', 'albert', 'text-classification', 'autotrain_compatible', 'endpoints_compatible', 'region:us']"
k4black/roberta-large-e-snli-classification-nli-base,"['neutral', 'contradiction', 'entailment']",6419a63ae4e6552b05d87833,185,0,['RobertaForSequenceClassification'],['esnli'],,"['f1', 'accuracy']",text-classification,2023-03-21 13:47:33+00:00,"['transformers', 'pytorch', 'roberta', 'text-classification', 'generated_from_trainer', 'dataset:esnli', 'license:mit', 'model-index', 'autotrain_compatible', 'endpoints_compatible', 'region:us']"
JIWON/bert-base-finetuned-nli,"['LABEL_1', 'LABEL_2', 'LABEL_0']",621ffdc036468d709f175f88,115,0,['BertForSequenceClassification'],['klue'],,['accuracy'],text-classification,2022-02-07 00:29:00+00:00,"['transformers', 'pytorch', 'bert', 'text-classification', 'generated_from_trainer', 'dataset:klue', 'model-index', 'autotrain_compatible', 'endpoints_compatible', 'region:us']"
parsi-ai-nlpclass/ParsBERT-nli-FarsTail-FarSick,"['LABEL_0', 'LABEL_1', 'LABEL_2']",65d6146e876b7d9398748b05,90,1,['BertForSequenceClassification'],,,['accuracy'],text-classification,2024-03-03 09:38:44+00:00,"['transformers', 'tensorboard', 'safetensors', 'bert', 'text-classification', 'generated_from_trainer', 'base_model:HooshvareLab/bert-fa-zwnj-base', 'license:apache-2.0', 'autotrain_compatible', 'endpoints_compatible', 'has_space', 'region:us']"
sileod/deberta-v3-small-tasksource-nli,"['neutral', 'entailment', 'contradiction']",65ba36c403bb6d3836afbee3,134,2,['DebertaV2ForSequenceClassification'],"['nyu-mll/glue', 'super_glue', 'facebook/anli', 'tasksource/babi_nli', 'sick', 'snli', 'scitail', 'OpenAssistant/oasst1', 'universal_dependencies', 'hans', 'qbao775/PARARULE-Plus', 'alisawuffles/WANLI', 'metaeval/recast', 'sileod/probability_words_nli', 'joey234/nan-nli', 'pietrolesci/nli_fever', 'pietrolesci/breaking_nli', 'pietrolesci/conj_nli', 'pietrolesci/fracas', 'pietrolesci/dialogue_nli', 'pietrolesci/mpe', 'pietrolesci/dnc', 'pietrolesci/gpt3_nli', 'pietrolesci/recast_white', 'pietrolesci/joci', 'martn-nguyen/contrast_nli', 'pietrolesci/robust_nli', 'pietrolesci/robust_nli_is_sd', 'pietrolesci/robust_nli_li_ts', 'pietrolesci/gen_debiased_nli', 'pietrolesci/add_one_rte', 'metaeval/imppres', 'pietrolesci/glue_diagnostics', 'hlgd', 'PolyAI/banking77', 'paws', 'quora', 'medical_questions_pairs', 'conll2003', 'nlpaueb/finer-139', 'Anthropic/hh-rlhf', 'Anthropic/model-written-evals', 'truthful_qa', 'nightingal3/fig-qa', 'tasksource/bigbench', 'blimp', 'cos_e', 'cosmos_qa', 'dream', 'openbookqa', 'qasc', 'quartz', 'quail', 'head_qa', 'sciq', 'social_i_qa', 'wiki_hop', 'wiqa', 'piqa', 'hellaswag', 'pkavumba/balanced-copa', '12ml/e-CARE', 'art', 'tasksource/mmlu', 'winogrande', 'codah', 'ai2_arc', 'definite_pronoun_resolution', 'swag', 'math_qa', 'metaeval/utilitarianism', 'mteb/amazon_counterfactual', 'SetFit/insincere-questions', 'SetFit/toxic_conversations', 'turingbench/TuringBench', 'trec', 'tals/vitaminc', 'hope_edi', 'strombergnlp/rumoureval_2019', 'ethos', 'tweet_eval', 'discovery', 'pragmeval', 'silicone', 'lex_glue', 'papluca/language-identification', 'imdb', 'rotten_tomatoes', 'ag_news', 'yelp_review_full', 'financial_phrasebank', 'poem_sentiment', 'dbpedia_14', 'amazon_polarity', 'app_reviews', 'hate_speech18', 'sms_spam', 'humicroedit', 'snips_built_in_intents', 'banking77', 'hate_speech_offensive', 'yahoo_answers_topics', 'pacovaldez/stackoverflow-questions', 'zapsdcn/hyperpartisan_news', 'zapsdcn/sciie', 'zapsdcn/citation_intent', 'go_emotions', 'allenai/scicite', 'liar', 'relbert/lexical_relation_classification', 'metaeval/linguisticprobing', 'tasksource/crowdflower', 'metaeval/ethics', 'emo', 'google_wellformed_query', 'tweets_hate_speech_detection', 'has_part', 'wnut_17', 'ncbi_disease', 'acronym_identification', 'jnlpba', 'species_800', 'SpeedOfMagic/ontonotes_english', 'blog_authorship_corpus', 'launch/open_question_type', 'health_fact', 'commonsense_qa', 'mc_taco', 'ade_corpus_v2', 'prajjwal1/discosense', 'circa', 'PiC/phrase_similarity', 'copenlu/scientific-exaggeration-detection', 'quarel', 'mwong/fever-evidence-related', 'numer_sense', 'dynabench/dynasent', 'raquiba/Sarcasm_News_Headline', 'sem_eval_2010_task_8', 'demo-org/auditor_review', 'medmcqa', 'aqua_rat', 'RuyuanWan/Dynasent_Disagreement', 'RuyuanWan/Politeness_Disagreement', 'RuyuanWan/SBIC_Disagreement', 'RuyuanWan/SChem_Disagreement', 'RuyuanWan/Dilemmas_Disagreement', 'lucasmccabe/logiqa', 'wiki_qa', 'metaeval/cycic_classification', 'metaeval/cycic_multiplechoice', 'metaeval/sts-companion', 'metaeval/commonsense_qa_2.0', 'metaeval/lingnli', 'metaeval/monotonicity-entailment', 'metaeval/arct', 'metaeval/scinli', 'metaeval/naturallogic', 'onestop_qa', 'demelin/moral_stories', 'corypaik/prost', 'aps/dynahate', 'metaeval/syntactic-augmentation-nli', 'metaeval/autotnli', 'lasha-nlp/CONDAQA', 'openai/webgpt_comparisons', 'Dahoas/synthetic-instruct-gptj-pairwise', 'metaeval/scruples', 'metaeval/wouldyourather', 'sileod/attempto-nli', 'metaeval/defeasible-nli', 'metaeval/help-nli', 'metaeval/nli-veridicality-transitivity', 'metaeval/natural-language-satisfiability', 'metaeval/lonli', 'tasksource/dadc-limit-nli', 'ColumbiaNLP/FLUTE', 'metaeval/strategy-qa', 'openai/summarize_from_feedback', 'tasksource/folio', 'metaeval/tomi-nli', 'metaeval/avicenna', 'stanfordnlp/SHP', 'GBaker/MedQA-USMLE-4-options-hf', 'GBaker/MedQA-USMLE-4-options', 'sileod/wikimedqa', 'declare-lab/cicero', 'amydeng2000/CREAK', 'metaeval/mutual', 'inverse-scaling/NeQA', 'inverse-scaling/quote-repetition', 'inverse-scaling/redefine-math', 'tasksource/puzzte', 'metaeval/implicatures', 'race', 'metaeval/spartqa-yn', 'metaeval/spartqa-mchoice', 'metaeval/temporal-nli', 'metaeval/ScienceQA_text_only', 'AndyChiang/cloth', 'metaeval/logiqa-2.0-nli', 'tasksource/oasst1_dense_flat', 'metaeval/boolq-natural-perturbations', 'metaeval/path-naturalness-prediction', 'riddle_sense', 'Jiangjie/ekar_english', 'metaeval/implicit-hate-stg1', 'metaeval/chaos-mnli-ambiguity', 'IlyaGusev/headline_cause', 'metaeval/race-c', 'metaeval/equate', 'metaeval/ambient', 'AndyChiang/dgen', 'metaeval/clcd-english', 'civil_comments', 'metaeval/acceptability-prediction', 'maximedb/twentyquestions', 'metaeval/counterfactually-augmented-snli', 'tasksource/I2D2', 'sileod/mindgames', 'metaeval/counterfactually-augmented-imdb', 'metaeval/cnli', 'metaeval/reclor', 'tasksource/oasst1_pairwise_rlhf_reward', 'tasksource/zero-shot-label-nli', 'webis/args_me', 'webis/Touche23-ValueEval', 'tasksource/starcon', 'tasksource/ruletaker', 'lighteval/lsat_qa', 'tasksource/ConTRoL-nli', 'tasksource/tracie', 'tasksource/sherliic', 'tasksource/sen-making', 'tasksource/winowhy', 'mediabiasgroup/mbib-base', 'tasksource/robustLR', 'CLUTRR/v1', 'tasksource/logical-fallacy', 'tasksource/parade', 'tasksource/cladder', 'tasksource/subjectivity', 'tasksource/MOH', 'tasksource/VUAC', 'tasksource/TroFi', 'sharc_modified', 'tasksource/conceptrules_v2', 'tasksource/disrpt', 'conll2000', 'DFKI-SLT/few-nerd', 'tasksource/com2sense', 'tasksource/scone', 'tasksource/winodict', 'tasksource/fool-me-twice', 'tasksource/monli', 'tasksource/corr2cause', 'tasksource/apt', 'zeroshot/twitter-financial-news-sentiment', 'tasksource/icl-symbol-tuning-instruct', 'tasksource/SpaceNLI', 'sihaochen/propsegment', 'HannahRoseKirk/HatemojiBuild', 'tasksource/regset', 'tasksource/babi_nli', 'lmsys/chatbot_arena_conversations']",en,['accuracy'],zero-shot-classification,2024-03-23 15:54:55+00:00,"['transformers', 'pytorch', 'deberta-v2', 'text-classification', 'deberta-v3-small', 'deberta-v3', 'deberta', 'nli', 'natural-language-inference', 'multitask', 'multi-task', 'pipeline', 'extreme-multi-task', 'extreme-mtl', 'tasksource', 'zero-shot', 'rlhf', 'zero-shot-classification', 'en', 'dataset:nyu-mll/glue', 'dataset:super_glue', 'dataset:facebook/anli', 'dataset:tasksource/babi_nli', 'dataset:sick', 'dataset:snli', 'dataset:scitail', 'dataset:OpenAssistant/oasst1', 'dataset:universal_dependencies', 'dataset:hans', 'dataset:qbao775/PARARULE-Plus', 'dataset:alisawuffles/WANLI', 'dataset:metaeval/recast', 'dataset:sileod/probability_words_nli', 'dataset:joey234/nan-nli', 'dataset:pietrolesci/nli_fever', 'dataset:pietrolesci/breaking_nli', 'dataset:pietrolesci/conj_nli', 'dataset:pietrolesci/fracas', 'dataset:pietrolesci/dialogue_nli', 'dataset:pietrolesci/mpe', 'dataset:pietrolesci/dnc', 'dataset:pietrolesci/gpt3_nli', 'dataset:pietrolesci/recast_white', 'dataset:pietrolesci/joci', 'dataset:martn-nguyen/contrast_nli', 'dataset:pietrolesci/robust_nli', 'dataset:pietrolesci/robust_nli_is_sd', 'dataset:pietrolesci/robust_nli_li_ts', 'dataset:pietrolesci/gen_debiased_nli', 'dataset:pietrolesci/add_one_rte', 'dataset:metaeval/imppres', 'dataset:pietrolesci/glue_diagnostics', 'dataset:hlgd', 'dataset:PolyAI/banking77', 'dataset:paws', 'dataset:quora', 'dataset:medical_questions_pairs', 'dataset:conll2003', 'dataset:nlpaueb/finer-139', 'dataset:Anthropic/hh-rlhf', 'dataset:Anthropic/model-written-evals', 'dataset:truthful_qa', 'dataset:nightingal3/fig-qa', 'dataset:tasksource/bigbench', 'dataset:blimp', 'dataset:cos_e', 'dataset:cosmos_qa', 'dataset:dream', 'dataset:openbookqa', 'dataset:qasc', 'dataset:quartz', 'dataset:quail', 'dataset:head_qa', 'dataset:sciq', 'dataset:social_i_qa', 'dataset:wiki_hop', 'dataset:wiqa', 'dataset:piqa', 'dataset:hellaswag', 'dataset:pkavumba/balanced-copa', 'dataset:12ml/e-CARE', 'dataset:art', 'dataset:tasksource/mmlu', 'dataset:winogrande', 'dataset:codah', 'dataset:ai2_arc', 'dataset:definite_pronoun_resolution', 'dataset:swag', 'dataset:math_qa', 'dataset:metaeval/utilitarianism', 'dataset:mteb/amazon_counterfactual', 'dataset:SetFit/insincere-questions', 'dataset:SetFit/toxic_conversations', 'dataset:turingbench/TuringBench', 'dataset:trec', 'dataset:tals/vitaminc', 'dataset:hope_edi', 'dataset:strombergnlp/rumoureval_2019', 'dataset:ethos', 'dataset:tweet_eval', 'dataset:discovery', 'dataset:pragmeval', 'dataset:silicone', 'dataset:lex_glue', 'dataset:papluca/language-identification', 'dataset:imdb', 'dataset:rotten_tomatoes', 'dataset:ag_news', 'dataset:yelp_review_full', 'dataset:financial_phrasebank', 'dataset:poem_sentiment', 'dataset:dbpedia_14', 'dataset:amazon_polarity', 'dataset:app_reviews', 'dataset:hate_speech18', 'dataset:sms_spam', 'dataset:humicroedit', 'dataset:snips_built_in_intents', 'dataset:banking77', 'dataset:hate_speech_offensive', 'dataset:yahoo_answers_topics', 'dataset:pacovaldez/stackoverflow-questions', 'dataset:zapsdcn/hyperpartisan_news', 'dataset:zapsdcn/sciie', 'dataset:zapsdcn/citation_intent', 'dataset:go_emotions', 'dataset:allenai/scicite', 'dataset:liar', 'dataset:relbert/lexical_relation_classification', 'dataset:metaeval/linguisticprobing', 'dataset:tasksource/crowdflower', 'dataset:metaeval/ethics', 'dataset:emo', 'dataset:google_wellformed_query', 'dataset:tweets_hate_speech_detection', 'dataset:has_part', 'dataset:wnut_17', 'dataset:ncbi_disease', 'dataset:acronym_identification', 'dataset:jnlpba', 'dataset:species_800', 'dataset:SpeedOfMagic/ontonotes_english', 'dataset:blog_authorship_corpus', 'dataset:launch/open_question_type', 'dataset:health_fact', 'dataset:commonsense_qa', 'dataset:mc_taco', 'dataset:ade_corpus_v2', 'dataset:prajjwal1/discosense', 'dataset:circa', 'dataset:PiC/phrase_similarity', 'dataset:copenlu/scientific-exaggeration-detection', 'dataset:quarel', 'dataset:mwong/fever-evidence-related', 'dataset:numer_sense', 'dataset:dynabench/dynasent', 'dataset:raquiba/Sarcasm_News_Headline', 'dataset:sem_eval_2010_task_8', 'dataset:demo-org/auditor_review', 'dataset:medmcqa', 'dataset:aqua_rat', 'dataset:RuyuanWan/Dynasent_Disagreement', 'dataset:RuyuanWan/Politeness_Disagreement', 'dataset:RuyuanWan/SBIC_Disagreement', 'dataset:RuyuanWan/SChem_Disagreement', 'dataset:RuyuanWan/Dilemmas_Disagreement', 'dataset:lucasmccabe/logiqa', 'dataset:wiki_qa', 'dataset:metaeval/cycic_classification', 'dataset:metaeval/cycic_multiplechoice', 'dataset:metaeval/sts-companion', 'dataset:metaeval/commonsense_qa_2.0', 'dataset:metaeval/lingnli', 'dataset:metaeval/monotonicity-entailment', 'dataset:metaeval/arct', 'dataset:metaeval/scinli', 'dataset:metaeval/naturallogic', 'dataset:onestop_qa', 'dataset:demelin/moral_stories', 'dataset:corypaik/prost', 'dataset:aps/dynahate', 'dataset:metaeval/syntactic-augmentation-nli', 'dataset:metaeval/autotnli', 'dataset:lasha-nlp/CONDAQA', 'dataset:openai/webgpt_comparisons', 'dataset:Dahoas/synthetic-instruct-gptj-pairwise', 'dataset:metaeval/scruples', 'dataset:metaeval/wouldyourather', 'dataset:sileod/attempto-nli', 'dataset:metaeval/defeasible-nli', 'dataset:metaeval/help-nli', 'dataset:metaeval/nli-veridicality-transitivity', 'dataset:metaeval/natural-language-satisfiability', 'dataset:metaeval/lonli', 'dataset:tasksource/dadc-limit-nli', 'dataset:ColumbiaNLP/FLUTE', 'dataset:metaeval/strategy-qa', 'dataset:openai/summarize_from_feedback', 'dataset:tasksource/folio', 'dataset:metaeval/tomi-nli', 'dataset:metaeval/avicenna', 'dataset:stanfordnlp/SHP', 'dataset:GBaker/MedQA-USMLE-4-options-hf', 'dataset:GBaker/MedQA-USMLE-4-options', 'dataset:sileod/wikimedqa', 'dataset:declare-lab/cicero', 'dataset:amydeng2000/CREAK', 'dataset:metaeval/mutual', 'dataset:inverse-scaling/NeQA', 'dataset:inverse-scaling/quote-repetition', 'dataset:inverse-scaling/redefine-math', 'dataset:tasksource/puzzte', 'dataset:metaeval/implicatures', 'dataset:race', 'dataset:metaeval/spartqa-yn', 'dataset:metaeval/spartqa-mchoice', 'dataset:metaeval/temporal-nli', 'dataset:metaeval/ScienceQA_text_only', 'dataset:AndyChiang/cloth', 'dataset:metaeval/logiqa-2.0-nli', 'dataset:tasksource/oasst1_dense_flat', 'dataset:metaeval/boolq-natural-perturbations', 'dataset:metaeval/path-naturalness-prediction', 'dataset:riddle_sense', 'dataset:Jiangjie/ekar_english', 'dataset:metaeval/implicit-hate-stg1', 'dataset:metaeval/chaos-mnli-ambiguity', 'dataset:IlyaGusev/headline_cause', 'dataset:metaeval/race-c', 'dataset:metaeval/equate', 'dataset:metaeval/ambient', 'dataset:AndyChiang/dgen', 'dataset:metaeval/clcd-english', 'dataset:civil_comments', 'dataset:metaeval/acceptability-prediction', 'dataset:maximedb/twentyquestions', 'dataset:metaeval/counterfactually-augmented-snli', 'dataset:tasksource/I2D2', 'dataset:sileod/mindgames', 'dataset:metaeval/counterfactually-augmented-imdb', 'dataset:metaeval/cnli', 'dataset:metaeval/reclor', 'dataset:tasksource/oasst1_pairwise_rlhf_reward', 'dataset:tasksource/zero-shot-label-nli', 'dataset:webis/args_me', 'dataset:webis/Touche23-ValueEval', 'dataset:tasksource/starcon', 'dataset:tasksource/ruletaker', 'dataset:lighteval/lsat_qa', 'dataset:tasksource/ConTRoL-nli', 'dataset:tasksource/tracie', 'dataset:tasksource/sherliic', 'dataset:tasksource/sen-making', 'dataset:tasksource/winowhy', 'dataset:mediabiasgroup/mbib-base', 'dataset:tasksource/robustLR', 'dataset:CLUTRR/v1', 'dataset:tasksource/logical-fallacy', 'dataset:tasksource/parade', 'dataset:tasksource/cladder', 'dataset:tasksource/subjectivity', 'dataset:tasksource/MOH', 'dataset:tasksource/VUAC', 'dataset:tasksource/TroFi', 'dataset:sharc_modified', 'dataset:tasksource/conceptrules_v2', 'dataset:tasksource/disrpt', 'dataset:conll2000', 'dataset:DFKI-SLT/few-nerd', 'dataset:tasksource/com2sense', 'dataset:tasksource/scone', 'dataset:tasksource/winodict', 'dataset:tasksource/fool-me-twice', 'dataset:tasksource/monli', 'dataset:tasksource/corr2cause', 'dataset:tasksource/apt', 'dataset:zeroshot/twitter-financial-news-sentiment', 'dataset:tasksource/icl-symbol-tuning-instruct', 'dataset:tasksource/SpaceNLI', 'dataset:sihaochen/propsegment', 'dataset:HannahRoseKirk/HatemojiBuild', 'dataset:tasksource/regset', 'dataset:lmsys/chatbot_arena_conversations', 'arxiv:2301.05948', 'license:apache-2.0', 'autotrain_compatible', 'endpoints_compatible', 'region:us']"
IDEA-CCNL/Erlangshen-Roberta-110M-NLI,"['ENTAILMENT', 'NEUTRAL', 'CONTRADICTION']",625e33bb0bec31f086e4ad2c,83,3,['BertForSequenceClassification'],,['zh'],,text-classification,2023-05-26 06:41:07+00:00,"['transformers', 'pytorch', 'bert', 'text-classification', 'roberta', 'NLU', 'NLI', 'Chinese', 'zh', 'arxiv:2209.02970', 'license:apache-2.0', 'autotrain_compatible', 'endpoints_compatible', 'region:us']"
ynie/xlnet-large-cased-snli_mnli_fever_anli_R1_R2_R3-nli,"['neutral', 'contradiction', 'entailment']",621ffdc136468d709f181add,1290,2,['XLNetForSequenceClassification'],NA,NA,NA,text-classification,2020-10-17 01:54:45+00:00,"['transformers', 'pytorch', 'xlnet', 'text-classification', 'autotrain_compatible', 'endpoints_compatible', 'region:us']"
Joelzhang/deberta-v3-large-snli_mnli_fever_anli_R1_R2_R3-nli,"['entailment', 'neutral', 'contradiction']",6266468900f1a3335dbba838,49,0,['DebertaV2ForSequenceClassification'],"['snli-1.0', 'multi-nli-1.0', 'nli-fever', 'anli-v1.0']",['en'],['accuracy'],text-classification,2022-04-25 13:37:15+00:00,"['transformers', 'pytorch', 'deberta-v2', 'text-classification', 'en', 'dataset:snli-1.0', 'dataset:multi-nli-1.0', 'dataset:nli-fever', 'dataset:anli-v1.0', 'autotrain_compatible', 'endpoints_compatible', 'region:us']"
ynie/electra-large-discriminator-snli_mnli_fever_anli_R1_R2_R3-nli,"['contradiction', 'neutral', 'entailment']",621ffdc136468d709f181ada,47,1,['ElectraForSequenceClassification'],NA,NA,NA,text-classification,2020-10-17 02:00:30+00:00,"['transformers', 'pytorch', 'electra', 'text-classification', 'autotrain_compatible', 'endpoints_compatible', 'region:us']"
ynie/albert-xxlarge-v2-snli_mnli_fever_anli_R1_R2_R3-nli,"['neutral', 'entailment', 'contradiction']",621ffdc136468d709f181ad8,59,4,['AlbertForSequenceClassification'],NA,NA,NA,text-classification,2022-08-12 16:25:18+00:00,"['transformers', 'pytorch', 'tf', 'albert', 'text-classification', 'autotrain_compatible', 'endpoints_compatible', 'region:us']"
YaraKyrychenko/bert-nli-ukraine-hostility,"['entailment', 'neutral', 'contradiction']",64678dace92e2372d5d00a81,35,0,['DebertaV2ForSequenceClassification'],NA,NA,NA,text-classification,2023-05-19 14:56:32+00:00,"['transformers', 'pytorch', 'deberta-v2', 'text-classification', 'autotrain_compatible', 'endpoints_compatible', 'region:us']"
jaesun/kcbert-base-finetuned-klue-nli,"['LABEL_0', 'LABEL_2', 'LABEL_1']",621ffdc136468d709f17c9fe,35,0,['BertForSequenceClassification'],NA,NA,NA,text-classification,2021-10-28 04:59:03+00:00,"['transformers', 'pytorch', 'bert', 'text-classification', 'autotrain_compatible', 'endpoints_compatible', 'region:us']"
ys7yoo/nli_klue_roberta-base_v2,"['LABEL_0', 'LABEL_1', 'LABEL_2']",65b3e2ddcbea1825a637e637,30,0,['RobertaForSequenceClassification'],NA,NA,NA,text-classification,2024-01-26 16:52:53+00:00,"['transformers', 'pytorch', 'roberta', 'text-classification', 'autotrain_compatible', 'endpoints_compatible', 'region:us']"
ys7yoo/nli_roberta-large_lr1e-05_wd1e-03_ep3_ckpt,"['LABEL_1', 'LABEL_0', 'LABEL_2']",65079ddba61b2c010e165532,29,0,['RobertaForSequenceClassification'],['klue'],,"['accuracy', 'f1']",text-classification,2023-09-18 01:08:41+00:00,"['transformers', 'pytorch', 'roberta', 'text-classification', 'generated_from_trainer', 'dataset:klue', 'base_model:klue/roberta-large', 'model-index', 'autotrain_compatible', 'endpoints_compatible', 'region:us']"
ys7yoo/nli_klue_roberta_base_ep9,"['LABEL_1', 'LABEL_0', 'LABEL_2']",650277d6adf89caf5f07520e,28,0,['RobertaForSequenceClassification'],NA,NA,NA,text-classification,2023-09-14 03:06:31+00:00,"['transformers', 'pytorch', 'roberta', 'text-classification', 'autotrain_compatible', 'endpoints_compatible', 'region:us']"
IDEA-CCNL/Erlangshen-Roberta-330M-NLI,"['ENTAILMENT', 'NEUTRAL', 'CONTRADICTION']",625e50d1d28969004c10a7cd,22,4,['BertForSequenceClassification'],,['zh'],,text-classification,2023-05-26 06:34:56+00:00,"['transformers', 'pytorch', 'bert', 'text-classification', 'roberta', 'NLU', 'NLI', 'Chinese', 'zh', 'arxiv:2209.02970', 'license:apache-2.0', 'autotrain_compatible', 'endpoints_compatible', 'region:us']"
Jihyun22/bert-base-finetuned-nli,"['LABEL_1', 'LABEL_2', 'LABEL_0']",621ffdc036468d709f176112,78,2,['BertForSequenceClassification'],['klue'],,['accuracy'],text-classification,2021-10-26 11:07:39+00:00,"['transformers', 'pytorch', 'bert', 'text-classification', 'generated_from_trainer', 'dataset:klue', 'autotrain_compatible', 'endpoints_compatible', 'region:us']"
tomhosking/deberta-v3-base-debiased-nli,"['NEUTRAL', 'ENTAILMENT', 'CONTRADICTION']",627a15d5c488a8ce15a1fdb2,42,0,['DebertaV2ForSequenceClassification'],,,,text-classification,2022-05-10 08:15:40+00:00,"['transformers', 'pytorch', 'deberta-v2', 'text-classification', 'license:apache-2.0', 'autotrain_compatible', 'endpoints_compatible', 'region:us']"
ctu-aic/xlm-roberta-large-nli-qacg-sum,"['n', 's', 'r']",65a7eb578581aad8c90c2280,18,0,['XLMRobertaForSequenceClassification'],NA,NA,NA,text-classification,2024-01-17 15:00:59+00:00,"['transformers', 'pytorch', 'xlm-roberta', 'text-classification', 'autotrain_compatible', 'endpoints_compatible', 'region:us']"
ctu-aic/xlm-roberta-large-nli-csfever,"['s', 'n', 'r']",65e71ee82519cf95213c2bea,20,0,['XLMRobertaForSequenceClassification'],['ctu-aic/csfever_nli'],['cs'],,text-classification,2024-03-07 14:57:53+00:00,"['transformers', 'pytorch', 'xlm-roberta', 'text-classification', 'cs', 'dataset:ctu-aic/csfever_nli', 'arxiv:2312.10171', 'autotrain_compatible', 'endpoints_compatible', 'region:us']"
MayaGalvez/bert-base-multilingual-cased-finetuned-nli,"['LABEL_1', 'LABEL_0', 'LABEL_2']",62ea63033baa50831a039ffa,13,0,['BertForSequenceClassification'],['xnli'],,['accuracy'],text-classification,2022-08-03 16:48:33+00:00,"['transformers', 'pytorch', 'bert', 'text-classification', 'generated_from_trainer', 'dataset:xnli', 'license:apache-2.0', 'model-index', 'autotrain_compatible', 'endpoints_compatible', 'region:us']"
Sebb/german-nli-large-thesis,"['LABEL_0', 'LABEL_1', 'LABEL_2']",621ffdc036468d709f177454,18,0,['BertForSequenceClassification'],NA,NA,NA,text-classification,2022-01-04 21:06:38+00:00,"['transformers', 'pytorch', 'bert', 'text-classification', 'autotrain_compatible', 'endpoints_compatible', 'region:us']"
mamlong34/MiniLM-L6-snli_mnli_fever_anli_R1_R2_R3-nli,"['LABEL_0', 'LABEL_1', 'LABEL_2']",621ffdc136468d709f17dbcc,18,0,['BertForSequenceClassification'],NA,NA,NA,text-classification,2021-10-05 03:26:48+00:00,"['transformers', 'pytorch', 'bert', 'text-classification', 'autotrain_compatible', 'endpoints_compatible', 'region:us']"
ixaxaar/flan-t5-base_multi-nli,"[0, 1, 2]",65a7702bac3a06f3e8be7926,13,0,['T5ForSequenceClassification'],,,,text-classification,2024-01-17 22:33:50+00:00,"['transformers', 'safetensors', 't5', 'text-classification', 'license:apache-2.0', 'autotrain_compatible', 'endpoints_compatible', 'text-generation-inference', 'region:us']"
Sebb/german-nli-base-thesis,"['LABEL_0', 'LABEL_2', 'LABEL_1']",621ffdc036468d709f177453,20,0,['BertForSequenceClassification'],NA,NA,NA,text-classification,2022-01-06 20:06:07+00:00,"['transformers', 'pytorch', 'bert', 'text-classification', 'autotrain_compatible', 'endpoints_compatible', 'region:us']"
tomhosking/bert-base-uncased-debiased-nli,"['ENTAILMENT', 'NEUTRAL', 'CONTRADICTION']",62753264f454ebadd6bc6a01,13,0,['BertForSequenceClassification'],,,,text-classification,2023-03-20 12:14:09+00:00,"['transformers', 'pytorch', 'safetensors', 'bert', 'text-classification', 'license:apache-2.0', 'autotrain_compatible', 'endpoints_compatible', 'region:us']"
ctu-aic/xlm-roberta-large-nli-enfever,"['s', 'n', 'r']",65e744159de7e2573b538d14,14,0,['XLMRobertaForSequenceClassification'],['ctu-aic/enfever_nli'],['en'],,text-classification,2024-03-07 14:54:25+00:00,"['transformers', 'pytorch', 'xlm-roberta', 'text-classification', 'en', 'dataset:ctu-aic/enfever_nli', 'arxiv:2312.10171', 'autotrain_compatible', 'endpoints_compatible', 'region:us']"
rmihaylov/bert-base-nli-theseus-bg,"['CONTRADICTION', 'NEUTRAL', 'ENTAILMENT']",625ba331e58e3083f5321a36,7,1,['BertForSequenceClassification'],"['oscar', 'chitanka', 'wikipedia']",['bg'],,text-classification,2022-04-17 06:35:37+00:00,"['transformers', 'pytorch', 'bert', 'text-classification', 'torch', 'bg', 'dataset:oscar', 'dataset:chitanka', 'dataset:wikipedia', 'arxiv:1810.04805', 'arxiv:2002.02925', 'license:mit', 'autotrain_compatible', 'region:us']"
YaraKyrychenko/bert-nli-ukraine-solidarity-v2,"['entailment', 'neutral', 'contradiction']",646b9344ed22827213329beb,7,0,['DebertaV2ForSequenceClassification'],NA,NA,NA,text-classification,2023-05-22 16:08:32+00:00,"['transformers', 'pytorch', 'deberta-v2', 'text-classification', 'autotrain_compatible', 'endpoints_compatible', 'region:us']"
MayaGalvez/bert-base-multilingual-cased-finetuned-multilingual-nli,"['LABEL_0', 'LABEL_1', 'LABEL_2']",6321d642a97afe3c4c663bdd,6,0,['BertForSequenceClassification'],,,"['accuracy', 'precision', 'recall', 'f1']",text-classification,2022-09-14 15:24:58+00:00,"['transformers', 'pytorch', 'bert', 'text-classification', 'generated_from_trainer', 'license:apache-2.0', 'autotrain_compatible', 'endpoints_compatible', 'region:us']"
YaraKyrychenko/bert-nli-ukraine-pov,"['entailment', 'neutral', 'contradiction']",6439708868228e8b33433fe3,5,0,['DebertaV2ForSequenceClassification'],NA,NA,NA,text-classification,2023-04-14 15:26:58+00:00,"['transformers', 'pytorch', 'deberta-v2', 'text-classification', 'autotrain_compatible', 'endpoints_compatible', 'region:us']"
mansee/nli-sentence-contradiction-classification,"['LABEL_1', 'LABEL_0', 'LABEL_2']",65a51ffd81a46e7dd95e7ec1,4,0,['MPNetForSequenceClassification'],NA,NA,NA,text-classification,2024-01-28 20:07:45+00:00,"['transformers', 'tensorboard', 'safetensors', 'mpnet', 'text-classification', 'autotrain_compatible', 'endpoints_compatible', 'region:us']"
ernlavr/destilbert_fever_nli,"['LABEL_1', 'LABEL_0', 'LABEL_2']",63c7e011ff9dc0843ef2acd5,5,0,['DistilBertForSequenceClassification'],['fever'],,['f1'],text-classification,2023-12-26 15:45:59+00:00,"['transformers', 'pytorch', 'tensorboard', 'distilbert', 'text-classification', 'generated_from_trainer', 'dataset:fever', 'base_model:distilbert-base-cased', 'license:apache-2.0', 'autotrain_compatible', 'endpoints_compatible', 'region:us']"
YaraKyrychenko/bert-nli-ukraine-hostility-v2,"['entailment', 'neutral', 'contradiction']",646baed25d68f5c15a2bf0bd,4,0,['DebertaV2ForSequenceClassification'],NA,NA,NA,text-classification,2023-05-22 18:05:59+00:00,"['transformers', 'pytorch', 'deberta-v2', 'text-classification', 'autotrain_compatible', 'endpoints_compatible', 'region:us']"
JMosig/san_nli_2409_1325,"['neutral', 'contradiction', 'entailment']",6335554db0dc7341bb615c54,4,0,['BertForSequenceClassification'],,,['f1'],text-classification,2022-09-29 08:39:09+00:00,"['transformers', 'pytorch', 'tensorboard', 'bert', 'text-classification', 'generated_from_trainer', 'autotrain_compatible', 'endpoints_compatible', 'region:us']"
ctu-aic/xlm-roberta-large-squad2-enfever_nli,"['LABEL_2', 'LABEL_0', 'LABEL_1']",6352a1266cfb8f1498148d41,5,0,['XLMRobertaForSequenceClassification'],NA,NA,NA,text-classification,2022-10-21 13:46:57+00:00,"['transformers', 'pytorch', 'tf', 'xlm-roberta', 'text-classification', 'arxiv:2201.11115', 'autotrain_compatible', 'endpoints_compatible', 'region:us']"
YaraKyrychenko/bert-nli-ukraine-solidarity,"['entailment', 'neutral', 'contradiction']",64676c8f3a7c8dda2303d27e,3,0,['DebertaV2ForSequenceClassification'],NA,NA,NA,text-classification,2023-05-19 12:33:48+00:00,"['transformers', 'pytorch', 'deberta-v2', 'text-classification', 'autotrain_compatible', 'endpoints_compatible', 'region:us']"
ys7yoo/nli_klue_bert-base_v2,"['LABEL_0', 'LABEL_1', 'LABEL_2']",65b25f53804ddf9d710c71ef,2,0,['BertForSequenceClassification'],NA,NA,NA,text-classification,2024-01-25 13:19:24+00:00,"['transformers', 'pytorch', 'bert', 'text-classification', 'autotrain_compatible', 'endpoints_compatible', 'region:us']"
liyijing024/covid-twitter-bert-v2-mnli-NLI-STS-CrossEncoder-Covid-HeRA,"['neutral', 'contradiction', 'entailment']",6279a16a98a756fa45475e1d,4,0,['BertForSequenceClassification'],NA,NA,NA,text-classification,2022-05-09 23:32:42+00:00,"['transformers', 'pytorch', 'bert', 'text-classification', 'autotrain_compatible', 'endpoints_compatible', 'region:us']"
RebekkaB/san_nli_2409_1325,"['neutral', 'contradiction', 'entailment']",632ee99f34c562cb1d332439,3,0,['BertForSequenceClassification'],,,['f1'],text-classification,2022-09-24 11:50:33+00:00,"['transformers', 'pytorch', 'tensorboard', 'bert', 'text-classification', 'generated_from_trainer', 'autotrain_compatible', 'endpoints_compatible', 'region:us']"
jschmock/sanitaer_nli,"['neutral', 'contradiction', 'entailment']",633587b6bfaef8b2c4a02ac1,3,0,['BertForSequenceClassification'],,,['f1'],text-classification,2022-09-29 12:15:53+00:00,"['transformers', 'pytorch', 'tensorboard', 'bert', 'text-classification', 'generated_from_trainer', 'autotrain_compatible', 'endpoints_compatible', 'region:us']"
tyatabe/nli_sv,"['contradiction', 'entailment', 'neutral']",63416384e5071b0c5ccb10f7,3,0,['XLMRobertaForSequenceClassification'],,,,text-classification,2022-10-12 11:49:30+00:00,"['transformers', 'pytorch', 'xlm-roberta', 'text-classification', 'license:mit', 'autotrain_compatible', 'endpoints_compatible', 'region:us']"
martn-nguyen/multi_nli-adversarial,"['LABEL_1', 'LABEL_0', 'LABEL_2']",638d5c40df246d4e14840ccc,4,0,['ElectraForSequenceClassification'],NA,NA,NA,text-classification,2022-12-05 02:52:20+00:00,"['transformers', 'pytorch', 'electra', 'text-classification', 'autotrain_compatible', 'endpoints_compatible', 'region:us']"
ernlavr/destilbert_uncased_fever_nli,"['LABEL_0', 'LABEL_1', 'LABEL_2']",63c7fedd48eff25d4e62e392,3,1,['DistilBertForSequenceClassification'],['fever'],['en'],['f1'],text-classification,2023-12-26 15:46:35+00:00,"['transformers', 'pytorch', 'tensorboard', 'safetensors', 'distilbert', 'text-classification', 'generated_from_trainer', 'en', 'dataset:fever', 'base_model:distilbert-base-uncased', 'license:apache-2.0', 'autotrain_compatible', 'endpoints_compatible', 'region:us']"
Gwatk/10k_test3_nli_finetuned_canine_s,"['LABEL_0', 'LABEL_2', 'LABEL_1']",641e3c978f11da61e7f96d43,3,0,['CanineForSequenceClassification'],,,['accuracy'],text-classification,2023-03-25 00:36:48+00:00,"['transformers', 'pytorch', 'tensorboard', 'canine', 'text-classification', 'generated_from_trainer', 'license:apache-2.0', 'autotrain_compatible', 'endpoints_compatible', 'region:us']"
yongsun-yoon/electra-ko-base-nli,"['LABEL_0', 'LABEL_1', 'LABEL_2']",6430b7c0a94b32637081aa67,2,1,['ElectraForSequenceClassification'],NA,NA,NA,text-classification,2023-06-05 00:22:22+00:00,"['transformers', 'pytorch', 'electra', 'text-classification', 'autotrain_compatible', 'endpoints_compatible', 'region:us']"
manuu01/electra-nli_finetuned,"['Entailment', 'Neutral', 'Not_entailment']",64ddd499240234818264c898,3,0,['ElectraForSequenceClassification'],"['snli', 'scitail', 'multi_nli', 'alisawuffles/WANLI', 'pietrolesci/nli_fever', 'anli']",,,text-classification,2023-08-17 08:11:10+00:00,"['transformers', 'tf', 'electra', 'text-classification', 'generated_from_keras_callback', 'dataset:snli', 'dataset:scitail', 'dataset:multi_nli', 'dataset:alisawuffles/WANLI', 'dataset:pietrolesci/nli_fever', 'dataset:anli', 'autotrain_compatible', 'endpoints_compatible', 'region:us']"
ys7yoo/nli_klue_roberta_base_ep15,"['LABEL_1', 'LABEL_0', 'LABEL_2']",650280d88670cc10e6aa82be,2,0,['RobertaForSequenceClassification'],NA,NA,NA,text-classification,2023-09-14 03:44:19+00:00,"['transformers', 'pytorch', 'roberta', 'text-classification', 'autotrain_compatible', 'endpoints_compatible', 'region:us']"
ys7yoo/nli_sts_roberta_large_lr1e_05_wd1e_03_ep5_lr1e-05_wd1e-03_ep5_ckpt,"['LABEL_0', 'LABEL_1', 'LABEL_2']",65070506dacc94cd6c0ec79f,3,0,['RobertaForSequenceClassification'],['klue'],,"['accuracy', 'f1']",text-classification,2023-09-17 14:26:43+00:00,"['transformers', 'pytorch', 'roberta', 'text-classification', 'generated_from_trainer', 'dataset:klue', 'base_model:ys7yoo/sts_roberta_large_lr1e-05_wd1e-03_ep5', 'model-index', 'autotrain_compatible', 'endpoints_compatible', 'region:us']"
aniltepe/bert-base-turkish-finetuned-nli,"['Entailment', 'Contradiction', 'Neutral']",65aee7711216d50327edaf72,2,0,['BertForSequenceClassification'],,,['accuracy'],text-classification,2024-01-29 15:24:18+00:00,"['transformers', 'tensorboard', 'safetensors', 'bert', 'text-classification', 'generated_from_trainer', 'base_model:dbmdz/bert-base-turkish-cased', 'license:mit', 'autotrain_compatible', 'endpoints_compatible', 'region:us']"
m4faisal/NLI-Lora-Fine-Tuning,"['LABEL_1', 'LABEL_2', 'LABEL_0']",65ef8ae10a63bbcd1ce77e21,7,0,['AlbertForSequenceClassification'],NA,NA,NA,text-classification,2024-03-12 18:24:42+00:00,"['transformers', 'tensorboard', 'safetensors', 'albert', 'text-classification', 'autotrain_compatible', 'endpoints_compatible', 'region:us']"
ctu-aic/xlm-roberta-large-squad2-ctkfacts_nli,"['LABEL_2', 'LABEL_0', 'LABEL_1']",63529d8d717552bc0f2809e4,3,0,['XLMRobertaForSequenceClassification'],NA,NA,NA,text-classification,2022-10-21 13:32:10+00:00,"['transformers', 'pytorch', 'tf', 'xlm-roberta', 'text-classification', 'arxiv:2201.11115', 'autotrain_compatible', 'endpoints_compatible', 'region:us']"
ctu-aic/xlm-roberta-large-xnli-ctkfacts_nli,"['entailment', 'contradiction', 'neutral']",63529f68507b679c3c5e0d91,3,0,['XLMRobertaForSequenceClassification'],NA,NA,NA,text-classification,2022-10-21 13:39:36+00:00,"['transformers', 'pytorch', 'tf', 'xlm-roberta', 'text-classification', 'arxiv:2201.11115', 'autotrain_compatible', 'endpoints_compatible', 'region:us']"
ctu-aic/xlm-roberta-large-xnli-enfever_nli,"['contradiction', 'entailment', 'neutral']",6352a2df717552bc0f283d8a,3,0,['XLMRobertaForSequenceClassification'],NA,NA,NA,text-classification,2022-10-21 13:52:57+00:00,"['transformers', 'pytorch', 'tf', 'xlm-roberta', 'text-classification', 'arxiv:2201.11115', 'autotrain_compatible', 'endpoints_compatible', 'region:us']"
ctu-aic/xlm-roberta-large-xnli-csfever_nli,"['entailment', 'contradiction', 'neutral']",6352a701b2c3384b9fef1e16,3,0,['XLMRobertaForSequenceClassification'],NA,NA,NA,text-classification,2022-10-21 14:10:34+00:00,"['transformers', 'pytorch', 'tf', 'xlm-roberta', 'text-classification', 'arxiv:2201.11115', 'autotrain_compatible', 'endpoints_compatible', 'region:us']"
ctu-aic/xlm-roberta-large-squad2-csfever_nli,"['LABEL_2', 'LABEL_0', 'LABEL_1']",6352a86856ef05f3a1f763d0,3,0,['XLMRobertaForSequenceClassification'],NA,NA,NA,text-classification,2022-10-21 14:18:18+00:00,"['transformers', 'pytorch', 'tf', 'xlm-roberta', 'text-classification', 'arxiv:2201.11115', 'autotrain_compatible', 'endpoints_compatible', 'region:us']"
cjvt/sloberta-si-nli,"['LABEL_0', 'LABEL_1', 'LABEL_2']",636e138a9b61600b6298146f,8,0,['CamembertForSequenceClassification'],,['sl'],,text-classification,2022-11-11 10:11:45+00:00,"['transformers', 'pytorch', 'camembert', 'text-classification', 'sl', 'license:cc-by-sa-4.0', 'autotrain_compatible', 'endpoints_compatible', 'region:us']"
cjvt/crosloengual-bert-si-nli,"['LABEL_1', 'LABEL_2', 'LABEL_0']",636e18e844a18bc3c00f0443,3,0,['BertForSequenceClassification'],,"['sl', 'hr', 'en', 'multilingual']",,text-classification,2023-01-08 11:29:33+00:00,"['transformers', 'pytorch', 'bert', 'text-classification', 'sl', 'hr', 'en', 'multilingual', 'license:cc-by-4.0', 'autotrain_compatible', 'endpoints_compatible', 'region:us']"
martn-nguyen/multi_nli-electra_small,"['LABEL_0', 'LABEL_1', 'LABEL_2']",638c34253bbf29e58908d70f,3,0,['ElectraForSequenceClassification'],NA,NA,NA,text-classification,2022-12-04 05:47:16+00:00,"['transformers', 'pytorch', 'electra', 'text-classification', 'autotrain_compatible', 'endpoints_compatible', 'region:us']"
martn-nguyen/multi_nli-contrast,"['LABEL_1', 'LABEL_0', 'LABEL_2']",6390f108eb0101b033b04461,3,0,['ElectraForSequenceClassification'],NA,NA,NA,text-classification,2022-12-07 20:09:48+00:00,"['transformers', 'pytorch', 'electra', 'text-classification', 'autotrain_compatible', 'endpoints_compatible', 'region:us']"
martn-nguyen/multi_nli-adversarial_contrast,"['LABEL_1', 'LABEL_0', 'LABEL_2']",6390f1d9135d16403b9dc941,3,0,['ElectraForSequenceClassification'],NA,NA,NA,text-classification,2022-12-07 20:13:17+00:00,"['transformers', 'pytorch', 'electra', 'text-classification', 'autotrain_compatible', 'endpoints_compatible', 'region:us']"
djsull/nli-zero-shot,"['entailment', 'neutral', 'contradiction']",63eddd9daac1431efc3114a6,2,0,['RobertaForSequenceClassification'],NA,NA,NA,text-classification,2023-03-20 02:53:43+00:00,"['transformers', 'pytorch', 'safetensors', 'roberta', 'text-classification', 'autotrain_compatible', 'endpoints_compatible', 'region:us']"
jcbao77/updated_NER-to-NLI_sequential,"['entailment', 'neutral', 'contradiction']",6412629f8a62a28e6440e1e4,3,0,['BertForSequenceClassification'],NA,NA,NA,text-classification,2023-03-16 00:29:01+00:00,"['transformers', 'pytorch', 'bert', 'text-classification', 'autotrain_compatible', 'endpoints_compatible', 'region:us']"
k4black/roberta-large-e-snli-classification-nli-default,"['entailment', 'neutral', 'contradiction']",64199f4f702d3e91cecd9519,2,0,['RobertaForSequenceClassification'],NA,NA,NA,text-classification,2023-03-21 12:26:38+00:00,"['transformers', 'pytorch', 'roberta', 'text-classification', 'autotrain_compatible', 'endpoints_compatible', 'region:us']"
k4black/roberta-base-e-snli-classification-nli-base,"['entailment', 'neutral', 'contradiction']",6419a6150eca818e164723f1,8,0,['RobertaForSequenceClassification'],['esnli'],,"['f1', 'accuracy']",text-classification,2023-03-21 18:24:14+00:00,"['transformers', 'pytorch', 'roberta', 'text-classification', 'generated_from_trainer', 'dataset:esnli', 'license:mit', 'model-index', 'autotrain_compatible', 'endpoints_compatible', 'region:us']"
k4black/textattack-roberta-base-MNLI-e-snli-classification-nli-base,"['entailment', 'neutral', 'contradiction']",6419b690f0415b2ec8362a5b,2,0,['RobertaForSequenceClassification'],['esnli'],,"['f1', 'accuracy']",text-classification,2023-03-21 14:22:44+00:00,"['transformers', 'pytorch', 'roberta', 'text-classification', 'generated_from_trainer', 'dataset:esnli', 'model-index', 'autotrain_compatible', 'endpoints_compatible', 'region:us']"
Gwatk/10k_test3_nli_finetuned_bert,"['LABEL_2', 'LABEL_0', 'LABEL_1']",641e37bf5d820e1adc6aa179,2,0,['BertForSequenceClassification'],,,['accuracy'],text-classification,2023-03-25 00:11:24+00:00,"['transformers', 'pytorch', 'tensorboard', 'bert', 'text-classification', 'generated_from_trainer', 'license:apache-2.0', 'autotrain_compatible', 'endpoints_compatible', 'region:us']"
Gwatk/10k_test3_nli_finetuned_canine_c,"['LABEL_0', 'LABEL_2', 'LABEL_1']",641e42321d05404efd06f498,2,0,['CanineForSequenceClassification'],,,['accuracy'],text-classification,2023-03-25 00:56:24+00:00,"['transformers', 'pytorch', 'tensorboard', 'canine', 'text-classification', 'generated_from_trainer', 'license:apache-2.0', 'autotrain_compatible', 'endpoints_compatible', 'region:us']"
mssongit/fn_deberta_base_v2_32bit-finetuned-nli,"['LABEL_0', 'LABEL_1', 'LABEL_2']",642fc4895844153d666e3b50,2,0,['DebertaV2ForSequenceClassification'],NA,NA,NA,text-classification,2023-04-07 08:12:34+00:00,"['transformers', 'pytorch', 'deberta-v2', 'text-classification', 'autotrain_compatible', 'endpoints_compatible', 'region:us']"
k4black/roberta-large-e-snli-classification-nli_explanation-base-b16,"['neutral', 'entailment', 'contradiction']",6431b13df2355217ea463fe8,2,0,['RobertaForSequenceClassification'],NA,NA,NA,text-classification,2023-04-08 18:57:30+00:00,"['transformers', 'pytorch', 'roberta', 'text-classification', 'autotrain_compatible', 'endpoints_compatible', 'region:us']"
jacinthes/cross-encoder-sloberta-si-nli-snli-mnli,"['LABEL_0', 'LABEL_1', 'LABEL_2']",643ef7f9f2ed3bc5c064a593,6,0,['CamembertForSequenceClassification'],"['cjvt/si_nli', 'jacinthes/slovene_mnli_snli']",['sl'],,text-classification,2023-04-20 09:39:57+00:00,"['transformers', 'pytorch', 'camembert', 'text-classification', 'sl', 'dataset:cjvt/si_nli', 'dataset:jacinthes/slovene_mnli_snli', 'license:cc-by-sa-4.0', 'autotrain_compatible', 'endpoints_compatible', 'region:us']"
ihsanul09/fineTune_NLI_E10,"['LABEL_0', 'LABEL_1', 'LABEL_2']",643f96a04ef21cdaa2ebeba3,2,0,['BertForSequenceClassification'],NA,NA,NA,text-classification,2023-05-23 18:38:18+00:00,"['transformers', 'pytorch', 'tensorboard', 'bert', 'text-classification', 'autotrain_compatible', 'endpoints_compatible', 'region:us']"
jacinthes/cross-encoder-sloberta-si-nli,"['LABEL_0', 'LABEL_2', 'LABEL_1']",643fadf7c54114df11c73a6d,6,0,['CamembertForSequenceClassification'],['cjvt/si_nli'],['sl'],,text-classification,2023-04-20 09:40:51+00:00,"['transformers', 'pytorch', 'camembert', 'text-classification', 'sl', 'dataset:cjvt/si_nli', 'license:cc-by-sa-4.0', 'autotrain_compatible', 'endpoints_compatible', 'region:us']"
rafsankabir/Finetuned_NLI_TeacherModel,"['LABEL_0', 'LABEL_1', 'LABEL_2']",64495ea3a281f51a62adb7b3,9,0,['BertForSequenceClassification'],['xnli_bn'],,['accuracy'],text-classification,2023-04-27 01:17:38+00:00,"['transformers', 'pytorch', 'tensorboard', 'bert', 'text-classification', 'generated_from_trainer', 'dataset:xnli_bn', 'license:mit', 'model-index', 'autotrain_compatible', 'endpoints_compatible', 'region:us']"
TFLai/Bert-Multilingual-NLI,"['LABEL_0', 'LABEL_2', 'LABEL_1']",6464c7051054f08ddba57c6b,2,1,['BertForSequenceClassification'],,,,text-classification,2023-06-15 15:46:24+00:00,"['transformers', 'pytorch', 'safetensors', 'bert', 'text-classification', 'license:mit', 'autotrain_compatible', 'endpoints_compatible', 'region:us']"
ihsanul09/FineTuning_NLI_batch16,"['LABEL_0', 'LABEL_1', 'LABEL_2']",6474d59182907acdddf0b27f,2,0,['BertForSequenceClassification'],NA,NA,NA,text-classification,2023-05-29 22:20:52+00:00,"['transformers', 'pytorch', 'tensorboard', 'bert', 'text-classification', 'autotrain_compatible', 'endpoints_compatible', 'region:us']"
underfit/nli-finetune-model,"['LABEL_1', 'LABEL_0', 'LABEL_2']",64868f7b75443e8cc947b0f1,1,0,['BertForSequenceClassification'],['multi_nli'],,['accuracy'],text-classification,2023-06-15 04:06:38+00:00,"['transformers', 'pytorch', 'tensorboard', 'bert', 'text-classification', 'generated_from_trainer', 'dataset:multi_nli', 'license:apache-2.0', 'model-index', 'autotrain_compatible', 'endpoints_compatible', 'region:us']"
athrado/bert-finetuned-nli,"['LABEL_1', 'LABEL_2', 'LABEL_0']",64ad677f5a4a60156920b74c,2,0,['BertForSequenceClassification'],,,,text-classification,2023-07-29 20:43:39+00:00,"['transformers', 'tf', 'bert', 'text-classification', 'generated_from_keras_callback', 'base_model:bert-base-uncased', 'license:apache-2.0', 'autotrain_compatible', 'endpoints_compatible', 'region:us']"
athrado/tokenizer-for-nli-model,"['LABEL_1', 'LABEL_2', 'LABEL_0']",64ad9ff80078182535febff1,2,0,['BertForSequenceClassification'],,,,text-classification,2023-07-29 20:47:45+00:00,"['transformers', 'tf', 'bert', 'text-classification', 'generated_from_keras_callback', 'base_model:bert-base-uncased', 'license:apache-2.0', 'autotrain_compatible', 'endpoints_compatible', 'region:us']"
YaraKyrychenko/bert-nli-ukraine-solidarity-twitter-geo,"['entailment', 'neutral', 'contradiction']",64afe6cf03ad68015aecf1f7,2,0,['DebertaV2ForSequenceClassification'],NA,NA,NA,text-classification,2023-07-13 11:58:37+00:00,"['transformers', 'pytorch', 'deberta-v2', 'text-classification', 'autotrain_compatible', 'endpoints_compatible', 'region:us']"
YaraKyrychenko/bert-nli-ukraine-hostility-twitter-geo,"['neutral', 'entailment', 'contradiction']",64aff6ce0efd8fa2e3871c53,2,0,['DebertaV2ForSequenceClassification'],NA,NA,NA,text-classification,2023-07-13 13:08:02+00:00,"['transformers', 'pytorch', 'deberta-v2', 'text-classification', 'autotrain_compatible', 'endpoints_compatible', 'region:us']"
chunwoolee0/my_paircls_klue_nli_beomi_kcbert_base_model,"['LABEL_0', 'LABEL_1', 'LABEL_2']",64b1767d9df48bad8144a7a8,2,0,['BertForSequenceClassification'],['klue'],,,text-classification,2023-07-14 17:24:46+00:00,"['transformers', 'pytorch', 'tensorboard', 'bert', 'text-classification', 'generated_from_trainer', 'dataset:klue', 'license:apache-2.0', 'autotrain_compatible', 'endpoints_compatible', 'region:us']"
chunwoolee0/klue_nli_roberta_base_model,"['entailment', 'neutral', 'contradiction']",64b61cc05814821db9c61005,2,0,['RobertaForSequenceClassification'],['klue'],,['accuracy'],text-classification,2023-09-12 01:23:41+00:00,"['transformers', 'pytorch', 'tensorboard', 'roberta', 'text-classification', 'generated_from_trainer', 'dataset:klue', 'model-index', 'autotrain_compatible', 'endpoints_compatible', 'region:us']"
athrado/nli-model,"['LABEL_1', 'LABEL_2', 'LABEL_0']",64c57a6e568845d7562176c5,2,0,['BertForSequenceClassification'],,,,text-classification,2023-07-29 20:46:35+00:00,"['transformers', 'tf', 'bert', 'text-classification', 'generated_from_keras_callback', 'base_model:bert-base-uncased', 'license:apache-2.0', 'autotrain_compatible', 'endpoints_compatible', 'region:us']"
wajdii/NLI,"['entailment', 'neutral', 'contradiction']",64ca505a0bf3949c69e12821,2,0,['XLMRobertaForSequenceClassification'],NA,NA,NA,text-classification,2023-08-02 12:55:32+00:00,"['transformers', 'pytorch', 'xlm-roberta', 'text-classification', 'autotrain_compatible', 'endpoints_compatible', 'region:us']"
manuu01/xtremedistil-l6-h256-uncased-nli,"['LABEL_0', 'LABEL_1', 'LABEL_2']",64d94d24089bc502cee9cce9,3,0,['BertForSequenceClassification'],"['scitail', 'multi_nli', 'anli', 'snli', 'bias-amplified-splits/wanli']",,,text-classification,2023-08-16 10:09:36+00:00,"['transformers', 'tf', 'bert', 'text-classification', 'generated_from_keras_callback', 'dataset:scitail', 'dataset:multi_nli', 'dataset:anli', 'dataset:snli', 'dataset:bias-amplified-splits/wanli', 'autotrain_compatible', 'endpoints_compatible', 'region:us']"
muhammadravi251001/fine-tuned-NLI-idk-mrc-nli-drop-with-xlm-roberta-large,"['entailment', 'contradiction', 'neutral']",64f599af137be97476d7deb4,2,0,['XLMRobertaForSequenceClassification'],,,"['accuracy', 'f1']",text-classification,2023-09-04 14:25:34+00:00,"['transformers', 'pytorch', 'tensorboard', 'xlm-roberta', 'text-classification', 'generated_from_trainer', 'license:mit', 'autotrain_compatible', 'endpoints_compatible', 'region:us']"
muhammadravi251001/fine-tuned-NLI-idk-mrc-nli-keep-with-xlm-roberta-large,"['entailment', 'contradiction', 'neutral']",64f599d548e74dd6d3ec9789,2,0,['XLMRobertaForSequenceClassification'],,,"['accuracy', 'f1']",text-classification,2023-09-04 15:45:17+00:00,"['transformers', 'pytorch', 'tensorboard', 'xlm-roberta', 'text-classification', 'generated_from_trainer', 'license:mit', 'autotrain_compatible', 'endpoints_compatible', 'region:us']"
ys7yoo/nli_klue_roberta_base_ep10,"['LABEL_0', 'LABEL_1', 'LABEL_2']",650108927aa4d88f208efded,2,0,['RobertaForSequenceClassification'],NA,NA,NA,text-classification,2023-09-13 01:05:50+00:00,"['transformers', 'pytorch', 'roberta', 'text-classification', 'autotrain_compatible', 'endpoints_compatible', 'region:us']"
ys7yoo/nli_klue_roberta_large_ep3,"['LABEL_0', 'LABEL_1', 'LABEL_2']",65011e2f73206090a2a922f0,2,0,['RobertaForSequenceClassification'],NA,NA,NA,text-classification,2023-09-14 08:42:18+00:00,"['transformers', 'pytorch', 'roberta', 'text-classification', 'autotrain_compatible', 'endpoints_compatible', 'region:us']"
ys7yoo/nli_klue_roberta_base_ep20,"['LABEL_0', 'LABEL_1', 'LABEL_2']",65014755efd273eec7a7ba25,2,0,['RobertaForSequenceClassification'],NA,NA,NA,text-classification,2023-09-13 05:27:55+00:00,"['transformers', 'pytorch', 'roberta', 'text-classification', 'autotrain_compatible', 'endpoints_compatible', 'region:us']"
ys7yoo/nli_klue_roberta_base_ep5,"['LABEL_0', 'LABEL_1', 'LABEL_2']",65014797d117b28d30198816,2,0,['RobertaForSequenceClassification'],NA,NA,NA,text-classification,2023-09-14 01:21:07+00:00,"['transformers', 'pytorch', 'roberta', 'text-classification', 'autotrain_compatible', 'endpoints_compatible', 'region:us']"
ys7yoo/nli_klue_roberta_base_ep3,"['LABEL_0', 'LABEL_1', 'LABEL_2']",6501494a7804f04a1657f5ba,2,0,['RobertaForSequenceClassification'],NA,NA,NA,text-classification,2023-09-13 05:34:57+00:00,"['transformers', 'pytorch', 'roberta', 'text-classification', 'autotrain_compatible', 'endpoints_compatible', 'region:us']"
ys7yoo/nli_klue_roberta_large_ep5,"['LABEL_0', 'LABEL_1', 'LABEL_2']",65014a2669219ce3e4bcf10d,2,0,['RobertaForSequenceClassification'],NA,NA,NA,text-classification,2023-09-13 05:46:25+00:00,"['transformers', 'pytorch', 'roberta', 'text-classification', 'autotrain_compatible', 'endpoints_compatible', 'region:us']"
ys7yoo/nli_klue_roberta_base_ep2,"['LABEL_0', 'LABEL_1', 'LABEL_2']",650260ca1e4cba6f173496a8,2,0,['RobertaForSequenceClassification'],NA,NA,NA,text-classification,2023-09-14 01:27:50+00:00,"['transformers', 'pytorch', 'roberta', 'text-classification', 'autotrain_compatible', 'endpoints_compatible', 'region:us']"
ys7yoo/nli_klue_roberta_base_ep7,"['LABEL_0', 'LABEL_1', 'LABEL_2']",650275f546582032cb9336fd,2,0,['RobertaForSequenceClassification'],NA,NA,NA,text-classification,2023-09-14 02:58:23+00:00,"['transformers', 'pytorch', 'roberta', 'text-classification', 'autotrain_compatible', 'endpoints_compatible', 'region:us']"
ys7yoo/nli_klue_roberta_base_ep13,"['LABEL_0', 'LABEL_1', 'LABEL_2']",650288be46582032cb96c651,2,0,['RobertaForSequenceClassification'],NA,NA,NA,text-classification,2023-09-14 04:18:00+00:00,"['transformers', 'pytorch', 'roberta', 'text-classification', 'autotrain_compatible', 'endpoints_compatible', 'region:us']"
ys7yoo/nli_klue_roberta_large_ep1,"['LABEL_1', 'LABEL_0', 'LABEL_2']",6502d089fa0dccbd85b8c99f,2,0,['RobertaForSequenceClassification'],NA,NA,NA,text-classification,2023-09-14 09:31:49+00:00,"['transformers', 'pytorch', 'roberta', 'text-classification', 'autotrain_compatible', 'endpoints_compatible', 'region:us']"
ys7yoo/nli_klue_roberta_large_ep9,"['LABEL_0', 'LABEL_1', 'LABEL_2']",650325c285d1262ed95649c8,3,0,['RobertaForSequenceClassification'],NA,NA,NA,text-classification,2023-09-14 15:34:03+00:00,"['transformers', 'pytorch', 'roberta', 'text-classification', 'autotrain_compatible', 'endpoints_compatible', 'region:us']"
ys7yoo/nli_klue_roberta_large_ep5_core,"['LABEL_0', 'LABEL_1', 'LABEL_2']",6505cd12c6ae3df8f2afa0cb,2,0,['RobertaForSequenceClassification'],NA,NA,NA,text-classification,2023-09-16 15:52:20+00:00,"['transformers', 'pytorch', 'roberta', 'text-classification', 'autotrain_compatible', 'endpoints_compatible', 'region:us']"
ys7yoo/sts_nli_roberta-large_lr1e-05_wd1e-03,"['LABEL_0', 'LABEL_1', 'LABEL_2']",65070e290f44c341cd98c658,2,0,['RobertaForSequenceClassification'],NA,NA,NA,text-classification,2023-09-17 14:47:11+00:00,"['transformers', 'pytorch', 'roberta', 'text-classification', 'autotrain_compatible', 'endpoints_compatible', 'region:us']"
ys7yoo/nli_sts_roberta_large_lr1e-05_wd1e-03_ep10_lr1e-05_wd1e-03_ep10_ckpt,"['LABEL_0', 'LABEL_1', 'LABEL_2']",65071a7fc3d1e53166d8fb3b,2,0,['RobertaForSequenceClassification'],['klue'],,"['accuracy', 'f1']",text-classification,2023-09-17 16:10:54+00:00,"['transformers', 'pytorch', 'roberta', 'text-classification', 'generated_from_trainer', 'dataset:klue', 'base_model:ys7yoo/sts_roberta_large_lr1e-05_wd1e-03_ep10', 'model-index', 'autotrain_compatible', 'endpoints_compatible', 'region:us']"
ys7yoo/nli_roberta-large_lr1e-05_wd1e-03_ep3,"['LABEL_1', 'LABEL_0', 'LABEL_2']",6507a7313fc966d1bbad9d3f,2,0,['RobertaForSequenceClassification'],NA,NA,NA,text-classification,2023-09-18 01:45:34+00:00,"['transformers', 'pytorch', 'roberta', 'text-classification', 'autotrain_compatible', 'endpoints_compatible', 'region:us']"
ys7yoo/nli_klue_roberta_large_lr1e-05_wd1e-03_ep10,"['LABEL_1', 'LABEL_0', 'LABEL_2']",6507b7fbeac45ee2e42a2fd9,2,0,['RobertaForSequenceClassification'],NA,NA,NA,text-classification,2023-09-18 02:53:05+00:00,"['transformers', 'pytorch', 'roberta', 'text-classification', 'autotrain_compatible', 'endpoints_compatible', 'region:us']"
muhammadravi251001/fine-tuned-NLI-indonesian-with-xlm-roberta-large,"['entailment', 'contradiction', 'neutral']",65201682494d6b37a926f0d6,2,0,['XLMRobertaForSequenceClassification'],,,"['accuracy', 'f1']",text-classification,2023-10-07 16:11:07+00:00,"['transformers', 'pytorch', 'tensorboard', 'xlm-roberta', 'text-classification', 'generated_from_trainer', 'license:mit', 'autotrain_compatible', 'endpoints_compatible', 'region:us']"
muhammadravi251001/fine-tuned-NLI-indonli-with-xlm-roberta-large,"['neutral', 'entailment', 'contradiction']",653ca4e6cbc8ae32a5cc3301,2,0,['XLMRobertaForSequenceClassification'],,,"['accuracy', 'f1']",text-classification,2023-10-28 07:05:40+00:00,"['transformers', 'pytorch', 'tensorboard', 'xlm-roberta', 'text-classification', 'generated_from_trainer', 'license:mit', 'autotrain_compatible', 'endpoints_compatible', 'region:us']"
muhammadravi251001/fine-tuned-NLI-indonli_mnli_idkmrc-nli-with-xlm-roberta-large,"['neutral', 'entailment', 'contradiction']",653cd398ce2f3daaf4bd1ff3,2,0,['XLMRobertaForSequenceClassification'],,,"['accuracy', 'f1']",text-classification,2023-10-28 20:10:02+00:00,"['transformers', 'pytorch', 'tensorboard', 'xlm-roberta', 'text-classification', 'generated_from_trainer', 'license:mit', 'autotrain_compatible', 'endpoints_compatible', 'region:us']"
muhammadravi251001/fine-tuned-NLI-indonli_mnli_tydiqaid-nli-with-xlm-roberta-large,"['neutral', 'entailment', 'contradiction']",653d6bb477c2f09452a21b03,2,0,['XLMRobertaForSequenceClassification'],,,"['accuracy', 'f1']",text-classification,2023-10-29 09:01:58+00:00,"['transformers', 'pytorch', 'tensorboard', 'xlm-roberta', 'text-classification', 'generated_from_trainer', 'license:mit', 'autotrain_compatible', 'endpoints_compatible', 'region:us']"
muhammadravi251001/fine-tuned-NLI-indonli_mnli_squadid-nli-with-xlm-roberta-large,"['neutral', 'entailment', 'contradiction']",653e6124284fa7923ccbffdf,2,0,['XLMRobertaForSequenceClassification'],,,"['accuracy', 'f1']",text-classification,2023-10-31 01:43:39+00:00,"['transformers', 'pytorch', 'tensorboard', 'xlm-roberta', 'text-classification', 'generated_from_trainer', 'license:mit', 'autotrain_compatible', 'endpoints_compatible', 'region:us']"
ys7yoo/nli_sts_roberta-large_lr1e-05_wd1e-03_ep3_lr1e-05_wd1e-03_ep3_ckpt,"['LABEL_0', 'LABEL_1', 'LABEL_2']",6556c2bbdf3c800e011ef805,2,0,['RobertaForSequenceClassification'],['klue'],,"['accuracy', 'f1']",text-classification,2023-11-17 02:45:59+00:00,"['transformers', 'pytorch', 'roberta', 'text-classification', 'generated_from_trainer', 'dataset:klue', 'model-index', 'autotrain_compatible', 'endpoints_compatible', 'region:us']"
ys7yoo/nli_sts_roberta-large_lr1e-05_wd1e-03_ep3_lr1e-05_wd1e-03_ep3,"['LABEL_0', 'LABEL_1', 'LABEL_2']",6556ca94b16ff8c97f639455,2,0,['RobertaForSequenceClassification'],NA,NA,NA,text-classification,2023-11-17 02:47:49+00:00,"['transformers', 'pytorch', 'roberta', 'text-classification', 'autotrain_compatible', 'endpoints_compatible', 'region:us']"
AdamCodd/distilroberta-NLI,"['Entailment', 'Contradiction', 'Neutral']",657a281ecf03a3ea584faf6e,2,0,['RobertaForSequenceClassification'],"['snli', 'multi_nli']",['en'],"['accuracy', 'f1', 'precision', 'recall']",text-classification,2023-12-13 22:55:11+00:00,"['transformers', 'onnx', 'safetensors', 'roberta', 'text-classification', 'en', 'dataset:snli', 'dataset:multi_nli', 'model-index', 'autotrain_compatible', 'region:us']"
ys7yoo/nli_klue_roberta-large,"['LABEL_0', 'LABEL_1', 'LABEL_2']",65add0edcb5b4fb08efc98d5,2,0,['RobertaForSequenceClassification'],NA,NA,NA,text-classification,2024-01-22 02:27:19+00:00,"['transformers', 'pytorch', 'roberta', 'text-classification', 'autotrain_compatible', 'endpoints_compatible', 'region:us']"
ys7yoo/nli_klue_roberta-large_v2,"['LABEL_0', 'LABEL_1', 'LABEL_2']",65b8a7b010b357560687a772,1,0,['RobertaForSequenceClassification'],NA,NA,NA,text-classification,2024-01-30 07:46:16+00:00,"['transformers', 'safetensors', 'roberta', 'text-classification', 'autotrain_compatible', 'endpoints_compatible', 'region:us']"
LazarusNLP/indobert-lite-base-p1-indonli-multilingual-nli-distil-mdeberta,"['entailment', 'contradiction', 'neutral']",65b9cc1e98bd7a573bc21acf,2,0,['AlbertForSequenceClassification'],"['indonli', 'MoritzLaurer/multilingual-NLI-26lang-2mil7', 'LazarusNLP/multilingual-NLI-26lang-2mil7-id']",['ind'],"['accuracy', 'f1', 'precision', 'recall']",text-classification,2024-01-31 05:21:54+00:00,"['transformers', 'tensorboard', 'safetensors', 'albert', 'text-classification', 'generated_from_trainer', 'ind', 'dataset:indonli', 'dataset:MoritzLaurer/multilingual-NLI-26lang-2mil7', 'dataset:LazarusNLP/multilingual-NLI-26lang-2mil7-id', 'arxiv:1909.11942', 'arxiv:2110.14566', 'base_model:indobenchmark/indobert-lite-base-p1', 'license:mit', 'autotrain_compatible', 'endpoints_compatible', 'region:us']"
ys7yoo/nli_klue_roberta-large_v3,"['LABEL_0', 'LABEL_1', 'LABEL_2']",65ba0e321ea129ef44765daf,2,0,['RobertaForSequenceClassification'],NA,NA,NA,text-classification,2024-01-31 09:15:59+00:00,"['transformers', 'pytorch', 'roberta', 'text-classification', 'autotrain_compatible', 'endpoints_compatible', 'region:us']"
k4black/roberta-base-e-snli-classification-nli_explanation-base,"['neutral', 'entailment', 'contradiction']",6431aba79da0169925121e79,1,0,['RobertaForSequenceClassification'],NA,NA,NA,text-classification,2023-04-08 18:41:15+00:00,"['transformers', 'pytorch', 'roberta', 'text-classification', 'autotrain_compatible', 'endpoints_compatible', 'region:us']"
muhammadravi251001/fine-tuned-NLI-multilingual-with-xlm-roberta-large,"['neutral', 'entailment', 'contradiction']",64fd3778491fad09635c80e4,1,0,['XLMRobertaForSequenceClassification'],,,"['accuracy', 'f1']",text-classification,2023-09-12 23:21:59+00:00,"['transformers', 'pytorch', 'tensorboard', 'xlm-roberta', 'text-classification', 'generated_from_trainer', 'license:mit', 'autotrain_compatible', 'endpoints_compatible', 'region:us']"
ys7yoo/nli_klue_roberta_base_ep11,"['LABEL_0', 'LABEL_1', 'LABEL_2']",65027c3b06a2c356287e3f18,1,0,['RobertaForSequenceClassification'],NA,NA,NA,text-classification,2023-09-14 03:25:03+00:00,"['transformers', 'pytorch', 'roberta', 'text-classification', 'autotrain_compatible', 'endpoints_compatible', 'region:us']"
ys7yoo/nli_klue_roberta_large_ep7,"['LABEL_0', 'LABEL_1', 'LABEL_2']",6502c88e64b7438a0242ce68,2,0,['RobertaForSequenceClassification'],NA,NA,NA,text-classification,2023-09-14 08:57:14+00:00,"['transformers', 'pytorch', 'roberta', 'text-classification', 'autotrain_compatible', 'endpoints_compatible', 'region:us']"
ys7yoo/nli_klue_roberta_base_ep1,"['LABEL_0', 'LABEL_1', 'LABEL_2']",6502d2451a5924e2281f145c,1,0,['RobertaForSequenceClassification'],NA,NA,NA,text-classification,2023-09-14 09:32:09+00:00,"['transformers', 'pytorch', 'roberta', 'text-classification', 'autotrain_compatible', 'endpoints_compatible', 'region:us']"
ys7yoo/nli_klue_roberta-large_lr1e-05_wd1e-03,"['LABEL_1', 'LABEL_0', 'LABEL_2']",6505dbca9c5e6b2767a6a6d2,1,0,['RobertaForSequenceClassification'],NA,NA,NA,text-classification,2023-09-16 16:55:10+00:00,"['transformers', 'pytorch', 'roberta', 'text-classification', 'autotrain_compatible', 'endpoints_compatible', 'region:us']"
muhammadravi251001/fine-tuned-NLI-indonli_mnli-with-xlm-roberta-large,"['neutral', 'entailment', 'contradiction']",653cb3bbcd52f28849bc0413,2,0,['XLMRobertaForSequenceClassification'],,,"['accuracy', 'f1']",text-classification,2023-10-28 18:22:08+00:00,"['transformers', 'pytorch', 'tensorboard', 'xlm-roberta', 'text-classification', 'generated_from_trainer', 'license:mit', 'autotrain_compatible', 'endpoints_compatible', 'region:us']"
ys7yoo/nli_klue_bert-base,"['LABEL_0', 'LABEL_1', 'LABEL_2']",65a6a118a57bd99a511aff4f,1,0,['BertForSequenceClassification'],NA,NA,NA,text-classification,2024-01-16 15:32:48+00:00,"['transformers', 'pytorch', 'bert', 'text-classification', 'autotrain_compatible', 'endpoints_compatible', 'region:us']"
ys7yoo/nli_klue_roberta-base,"['LABEL_0', 'LABEL_1', 'LABEL_2']",65a87ef2669921943c232012,1,0,['RobertaForSequenceClassification'],NA,NA,NA,text-classification,2024-01-18 01:31:37+00:00,"['transformers', 'pytorch', 'roberta', 'text-classification', 'autotrain_compatible', 'endpoints_compatible', 'region:us']"
ys7yoo/sts-nli_klue_bert-base,"['LABEL_0', 'LABEL_1', 'LABEL_2']",65b0c19e38a0c8f7704b75c0,1,0,['BertForSequenceClassification'],NA,NA,NA,text-classification,2024-01-24 07:54:14+00:00,"['transformers', 'pytorch', 'bert', 'text-classification', 'autotrain_compatible', 'endpoints_compatible', 'region:us']"
m4faisal/NLI-Conventional-Fine-Tuning,"['LABEL_1', 'LABEL_0', 'LABEL_2']",65c56f6c27b8c11e43f04a07,42,0,['AlbertForSequenceClassification'],NA,NA,NA,text-classification,2024-03-20 23:32:01+00:00,"['transformers', 'tensorboard', 'safetensors', 'albert', 'text-classification', 'autotrain_compatible', 'endpoints_compatible', 'region:us']"
