,Model Name,%FIA,%PIA,%NIA,%U
0,ProsusAI/finbert,20.0,60.0,0.0,20.0
1,yiyanghkust/finbert-tone,20.0,60.0,20.0,0.0
2,cardiffnlp/twitter-roberta-base-sentiment-latest,0.0,60.0,40.0,0.0
3,cardiffnlp/twitter-xlm-roberta-base-sentiment,20.0,60.0,20.0,0.0
4,cardiffnlp/twitter-roberta-base-sentiment,20.0,0.0,80.0,0.0
5,blanchefort/rubert-base-cased-sentiment,20.0,40.0,40.0,0.0
6,finiteautomata/beto-sentiment-analysis,40.0,0.0,60.0,0.0
7,mrm8488/distilroberta-finetuned-financial-news-sentiment-analysis,20.0,0.0,80.0,0.0
8,HooshvareLab/bert-fa-base-uncased-sentiment-digikala,40.0,60.0,0.0,0.0
9,ahmedrachid/FinancialBERT-Sentiment-Analysis,0.0,0.0,100.0,0.0
10,koheiduck/bert-japanese-finetuned-sentiment,20.0,40.0,40.0,0.0
11,finiteautomata/bertweet-base-sentiment-analysis,20.0,60.0,0.0,20.0
12,oliverguhr/german-sentiment-bert,40.0,0.0,60.0,0.0
13,christian-phu/bert-finetuned-japanese-sentiment,40.0,0.0,60.0,0.0
14,blanchefort/rubert-base-cased-sentiment-rusentiment,20.0,0.0,80.0,0.0
15,climatebert/distilroberta-base-climate-sentiment,0.0,0.0,100.0,0.0
16,Seethal/sentiment_analysis_generic_dataset,0.0,100.0,0.0,0.0
17,sbcBI/sentiment_analysis_model,60.0,0.0,40.0,0.0
18,lxyuan/distilbert-base-multilingual-cased-sentiments-student,80.0,0.0,20.0,0.0
19,snunlp/KR-FinBert-SC,20.0,0.0,80.0,0.0
20,soleimanian/financial-roberta-large-sentiment,20.0,0.0,60.0,20.0
21,RogerKam/roberta_RCADE_fine_tuned_sentiment_covid_news,0.0,0.0,100.0,0.0
22,amansolanki/autonlp-Tweet-Sentiment-Extraction-20114061,20.0,0.0,80.0,0.0
23,cardiffnlp/twitter-xlm-roberta-base-sentiment-multilingual,20.0,0.0,80.0,0.0
24,RecordedFuture/Swedish-Sentiment-Fear,0.0,0.0,100.0,0.0
25,knkarthick/Sentiment-Analysis,20.0,0.0,80.0,0.0
26,cardiffnlp/camembert-base-tweet-sentiment-fr,20.0,0.0,60.0,20.0
27,samayash/finetuning-financial-news-sentiment,0.0,100.0,0.0,0.0
28,sbcBI/sentiment_analysis,20.0,0.0,80.0,0.0
29,yangheng/deberta-v3-base-absa-v1.1,20.0,40.0,20.0,20.0
30,hakonmh/sentiment-xdistil-uncased,40.0,40.0,20.0,0.0
31,avichr/heBERT_sentiment_analysis,0.0,0.0,100.0,0.0
32,hw2942/bert-base-chinese-finetuning-financial-news-sentiment-v2,40.0,0.0,60.0,0.0
33,Sigma/financial-sentiment-analysis,20.0,20.0,40.0,20.0
34,w11wo/indonesian-roberta-base-sentiment-classifier,20.0,40.0,40.0,0.0
35,j-hartmann/sentiment-roberta-large-english-3-classes,20.0,80.0,0.0,0.0
36,CAMeL-Lab/bert-base-arabic-camelbert-da-sentiment,20.0,0.0,80.0,0.0
37,fergusq/finbert-finnsentiment,0.0,0.0,100.0,0.0
38,abnersampaio/sentiment,80.0,0.0,20.0,0.0
39,neuraly/bert-base-italian-cased-sentiment,20.0,0.0,80.0,0.0
40,citizenlab/twitter-xlm-roberta-base-sentiment-finetunned,20.0,0.0,80.0,0.0
41,MonoHime/rubert-base-cased-sentiment-new,0.0,0.0,100.0,0.0
42,mdhugol/indonesia-bert-sentiment-classification,0.0,0.0,100.0,0.0
43,Kyle1668/boss-sentiment-bert-base-uncased,20.0,0.0,80.0,0.0
44,mwz/RomanUrduClassification,40.0,0.0,60.0,0.0
45,philschmid/distilbert-base-multilingual-cased-sentiment-2,0.0,0.0,100.0,0.0
46,lucas-leme/FinBERT-PT-BR,0.0,0.0,100.0,0.0
47,peerapongch/baikal-sentiment-ball,0.0,0.0,100.0,0.0
48,abhishek/autonlp-swahili-sentiment-615517563,20.0,60.0,20.0,0.0
49,cointegrated/rubert-tiny-sentiment-balanced,20.0,0.0,80.0,0.0
50,Jean-Baptiste/roberta-large-financial-news-sentiment-en,40.0,0.0,60.0,0.0
51,seara/rubert-tiny2-russian-sentiment,20.0,0.0,80.0,0.0
52,mdraw/german-news-sentiment-bert,20.0,0.0,80.0,0.0
53,BVK97/Discord-NFT-Sentiment,0.0,0.0,100.0,0.0
54,emre/turkish-sentiment-analysis,20.0,20.0,40.0,20.0
55,alexandrainst/da-sentiment-base,40.0,0.0,40.0,20.0
56,eevvgg/StanceBERTa,40.0,0.0,60.0,0.0
57,ayameRushia/roberta-base-indonesian-1.5G-sentiment-analysis-smsa,20.0,0.0,80.0,0.0
58,Ammar-alhaj-ali/arabic-MARBERT-sentiment,40.0,40.0,0.0,20.0
59,yangheng/deberta-v3-large-absa-v1.1,20.0,0.0,60.0,20.0
60,IAyoub/finetuning-bert-sentiment-reviews-2,40.0,0.0,60.0,0.0
61,ayameRushia/bert-base-indonesian-1.5G-sentiment-analysis-smsa,0.0,0.0,100.0,0.0
62,turing-usp/FinBertPTBR,0.0,40.0,60.0,0.0
63,Voicelab/herbert-base-cased-sentiment,0.0,0.0,100.0,0.0
64,Tejas3/distillbert_base_uncased_80_equal,20.0,20.0,60.0,0.0
65,l3cube-pune/marathi-sentiment-md,20.0,0.0,80.0,0.0
66,shashanksrinath/News_Sentiment_Analysis,20.0,80.0,0.0,0.0
67,CAMeL-Lab/bert-base-arabic-camelbert-mix-sentiment,20.0,0.0,40.0,40.0
68,Jorgeutd/bert-base-uncased-finetuned-surveyclassification,20.0,0.0,80.0,0.0
69,cardiffnlp/twitter-roberta-base-dec2021-sentiment,0.0,0.0,80.0,20.0
70,larskjeldgaard/senda,0.0,0.0,100.0,0.0
71,Souvikcmsa/BERT_sentiment_analysis,0.0,60.0,40.0,0.0
72,cardiffnlp/xlm-twitter-politics-sentiment,20.0,0.0,80.0,0.0
73,rohanrajpal/bert-base-multilingual-codemixed-cased-sentiment,20.0,20.0,60.0,0.0
74,hilmansw/indobert-finetuned-sentiment-happiness-index,40.0,0.0,40.0,20.0
75,FinanceInc/auditor_sentiment_finetuned,0.0,0.0,100.0,0.0
76,pysentimiento/roberta-targeted-sentiment-analysis,0.0,0.0,80.0,20.0
77,RecordedFuture/Swedish-Sentiment-Violence,20.0,0.0,60.0,20.0
78,poerwiyanto/bert-base-indonesian-522M-finetuned-sentiment,0.0,0.0,100.0,0.0
79,MarieAngeA13/Sentiment-Analysis-BERT,0.0,0.0,80.0,20.0
80,poom-sci/WangchanBERTa-finetuned-sentiment,0.0,60.0,40.0,0.0
81,xaqren/sentiment_analysis,40.0,20.0,0.0,40.0
82,Davlan/naija-twitter-sentiment-afriberta-large,20.0,0.0,80.0,0.0
83,bardsai/finance-sentiment-zh-base,40.0,0.0,60.0,0.0
84,seara/rubert-base-cased-russian-sentiment,20.0,0.0,80.0,0.0
85,blanchefort/rubert-base-cased-sentiment-med,20.0,0.0,80.0,0.0
86,hanifnoerr/Fine-tuned-Indonesian-Sentiment-Classifier,20.0,0.0,80.0,0.0
87,RashidNLP/Finance-Sentiment-Classification,40.0,0.0,60.0,0.0
88,RogerKam/roberta_fine_tuned_sentiment_newsmtsc,0.0,0.0,100.0,0.0
89,abnersampaio/sentimentv2,20.0,0.0,80.0,0.0
90,cardiffnlp/xlm-roberta-base-tweet-sentiment-pt,20.0,0.0,80.0,0.0
91,aari1995/German_Sentiment,20.0,0.0,80.0,0.0
92,ncduy/phobert-large-finetuned-vietnamese_students_feedback,0.0,60.0,40.0,0.0
93,ZiweiChen/FinBERT-FOMC,0.0,0.0,100.0,0.0
94,JP040/bert-german-sentiment-twitter,0.0,80.0,0.0,20.0
95,alger-ia/dziribert_sentiment,40.0,0.0,60.0,0.0
96,blanchefort/rubert-base-cased-sentiment-rurewiews,40.0,0.0,60.0,0.0
97,z-dickson/multilingual_sentiment_newspaper_headlines,0.0,0.0,100.0,0.0
98,rasmodev/Covid-19_Sentiment_Analysis_RoBERTa_Model,20.0,80.0,0.0,0.0
99,CAMeL-Lab/bert-base-arabic-camelbert-msa-sentiment,20.0,60.0,20.0,0.0
100,oferweintraub/bert-base-finance-sentiment-noisy-search,60.0,0.0,40.0,0.0
101,nimaafshar/parsbert-fa-sentiment-twitter,0.0,0.0,80.0,20.0
102,KBLab/robust-swedish-sentiment-multiclass,0.0,0.0,60.0,40.0
103,mstafam/fine-tuned-bert-financial-sentiment-analysis,40.0,0.0,40.0,20.0
104,traptrip/rosatom_survey_sentiment_classifier,0.0,0.0,100.0,0.0
105,philschmid/distilbert-base-multilingual-cased-sentiment,20.0,0.0,60.0,20.0
106,IsaacSarps/sentiment_analysis,20.0,0.0,80.0,0.0
107,Venkatesh4342/distilbert-helpdesk-sentiment,20.0,0.0,80.0,0.0
108,m3hrdadfi/albert-fa-base-v2-sentiment-multi,0.0,0.0,60.0,40.0
109,hw2942/bert-base-chinese-finetuning-financial-news-sentiment,0.0,0.0,100.0,0.0
110,bardsai/finance-sentiment-zh-fast,0.0,0.0,40.0,60.0
111,EMBEDDIA/rubert-tweetsentiment,0.0,0.0,100.0,0.0
112,ramnika003/autotrain-sentiment_analysis_project-705021428,0.0,0.0,60.0,40.0
113,pysentimiento/roberta-es-sentiment,0.0,0.0,100.0,0.0
114,Softechlb/Sent_analysis_CVs,0.0,0.0,60.0,40.0
115,mdeniz1/turkish-sentiment-analysis-bert-base-turkish-uncased,20.0,0.0,60.0,20.0
116,ganeshkharad/gk-hinglish-sentiment,0.0,0.0,60.0,40.0
117,akahana/indonesia-sentiment-roberta,0.0,0.0,100.0,0.0
118,sahri/indonesiasentiment,20.0,0.0,60.0,20.0
119,Venkatesh4342/xlm-roberta-helpdesk-sentiment,20.0,0.0,80.0,0.0
120,KernAI/stock-news-distilbert,0.0,0.0,60.0,40.0
121,CAMeL-Lab/bert-base-arabic-camelbert-ca-sentiment,20.0,0.0,0.0,80.0
122,Cristian-dcg/beto-sentiment-analysis-finetuned-onpremise,20.0,0.0,80.0,0.0
123,cardiffnlp/twitter-roberta-base-2021-124m-sentiment,0.0,0.0,20.0,80.0
124,RashidNLP/Amazon-Deberta-Base-Sentiment,0.0,0.0,60.0,40.0
125,sudhanvasp/Sentiment-Analysis,20.0,0.0,20.0,60.0
126,dnzblgn/BART_Sentiment_Classification,0.0,0.0,20.0,80.0
127,MMG/xlm-roberta-base-sa-spanish,0.0,0.0,100.0,0.0
128,cardiffnlp/xlm-roberta-base-sentiment-multilingual,0.0,0.0,40.0,60.0
129,cardiffnlp/bertweet-base-sentiment,0.0,0.0,100.0,0.0
130,slisowski/stock_sentiment_hp,20.0,0.0,60.0,20.0
131,yj2773/hinglish11k-sentiment-analysis,0.0,0.0,80.0,20.0
132,bardsai/twitter-sentiment-pl-base,0.0,0.0,60.0,40.0
133,kinit/slovakbert-sentiment-twitter,20.0,0.0,20.0,60.0
134,clips/republic,0.0,0.0,40.0,60.0
135,Sonny4Sonnix/twitter-roberta-base-sentimental-analysis-of-covid-tweets,0.0,0.0,80.0,20.0
136,TFLai/turkish-bert-128k-sentiment,0.0,0.0,100.0,0.0
137,zabiullah/autotrain-customers_email_sentiment-3449294006,0.0,0.0,80.0,20.0
138,RogerKam/roberta_fine_tuned_sentiment_sst3,20.0,0.0,40.0,40.0
139,nikunjbjj/jd-resume-model,0.0,0.0,60.0,40.0
140,amphora/KorFinASC-XLM-RoBERTa,20.0,0.0,80.0,0.0
141,QuophyDzifa/Sentiment-Analysis-Model,20.0,0.0,60.0,20.0
142,Vasanth/bert-stock-sentiment-analyzer,20.0,0.0,60.0,20.0
143,dogruermikail/bert-fine-tuned-stock-sentiment-uncased,20.0,0.0,40.0,40.0
144,atowey01/hostel-reviews-sentiment-model,20.0,0.0,60.0,20.0
145,mr4/phobert-base-vi-sentiment-analysis,20.0,0.0,80.0,0.0
146,cardiffnlp/roberta-base-tweet-sentiment-en,0.0,0.0,80.0,20.0
147,ka05ar/banglabert-sentiment,0.0,0.0,80.0,20.0
148,l3cube-pune/MarathiSentiment,0.0,0.0,100.0,0.0
149,aisyahhrazak/distilbert-mooc-review-sentiment,0.0,0.0,100.0,0.0
150,gsl22/sentiment-analysis-v1,20.0,0.0,60.0,20.0
151,m3hrdadfi/albert-fa-base-v2-sentiment-digikala,0.0,0.0,60.0,40.0
152,sismetanin/sbert-ru-sentiment-rureviews,0.0,0.0,80.0,20.0
153,abnersampaio/sentiment3.5,0.0,0.0,100.0,0.0
154,arize-ai/distilbert_reviews_with_language_drift,20.0,0.0,60.0,20.0
155,deepset/bert-base-german-cased-sentiment-Germeval17,0.0,0.0,100.0,0.0
156,venetis/electra-base-discriminator-finetuned-3d-sentiment,20.0,0.0,80.0,0.0
157,Abubakari/finetuned-Sentiment-classfication-ROBERTA-model,20.0,0.0,80.0,0.0
158,Yah216/Sentiment_Analysis_CAMelBERT_msa_sixteenth_HARD,0.0,0.0,80.0,20.0
159,CultureBERT/roberta-large-hierarchy,0.0,0.0,60.0,40.0
160,deansaco/Roberta-base-financial-sentiment-analysis,0.0,0.0,80.0,20.0
161,bardsai/finance-sentiment-pl-fast,0.0,0.0,100.0,0.0
162,akoksal/bounti,0.0,0.0,80.0,20.0
163,NYTK/sentiment-ohb3-hubert-hungarian,0.0,0.0,100.0,0.0
164,sismetanin/sbert-ru-sentiment-krnd,0.0,0.0,100.0,0.0
165,CouchCat/ma_sa_v7_distil,0.0,0.0,100.0,0.0
166,raygx/GNePT-NepSA,0.0,0.0,80.0,20.0
167,papepipopu/trading_ai,0.0,0.0,100.0,0.0
168,pin/senda,0.0,0.0,100.0,0.0
169,Tobias/bert-base-uncased_English_Hotel_sentiment,0.0,0.0,80.0,20.0
170,CultureBERT/roberta-large-clan,0.0,0.0,100.0,0.0
171,KernAI/community-sentiment-bert,0.0,0.0,100.0,0.0
172,abnersampaio/sentiment3,0.0,0.0,100.0,0.0
173,cardiffnlp/bert-base-multilingual-cased-sentiment-multilingual,0.0,0.0,100.0,0.0
174,NewtonKimathi/Covid_Vaccine_Sentiment_Analysis_Roberta_Model,20.0,0.0,80.0,0.0
175,tanoManzo/roberta-attitude,20.0,0.0,80.0,0.0
176,veb/twitch-roberta-base-sentiment-latest,0.0,0.0,80.0,20.0
177,ikoghoemmanuell/finetuned_sentiment_modell,0.0,0.0,80.0,20.0
178,francisco-perez-sorrosal/distilbert-base-uncased-finetuned-with-spanish-tweets-clf,0.0,0.0,80.0,20.0
179,bowipawan/bert-sentimental,0.0,0.0,100.0,0.0
180,cardiffnlp/xlm-roberta-base-tweet-sentiment-it,0.0,0.0,100.0,0.0
181,gr8testgad-1/sentiment_analysis,0.0,0.0,80.0,20.0
182,gyesibiney/covid-tweet-sentimental-Analysis-roberta,20.0,0.0,80.0,0.0
183,AGudden/xlm-roberta-base-finetuned-marc,20.0,0.0,80.0,0.0
184,Souvikcmsa/SentimentAnalysisDistillBERT,0.0,0.0,100.0,0.0
185,NewtonKimathi/Covid_Vaccine_Sentiment_Analysis_Bert_based_Model,20.0,0.0,80.0,0.0
186,cardiffnlp/xlm-v-base-tweet-sentiment-pt,0.0,0.0,100.0,0.0
187,seninoseno/rubert-base-cased-sentiment-study-feedbacks-solyanka,0.0,0.0,100.0,0.0
188,nickwong64/bert-base-uncased-finance-sentiment,0.0,0.0,60.0,40.0
189,xyu1163/Testmodel_sentiment_with_3_labels,20.0,0.0,80.0,0.0
190,maclean-connor96/feedier-french-books,0.0,0.0,80.0,20.0
191,SiddharthaM/twitter-data-bert-base-multilingual-uncased-hindi-only-memes,20.0,0.0,80.0,0.0
192,Beanz1935/finetuning-sentiment-model-3000-samples,20.0,0.0,80.0,0.0
193,IngeniousArtist/distilbert-finance,0.0,0.0,80.0,20.0
194,Sonny4Sonnix/movie_sentiment_trainer,0.0,0.0,80.0,20.0
195,cardiffnlp/roberta-base-sentiment,0.0,0.0,80.0,20.0
196,Hyeonseo/ko-finance_news_classifier,20.0,0.0,80.0,0.0
197,sismetanin/rubert-ru-sentiment-rureviews,0.0,0.0,80.0,20.0
198,Timothy1337/finetuning-sentiment-all_df,20.0,0.0,80.0,0.0
199,DSI/human-directed-sentiment,0.0,0.0,100.0,0.0
200,venetis/deberta-v3-base-finetuned-3d-sentiment,20.0,0.0,80.0,0.0
201,LondonStory/txlm-roberta-hindi-sentiment,0.0,0.0,60.0,40.0
202,ldeb/solved-finbert-tone,0.0,0.0,100.0,0.0
203,gabrielyang/finance_news_classifier-KR_v7,20.0,0.0,80.0,0.0
204,rohanrajpal/bert-base-en-hi-codemix-cased,0.0,0.0,40.0,60.0
205,Himanshusingh/finetunedfinbert-model,20.0,0.0,80.0,0.0
206,mtyrrell/CPU_Transport_GHG_Classifier,20.0,0.0,20.0,60.0
207,Cloudy1225/stackoverflow-roberta-base-sentiment,0.0,0.0,100.0,0.0
208,jayantapaul888/twitter-data-microsoft-deberta-base-mnli-sentiment-finetuned-memes,20.0,0.0,80.0,0.0
209,Theivaprakasham/sentence-transformers-paraphrase-MiniLM-L6-v2-twitter_sentiment,0.0,0.0,100.0,0.0
210,eevvgg/sentimenTw-political,0.0,0.0,20.0,80.0
211,techthiyanes/Bert_Bahasa_Sentiment,0.0,0.0,100.0,0.0
212,Elron/deberta-v3-large-sentiment,20.0,20.0,40.0,20.0
213,ErisGrey/my_models,0.0,0.0,100.0,0.0
214,francisco-perez-sorrosal/distilbert-base-multilingual-cased-finetuned-with-spanish-tweets-clf-cleaned-ds,20.0,0.0,80.0,0.0
215,gabrielkytz/finetuning-sentiment-model-3000-samples,20.0,0.0,80.0,0.0
216,cardiffnlp/xlm-v-base-tweet-sentiment-de,0.0,0.0,80.0,20.0
217,elozano/tweet_sentiment_eval,0.0,0.0,100.0,0.0
218,adam-chell/tweet-sentiment-analyzer,0.0,0.0,100.0,0.0
219,rohanrajpal/bert-base-codemixed-uncased-sentiment,20.0,0.0,40.0,40.0
220,jordankrishnayah/fullManifesto-ROBERTAsentiment2e,0.0,0.0,100.0,0.0
221,Yt99/SFinBERT,0.0,0.0,100.0,0.0
222,Venkatesh4342/bert-base-uncased-finetuned-fin,20.0,0.0,80.0,0.0
223,UholoDala/tweet_sentiments_analysis_bert,0.0,0.0,80.0,20.0
224,LYTinn/finetuning-sentiment-model-tweet-gpt2,0.0,0.0,80.0,20.0
225,HerbertAIHug/Finetuned-Roberta-Base-Sentiment-identifier,20.0,0.0,80.0,0.0
226,bardsai/finance-sentiment-pl-base,0.0,0.0,100.0,0.0
227,bright1/fine-tuned-twitter-Roberta-base-sentiment,20.0,0.0,80.0,0.0
228,francisco-perez-sorrosal/distilbert-base-multilingual-cased-finetuned-with-spanish-tweets-clf,20.0,0.0,80.0,0.0
229,incredible45/News-Sentimental-model-Buy-Neutral-Sell,20.0,0.0,80.0,0.0
230,manvik28/FinBERT_Tuned,20.0,0.0,80.0,0.0
231,evendivil/finetuning-sentiment-model-3000-samples,20.0,0.0,80.0,0.0
232,ScriptEdgeAI/MarathiSentiment-Bloom-560m,0.0,0.0,100.0,0.0
233,Manauu17/enhanced_roberta_sentiments_es,0.0,0.0,100.0,0.0
234,HerbertAIHug/finetuned_sentiment_analysis_modell,0.0,0.0,100.0,0.0
235,sismetanin/xlm_roberta_large-ru-sentiment-rureviews,0.0,0.0,80.0,20.0
236,arjuntheprogrammer/distilbert-base-multilingual-cased-sentiment-2,20.0,0.0,60.0,20.0
237,raygx/BERT-NepSA-T2,0.0,0.0,80.0,20.0
238,francisco-perez-sorrosal/dccuchile-distilbert-base-spanish-uncased-finetuned-with-spanish-tweets-clf-cleaned-ds,20.0,0.0,80.0,0.0
239,francisco-perez-sorrosal/distilbert-base-uncased-finetuned-with-spanish-tweets-clf-cleaned-ds,20.0,0.0,80.0,0.0
240,francisco-perez-sorrosal/dccuchile-distilbert-base-spanish-uncased-finetuned-with-spanish-tweets-clf,20.0,0.0,80.0,0.0
241,ruanchaves/mdeberta-v3-base-porsimplessent,0.0,0.0,80.0,20.0
242,raygx/distilGPT-NepSA,0.0,0.0,100.0,0.0
243,classla/bcms-bertic-parlasent-bcs-ter,0.0,20.0,0.0,80.0
244,Anthos23/FS-distilroberta-fine-tuned,0.0,0.0,100.0,0.0
245,luissgtorres/Bert_sentiment_analysis_Indata,20.0,0.0,80.0,0.0
246,warwickai/fin-perceiver,20.0,0.0,0.0,80.0
247,rohanrajpal/bert-base-en-es-codemix-cased,0.0,20.0,60.0,20.0
248,langecod/Financial_Phrasebank_RoBERTa,0.0,0.0,100.0,0.0
249,brema76/vaccine_event_it,0.0,0.0,80.0,20.0
250,kullackaan/sentiment-tweets,0.0,0.0,100.0,0.0
251,jayantapaul888/twitter-data-pysentimiento-robertuito-sentiment-finetuned-memes,20.0,0.0,80.0,0.0
252,santis2/phrasebank-sentiment-analysis,20.0,0.0,60.0,20.0
253,bardsai/finance-sentiment-de-base,0.0,0.0,40.0,60.0
254,everyl12/crisis_sentiment_roberta,0.0,0.0,80.0,20.0
255,cardiffnlp/xlm-roberta-base-tweet-sentiment-de,0.0,0.0,80.0,20.0
256,Venkatesh4342/distilbert-helpdesk-sentence-sentiment,20.0,0.0,80.0,0.0
257,mrcaelumn/yelp_restaurant_review_sentiment_analysis,0.0,0.0,100.0,0.0
258,cardiffnlp/xlm-v-base-tweet-sentiment-es,0.0,0.0,80.0,20.0
259,Kapiche/twitter-roberta-base-sentiment-latest,0.0,0.0,80.0,20.0
260,cardiffnlp/xlm-v-base-tweet-sentiment-it,0.0,0.0,80.0,20.0
261,bardsai/twitter-sentiment-pl-fast,0.0,0.0,80.0,20.0
262,cardiffnlp/xlm-roberta-base-tweet-sentiment-en,0.0,0.0,100.0,0.0
263,svalabs/twitter-xlm-roberta-bitcoin-sentiment,0.0,0.0,80.0,20.0
264,DingYao/autotrain-fbert-singlish-5-1943965533,0.0,0.0,100.0,0.0
265,bardsai/finance-sentiment-ja-base,0.0,0.0,100.0,0.0
266,DunnBC22/distilbert-base-uncased-Financial_Sentiment_Analysis,20.0,0.0,40.0,40.0
267,DunnBC22/distilbert-base-uncased-US_Airline_Twitter_Sentiment_Analysis,20.0,0.0,40.0,40.0
268,cardiffnlp/xlm-roberta-base-tweet-sentiment-fr,0.0,0.0,80.0,20.0
269,GhylB/Sentiment_Analysis_DistilBERT,0.0,0.0,100.0,0.0
270,meghanabhange/Hinglish-Bert-Class,0.0,0.0,100.0,0.0
271,Abdelrahman-Rezk/emotion-english-distilroberta-base-fine_tuned_for_amazon_reviews_english_3,0.0,0.0,100.0,0.0
272,adnanakbr/emotion-english-distilroberta-base-fine_tuned_for_amazon_english_reviews_on_200K_review,0.0,0.0,100.0,0.0
273,yanezh/twiiter_try4_fold2,0.0,0.0,100.0,0.0
274,intanm/fin-sa-post-trained-indobert-base-finnews-5,0.0,0.0,100.0,0.0
275,dhikaardianto/TiktokSentimentIndoBertTwitter,0.0,0.0,100.0,0.0
276,tyqiangz/indobert-lite-large-p2-smsa,20.0,0.0,60.0,20.0
277,Nelver28/sentiment-analysis-positive-mixed-negative,20.0,0.0,80.0,0.0
278,kartashoffv/vashkontrol-sentiment-rubert,20.0,0.0,60.0,20.0
279,zainalq7/autotrain-NLU_crypto_sentiment_analysis-754123133,0.0,0.0,100.0,0.0
280,cardiffnlp/xlm-v-base-tweet-sentiment-fr,0.0,0.0,80.0,20.0
281,CK42/sentiment_analysis_sbcBI,0.0,0.0,100.0,0.0
282,adnanakbr/bert-base-multilingual-uncased-sentiment-fine_tuned_for_amazon_english_reviews_on_200K_review_v2,0.0,0.0,100.0,0.0
283,mirfan899/da_spacy_sentiment,0.0,0.0,100.0,0.0
284,cardiffnlp/xlm-v-base-tweet-sentiment-en,0.0,0.0,100.0,0.0
285,DunnBC22/bert-base-uncased-Twitter_Sentiment_Analysis_v2,20.0,0.0,80.0,0.0
286,TankuVie/bert-base-multilingual-uncased-vietnamese_sentiment_analysis,20.0,0.0,60.0,20.0
287,duwuonline/mymodel-classify-sentiment,0.0,0.0,100.0,0.0
288,Tobias/bert-base-german-cased_German_Hotel_sentiment,0.0,0.0,80.0,20.0
289,eevvgg/PaReS-sentimenTw-political-PL,0.0,0.0,80.0,20.0
290,venetis/distilroberta-base-finetuned-3d-sentiment,20.0,0.0,80.0,0.0
291,A-Funakoshi/bert-finetuned-multilingual-sentiments,0.0,0.0,100.0,0.0
292,devtanumisra/finetuning-sentiment-model-deberta-smote,0.0,0.0,100.0,0.0
293,sasha/autotrain-BERTBase-TweetEval-1281248996,0.0,0.0,80.0,20.0
294,cardiffnlp/mbert-base-tweet-sentiment-it,0.0,0.0,80.0,20.0
295,candra/indobertweet-sentiment2,20.0,0.0,80.0,0.0
296,Jonathan0528/bert-base-uncased-financial-news-sentiment,0.0,0.0,100.0,0.0
297,sismetanin/rubert_conversational-ru-sentiment-krnd,0.0,0.0,100.0,0.0
298,RogerB/kin-sentiC,20.0,0.0,60.0,20.0
299,Anthos23/my-awesome-model,0.0,0.0,100.0,0.0
300,Splend1dchan/bert-base-uncased-slue-goldtrascription-e3-lr1e-4,0.0,0.0,100.0,0.0
301,course5i/SEAD-L-6_H-256_A-8-mnli,0.0,0.0,80.0,20.0
302,Narsil/finbert-slow,0.0,0.0,100.0,0.0
303,sairahul5223/autotrain-auto-train-intent-classification-20220928-1584756071,0.0,0.0,100.0,0.0
304,FinScience/FS-distilroberta-fine-tuned,0.0,0.0,80.0,20.0
305,senfu/bert-base-uncased-top-pruned-mnli,0.0,0.0,100.0,0.0
306,ruanchaves/bert-base-portuguese-cased-porsimplessent,0.0,0.0,100.0,0.0
307,Cincin-nvp/NusaX-senti_XLM-R,0.0,0.0,100.0,0.0
308,rhythm00/HF_tutor,0.0,0.0,100.0,0.0
309,mlkorra/obgv-gender-bert-hi-en,0.0,0.0,100.0,0.0
310,Svetlana0303/Classfication_longformer,20.0,0.0,80.0,0.0
311,sara-nabhani/ML-ns-bert-base-uncased,0.0,0.0,100.0,0.0
312,yanezh/twiiter_try6_fold1,0.0,0.0,100.0,0.0
313,davidchiii/news-headlines,0.0,0.0,100.0,0.0
314,Hyeonseo/finance_news_classifier,20.0,0.0,80.0,0.0
315,dogruermikail/bert-fine-tuning-sentiment-stocks-analyis-uncased,0.0,0.0,80.0,20.0
316,finiteautomata/beto-headlines-sentiment-analysis,0.0,0.0,100.0,0.0
317,MavisAJ/Sentiment_analysis_roberta_model,0.0,0.0,100.0,0.0
318,cardiffnlp/xlm-v-base-tweet-sentiment-ar,0.0,0.0,100.0,0.0
319,cardiffnlp/xlm-roberta-base-tweet-sentiment-ar,0.0,0.0,100.0,0.0
320,cardiffnlp/xlm-roberta-base-tweet-sentiment-es,0.0,0.0,100.0,0.0
321,benjaminbeilharz/bert-base-uncased-sentiment-classifier,0.0,0.0,100.0,0.0
322,oandreae/financial_sentiment_model,20.0,0.0,80.0,0.0
323,RogerKam/roberta_fine_tuned_sentiment_financial_news,20.0,0.0,80.0,0.0
324,UchihaMadara/phobert-finetuned-sentiment-analysis,20.0,0.0,80.0,0.0
325,Mawulom/Fine-Tuned-Bert_Base_Cased_Sentiment_Analysis,0.0,0.0,100.0,0.0
326,Abdelrahman-Rezk/emotion-english-distilroberta-base-fine_tuned_for_amazon_english_reviews_V03_on_100K_review,0.0,0.0,100.0,0.0
327,salohnana2018/ARABERT02-best-trail,0.0,0.0,100.0,0.0
328,neojex/testing,0.0,0.0,100.0,0.0
329,CultureBERT/roberta-large-adhocracy,0.0,0.0,100.0,0.0
330,yanezh/twiiter_try10_fold4,0.0,0.0,100.0,0.0
331,yanezh/twiiter_try15_fold3,20.0,0.0,80.0,0.0
332,Tejas3/distillbert_base_uncased_80,0.0,0.0,100.0,0.0
333,salohnana2018/ABSA-Pair-domainAdapt-CAMEL-MSA-HARD-ImbalancedHandling-absoluteWeights-gamma1-dropout01,0.0,0.0,100.0,0.0
334,salohnana2018/ABSA-Pair-domainAdapt-CAMEL-MSA-HARD-ImbalancedHandling-inv-prop-weights-gamma1,0.0,0.0,100.0,0.0
335,CMunch/fine_tuned_dota,20.0,0.0,80.0,0.0
336,intanm/sa10-clm-20230403-001-3,20.0,0.0,80.0,0.0
337,hazrulakmal/bert-base-uncased-finetuned,0.0,0.0,80.0,20.0
338,intanm/fin-sa-post-trained-indobert-base-finreports-p2-001,0.0,0.0,100.0,0.0
339,intanm/fin-sa-post-trained-indobert-base-combined,0.0,0.0,100.0,0.0
340,chinmayapani/panich,0.0,0.0,100.0,0.0
341,bvint/autotrain-sphere-lecture-demo-1671659193,0.0,0.0,100.0,0.0
342,DingYao/autotrain-fbert-singlish-1755361190,0.0,0.0,100.0,0.0
343,jordankrishnayah/robertaSentimentBiasTestwithMBIC,0.0,0.0,100.0,0.0
344,EMBEDDIA/bertic-tweetsentiment,0.0,0.0,100.0,0.0
345,hazrulakmal/benchmark-finetuned-distilbert,20.0,0.0,80.0,0.0
346,ultraleow/cloud4bert,0.0,0.0,100.0,0.0
347,researchaccount/sa_sub5,0.0,0.0,100.0,0.0
348,quesmed/tone,20.0,0.0,80.0,0.0
349,EMBEDDIA/english-tweetsentiment,0.0,0.0,100.0,0.0
350,BramVanroy/bert-base-multilingual-cased-hebban-reviews,0.0,0.0,80.0,20.0
351,nuriafari/my_model,0.0,0.0,100.0,0.0
352,CultureBERT/roberta-large-market,0.0,0.0,100.0,0.0
353,intanm/mlm_v1_20230327_fin_sa_10,0.0,0.0,100.0,0.0
354,DingYao/autotrain-fbert-singlish-2-1937065404,0.0,0.0,100.0,0.0
355,course5i/SEAD-L-6_H-384_A-12-mnli,0.0,0.0,80.0,20.0
356,intanm/100-finSA-finLM-v1-001,0.0,0.0,100.0,0.0
357,cassiepowell/RoBERTa-large-mnli-for-agreement,0.0,0.0,100.0,0.0
358,fassahat/anferico-bert-for-patents-finetuned-557k-patent-sentences,0.0,0.0,100.0,0.0
359,Anthos23/FS-finbert-fine-tuned-f1,0.0,0.0,100.0,0.0
360,researchaccount/sa_sub1,0.0,0.0,100.0,0.0
361,DunnBC22/fnet-large-Financial_Sentiment_Analysis_v3,0.0,0.0,60.0,40.0
362,hw2942/bert-base-chinese-finetuning-financial-news-sentiment-test,20.0,0.0,80.0,0.0
363,antypasd/twitter-roberta-base-sentiment-earthquake,0.0,0.0,100.0,0.0
364,rod16/v1_finetuning-sentiment-model-news-samples,20.0,0.0,80.0,0.0
365,A-Funakoshi/bert-base-japanese-v3-wrime-sentiment,0.0,0.0,100.0,0.0
366,data354/camembert-fr-covid-tweet-sentiment-classification,0.0,0.0,100.0,0.0
367,sismetanin/rubert_conversational-ru-sentiment-rureviews,0.0,0.0,100.0,0.0
368,EMBEDDIA/sloberta-tweetsentiment,0.0,0.0,100.0,0.0
369,salohnana2018/ARABERT02,0.0,0.0,100.0,0.0
370,slickdata/finetuned-Sentiment-classfication-ROBERTA-model,20.0,0.0,80.0,0.0
371,maegancp/finetuning-sentiment-model,0.0,0.0,80.0,20.0
372,laurens88/finetuning-crypto-tweet-sentiment-test2,20.0,0.0,80.0,0.0
373,dpeinado/twitter-roberta-base-sentiment-latest-apple-opinions,0.0,0.0,100.0,0.0
374,ongknsro/ACARISBERT-DistilBERT,0.0,0.0,100.0,0.0
375,DunnBC22/fnet-base-Financial_Sentiment_Analysis,0.0,0.0,60.0,40.0
376,vectorizer/sentiment_analysis_93k_entries,20.0,0.0,80.0,0.0
377,bekbote/autotrain-dl-phrasebank-53436126044,0.0,0.0,100.0,0.0
378,debashish68/roberta-sent-generali,20.0,0.0,80.0,0.0
379,BeChi87/train_model_noStopWord,0.0,0.0,100.0,0.0
380,cruiser/roberta_tweet_eval_finetuned,0.0,0.0,100.0,0.0
381,cassiepowell/LaBSE-for-agreement,0.0,0.0,100.0,0.0
382,Teeto/reviews-classification,20.0,0.0,80.0,0.0
383,gabrielkytz/novo,20.0,0.0,80.0,0.0
384,salohnana2018/ABSA-SentencePair-DAPT-HARD-SemEval-bert-base-Camel-MSA-run3,0.0,0.0,100.0,0.0
385,ruanchaves/mdeberta-v3-base-assin-entailment,0.0,0.0,100.0,0.0
386,profoz/deploy-mlops-demo,0.0,0.0,100.0,0.0
387,intanm/baseline_fin_sa_30,0.0,0.0,100.0,0.0
388,tiwanyan/distil_bert_fine_tune,20.0,0.0,80.0,0.0
389,cruiser/distilbert_model_kaggle_200_epoch,0.0,0.0,80.0,20.0
390,researchaccount/sa_sub4,0.0,0.0,100.0,0.0
391,raygx/xlmRoBERTa-NepSA,20.0,0.0,80.0,0.0
392,adnanakbr/emotion-english-distilroberta-base-fine_tuned_for_amazon_english_reviews_on_200K_review_v3,0.0,0.0,100.0,0.0
393,intanm/baseline_fin_sa_70,0.0,0.0,100.0,0.0
394,sasha/autotrain-RobertaBaseTweetEval-1281048990,0.0,0.0,100.0,0.0
395,BeChi87/train_model_Lastest1,0.0,0.0,100.0,0.0
396,raoh/yiran-nlp4,0.0,0.0,100.0,0.0
397,BeChi87/train_model_Lastest_16_8_lan2,0.0,0.0,100.0,0.0
398,Svetlana0303/Classfication_electra,20.0,0.0,80.0,0.0
399,raygx/BERT-NepSA-domainAdapt,0.0,0.0,80.0,20.0
400,fassahat/anferico-bert-for-patents-finetuned-150k-sentences,0.0,0.0,100.0,0.0
401,salohnana2018/ABSA-Pair-domainAdapt-Qarib-HARD-ImbalancedHandling-absoluteWeights-gamma1-dropout01,0.0,0.0,100.0,0.0
402,BeChi87/train_model_Lastest_21,0.0,0.0,100.0,0.0
403,KarelDO/lstm.CEBaB_confounding.food_service_positive.absa.5-class.seed_42,20.0,0.0,80.0,0.0
404,aarnphm/multi-length-text-classification-pipeline,0.0,0.0,100.0,0.0
405,blinjrm/finsent,0.0,0.0,100.0,0.0
406,yanezh/twiiter_try15_fold4,0.0,0.0,80.0,20.0
407,AlonCohen/RuSentNE-test,0.0,0.0,100.0,0.0
408,salohnana2018/MARBERTV02ABSAnew,0.0,0.0,100.0,0.0
409,raygx/distilBERT-NepSA,0.0,0.0,80.0,20.0
410,Narsil/finbert2,0.0,0.0,100.0,0.0
411,Robher51/Model3,0.0,0.0,100.0,0.0
412,salohnana2018/ABSA-Pair-domainAdapt-Camel-MSA-HARD-ImbalancedHandling-absoluteWeights-gamma1-run2,0.0,0.0,100.0,0.0
413,niksmer/RoBERTa-RILE,0.0,0.0,60.0,40.0
414,chrommium/sbert_large-finetuned-sent_in_news_sents_3lab,20.0,0.0,80.0,0.0
415,yanezh/twiiter_try13_fold1,0.0,0.0,100.0,0.0
416,ruanchaves/bert-base-portuguese-cased-assin-entailment,0.0,0.0,100.0,0.0
417,yanezh/twiiter_try10_fold0,0.0,0.0,100.0,0.0
418,intanm/mlm_v1_20230327_fin_sa_100,20.0,0.0,80.0,0.0
419,intanm/fin-sa-post-trained-indobert-base-finnews-p2-001,0.0,0.0,100.0,0.0
420,intanm/baseline_fin_sa_100,0.0,0.0,100.0,0.0
421,intanm/mlm_v1_20230327_fin_sa_90,0.0,0.0,80.0,20.0
422,BramVanroy/xlm-roberta-base-hebban-reviews,0.0,0.0,80.0,20.0
423,yanezh/twiiter_try11_fold3,0.0,0.0,100.0,0.0
424,cnut1648/biolinkbert-mnli,20.0,0.0,60.0,20.0
425,israel/testing_model,0.0,0.0,100.0,0.0
426,intanm/sa100-mlm-20230403-001-2,0.0,0.0,100.0,0.0
427,intanm/fin-sa-post-trained-indobert-base-finreport,0.0,0.0,100.0,0.0
428,sasha/autotrain-BERTBase-TweetEval-1281248998,0.0,0.0,100.0,0.0
429,ozoora/rubert-4.1poi,0.0,0.0,100.0,0.0
430,midwinter73/dipterv6,0.0,0.0,80.0,20.0
431,sasha/autotrain-DistilBERT-TweetEval-1281148991,0.0,0.0,100.0,0.0
432,yanezh/twiiter_try4_fold3,0.0,0.0,100.0,0.0
433,yanezh/twiiter_try5_fold3,0.0,0.0,100.0,0.0
434,asaderu-ai/ssclass_best,0.0,0.0,80.0,20.0
435,cruiser/distilbert_final_config_dropout,0.0,0.0,100.0,0.0
436,BeChi87/train_model_Lastestttt,0.0,0.0,100.0,0.0
437,yanezh/twiiter_try5_fold0,0.0,0.0,100.0,0.0
438,philschmid/finbert-tone-endpoint-ds,0.0,0.0,80.0,20.0
439,intanm/baseline_fin_sa_60,0.0,0.0,100.0,0.0
440,ymcnabb/dutch_threeway_sentiment_classification_v2,0.0,0.0,80.0,20.0
441,Bennet1996/finetuning-ESG-sentiment-model-distilbert,0.0,0.0,100.0,0.0
442,cardiffnlp/mbert-base-tweet-sentiment-fr,0.0,0.0,80.0,20.0
443,cardiffnlp/mbert-base-tweet-sentiment-pt,0.0,0.0,80.0,20.0
444,ecabott/nepali-sentiment-analyzer,0.0,0.0,100.0,0.0
445,aXhyra/presentation_sentiment_1234567,0.0,0.0,80.0,20.0
446,Pendo/finetuned-Sentiment-classfication-ROBERTA-Base-model,20.0,0.0,80.0,0.0
447,Christiansg/finetuning-sentiment_spanish-amazon-group23,0.0,0.0,80.0,20.0
448,bardsai/finance-sentiment-es-base,0.0,0.0,100.0,0.0
449,sismetanin/rubert_conversational-ru-sentiment-sentirueval2016,0.0,0.0,100.0,0.0
450,cardiffnlp/mbert-base-tweet-sentiment-ar,0.0,0.0,80.0,20.0
451,l3cube-pune/marathi-sentiment-subtitles,0.0,0.0,80.0,20.0
452,hw2942/bert-base-chinese-finetuning-financial-news-sentiment-test1,0.0,0.0,80.0,20.0
453,Ausbel/Vaccine-tweet-sentiments-analysis-model-2,0.0,0.0,80.0,20.0
454,nlp-chula/sentiment-finnlp-th,0.0,0.0,80.0,20.0
455,Psunrise/finetuning-customer-sentiment-model-300-samples,0.0,0.0,80.0,20.0
456,lucaordronneau/twitter-roberta-base-sentiment-latest-finetuned-FG-SINGLE_SENTENCE-NEWS,0.0,0.0,80.0,20.0
457,hazrulakmal/distilbert-optimised-finetuned-financial-sentiment,0.0,0.0,80.0,20.0
458,sakasa007/finetuning-sentiment-text-mining,0.0,0.0,80.0,20.0
459,sshs/phobert-base-vietnamese-sentiment,0.0,0.0,100.0,0.0
460,jcy204/wind_model2,20.0,0.0,80.0,0.0
461,tanoManzo/distilbert-attitude,0.0,0.0,100.0,0.0
462,memotirre90/Equipo16_gpt2-HotelSentiment,0.0,0.0,80.0,20.0
463,sasha/autotrain-RobertaBaseTweetEval-1281048989,0.0,0.0,100.0,0.0
464,AlonCohen/RuSentNE-iter-2,0.0,0.0,100.0,0.0
465,yanezh/twiiter_try11_fold2,0.0,0.0,100.0,0.0
466,eduardopds/distilbert-base-uncased-tweets,20.0,0.0,80.0,0.0
467,dshin/my_awesome_model,0.0,0.0,80.0,20.0
468,intanm/mlm_v1_20230327_fin_sa_60,0.0,0.0,80.0,20.0
469,salohnana2018/ABSA-Pair-domainAdapt-Camel-MSA-HARD-ImbalancedHandling-absoluteWeights-gamma1-fulldata,0.0,0.0,100.0,0.0
470,Q317/EmoraBert,20.0,0.0,80.0,0.0
471,intanm/mlm_v1_20230327_fin_sa_20,0.0,0.0,100.0,0.0
472,yanezh/twiiter_try15_fold2,0.0,0.0,60.0,40.0
473,BeChi87/train_model_Lastest_new,0.0,0.0,100.0,0.0
474,Q317/EmoraBert4,20.0,0.0,80.0,0.0
475,yanezh/twiiter_try13_fold4,0.0,0.0,100.0,0.0
476,intanm/mlm_v1_20230327_fin_sa_70,20.0,0.0,80.0,0.0
477,Rem59/autotrain-Test_2-789524315,0.0,0.0,100.0,0.0
478,sasha/autotrain-DistilBERT-TweetEval-1281148992,0.0,0.0,100.0,0.0
479,intanm/fin-sa-post-trained-indobert-large-finnews-p2-002,0.0,0.0,100.0,0.0
480,jcy204/cold_model,20.0,0.0,80.0,0.0
481,salohnana2018/ABSA-Pair-domainAdapt-Camel-MSA-HARD-ImbalancedHandling-absoluteWeights-gamma1-run1,0.0,0.0,100.0,0.0
482,W4nkel/microsoftTurkishTrain,20.0,0.0,80.0,0.0
483,Svetlana0303/Classfication_AlBERT,0.0,0.0,80.0,20.0
484,yanezh/twiiter_try13_fold2,0.0,0.0,100.0,0.0
485,fassahat/distilbert-base-uncased-finetuned-557k-patent-sentences,0.0,0.0,100.0,0.0
486,salohnana2018/ABSA-Pair-domainAdapt-CAMEL-MSA-HARD-ImbalancedHandling-norm_inv_const5-gamma3,0.0,0.0,100.0,0.0
487,salohnana2018/ABSA-single-domainAdapt-bert-base-MARBERT2-HARD,0.0,0.0,100.0,0.0
488,cruiser/final_model,20.0,0.0,80.0,0.0
489,Svetlana0303/Classfication_RoBERTa,20.0,0.0,80.0,0.0
490,kreynolds03/Solomon,0.0,0.0,100.0,0.0
491,KarelDO/lstm.CEBaB_confounding.uniform.absa.5-class.seed_42,0.0,0.0,80.0,20.0
492,BeChi87/train_model_Lastest_16_8_lan3,0.0,0.0,100.0,0.0
493,madmancity/bert2,0.0,0.0,100.0,0.0
494,sasha/autotrain-RobertaBaseTweetEval-1281048986,0.0,0.0,100.0,0.0
495,yanezh/twiiter_try13_fold3,0.0,0.0,100.0,0.0
496,Anwaarma/autotrain-testsen-65460136124,0.0,0.0,100.0,0.0
