Model Name,Developed by,Funded by [optional],Shared by [optional],Model type,Language(s) (NLP),License,Finetuned from model [optional],Repository,Paper [optional],Demo [optional],Label Information,Training Data,Training Procedure,Preprocessing [optional],Training Hyperparameters,"Speeds, Sizes, Times [optional]",Testing Data,Factors,Metrics,Results,Summary,Model Examination [optional],Environmental Impact,Technical Specifications [optional],Model Architecture and Objective,Compute Infrastructure,Hardware,Software,Citation [optional],Glossary [optional],More Information [optional],Model Card Authors [optional],Model Card Contact,Direct Use,Downstream Use [optional],Out-of-Scope Use,"Bias, Risks, and Limitations",Recommendations,How to Get Started with the Model
oferweintraub/bert-base-finance-sentiment-noisy-search,U,NIA,NIA,FIA,U,NIA,FIA,NIA,FIA,NIA,FIA,FIA,FIA,NIA,FIA,NIA,NIA,NIA,NIA,NIA,NIA,NIA,NIA,NIA,NIA,NIA,NIA,NIA,NIA,NIA,NIA,NIA,NIA,U,NIA,NIA,NIA,NIA,NIA
nimaafshar/parsbert-fa-sentiment-twitter,NIA,NIA,NIA,U,FIA,NIA,NIA,NIA,NIA,NIA,FIA,U,NIA,NIA,NIA,NIA,NIA,NIA,NIA,NIA,NIA,NIA,NIA,U,NIA,NIA,U,U,NIA,NIA,NIA,NIA,NIA,FIA,NIA,NIA,NIA,NIA,U
KBLab/robust-swedish-sentiment-multiclass,NIA,U,NIA,FIA,U,NIA,FIA,NIA,FIA,NIA,NIA,U,U,NIA,NIA,NIA,NIA,NIA,NIA,NIA,NIA,NIA,NIA,NIA,NIA,NIA,NIA,NIA,FIA,NIA,NIA,NIA,NIA,NIA,NIA,NIA,NIA,NIA,U
mstafam/fine-tuned-bert-financial-sentiment-analysis,NIA,NIA,NIA,FIA,U,NIA,FIA,NIA,NIA,NIA,NIA,FIA,U,NIA,FIA,NIA,NIA,NIA,NIA,NIA,NIA,NIA,NIA,NIA,NIA,NIA,NIA,NIA,NIA,NIA,NIA,NIA,NIA,NIA,NIA,NIA,NIA,NIA,FIA
traptrip/rosatom_survey_sentiment_classifier,NIA,NIA,NIA,NIA,NIA,NIA,NIA,NIA,NIA,NIA,NIA,NIA,NIA,NIA,NIA,NIA,NIA,NIA,NIA,NIA,NIA,NIA,NIA,NIA,NIA,NIA,NIA,NIA,NIA,NIA,NIA,NIA,NIA,NIA,NIA,NIA,NIA,NIA,NIA
philschmid/distilbert-base-multilingual-cased-sentiment,NIA,NIA,NIA,U,NIA,NIA,FIA,NIA,NIA,NIA,NIA,U,NIA,NIA,FIA,NIA,U,U,U,U,NIA,NIA,NIA,NIA,NIA,NIA,NIA,NIA,NIA,NIA,NIA,NIA,NIA,NIA,NIA,NIA,NIA,NIA,NIA
IsaacSarps/sentiment_analysis,NIA,NIA,NIA,U,U,NIA,U,NIA,NIA,NIA,NIA,NIA,NIA,NIA,FIA,NIA,NIA,NIA,NIA,NIA,NIA,NIA,NIA,NIA,NIA,NIA,NIA,NIA,NIA,NIA,NIA,NIA,NIA,NIA,NIA,NIA,NIA,NIA,NIA
Venkatesh4342/distilbert-helpdesk-sentiment,NIA,NIA,NIA,U,NIA,NIA,U,NIA,NIA,NIA,PIA,NIA,NIA,NIA,FIA,NIA,NIA,NIA,NIA,U,NIA,NIA,NIA,NIA,NIA,NIA,NIA,NIA,NIA,NIA,NIA,NIA,NIA,NIA,NIA,NIA,NIA,NIA,NIA
m3hrdadfi/albert-fa-base-v2-sentiment-multi,NIA,NIA,NIA,FIA,FIA,NIA,FIA,FIA,NIA,NIA,FIA,U,U,NIA,NIA,NIA,U,U,U,U,NIA,NIA,NIA,NIA,NIA,NIA,NIA,NIA,FIA,NIA,NIA,NIA,NIA,U,NIA,NIA,NIA,NIA,FIA
hw2942/bert-base-chinese-finetuning-financial-news-sentiment,NIA,NIA,NIA,U,U,NIA,NIA,NIA,NIA,NIA,NIA,NIA,NIA,NIA,NIA,NIA,NIA,NIA,NIA,NIA,NIA,NIA,NIA,NIA,NIA,NIA,NIA,NIA,NIA,NIA,NIA,NIA,NIA,NIA,NIA,NIA,NIA,NIA,NIA
bardsai/finance-sentiment-zh-fast,NIA,NIA,NIA,U,FIA,NIA,FIA,NIA,NIA,NIA,FIA,U,U,NIA,U,NIA,NIA,NIA,U,U,NIA,NIA,NIA,NIA,NIA,NIA,NIA,NIA,NIA,NIA,NIA,NIA,U,NIA,NIA,NIA,NIA,NIA,U
EMBEDDIA/rubert-tweetsentiment,NIA,NIA,NIA,NIA,NIA,NIA,NIA,NIA,NIA,NIA,NIA,NIA,NIA,NIA,NIA,NIA,NIA,NIA,NIA,NIA,NIA,NIA,NIA,NIA,NIA,NIA,NIA,NIA,NIA,NIA,NIA,NIA,NIA,NIA,NIA,NIA,NIA,NIA,NIA
ramnika003/autotrain-sentiment_analysis_project-705021428,NIA,NIA,NIA,U,U,NIA,U,U,NIA,NIA,NIA,U,U,NIA,NIA,NIA,U,NIA,U,U,NIA,NIA,U,NIA,NIA,NIA,NIA,NIA,NIA,NIA,NIA,NIA,NIA,NIA,NIA,NIA,NIA,NIA,U
pysentimiento/roberta-es-sentiment,NIA,NIA,NIA,NIA,NIA,NIA,NIA,NIA,NIA,NIA,NIA,NIA,NIA,NIA,NIA,NIA,NIA,NIA,NIA,NIA,NIA,NIA,NIA,NIA,NIA,NIA,NIA,NIA,NIA,NIA,NIA,NIA,NIA,NIA,NIA,NIA,NIA,NIA,NIA
Softechlb/Sent_analysis_CVs,NIA,NIA,NIA,U,U,NIA,U,NIA,NIA,NIA,NIA,U,U,NIA,NIA,NIA,NIA,NIA,NIA,NIA,NIA,NIA,NIA,NIA,NIA,NIA,NIA,NIA,NIA,NIA,NIA,NIA,NIA,NIA,NIA,NIA,NIA,NIA,NIA
mdeniz1/turkish-sentiment-analysis-bert-base-turkish-uncased,NIA,U,NIA,U,U,NIA,FIA,NIA,NIA,NIA,NIA,NIA,U,NIA,FIA,NIA,NIA,NIA,NIA,U,NIA,NIA,NIA,NIA,NIA,NIA,NIA,NIA,NIA,NIA,NIA,NIA,NIA,NIA,NIA,NIA,NIA,NIA,NIA
ganeshkharad/gk-hinglish-sentiment,NIA,NIA,NIA,U,FIA,NIA,U,U,NIA,NIA,FIA,U,U,NIA,NIA,NIA,U,NIA,NIA,NIA,NIA,NIA,NIA,NIA,NIA,NIA,NIA,NIA,FIA,NIA,NIA,NIA,NIA,U,NIA,NIA,NIA,NIA,FIA
akahana/indonesia-sentiment-roberta,NIA,NIA,NIA,U,U,NIA,NIA,NIA,NIA,NIA,NIA,NIA,NIA,NIA,NIA,NIA,NIA,NIA,NIA,NIA,NIA,NIA,NIA,NIA,NIA,NIA,NIA,NIA,NIA,NIA,NIA,NIA,NIA,NIA,NIA,NIA,NIA,NIA,FIA
sahri/indonesiasentiment,FIA,NIA,NIA,FIA,FIA,NIA,FIA,NIA,NIA,NIA,PIA,FIA,U,NIA,NIA,NIA,U,NIA,U,U,NIA,NIA,NIA,NIA,NIA,NIA,NIA,NIA,NIA,NIA,NIA,NIA,NIA,U,NIA,NIA,U,NIA,FIA
Venkatesh4342/xlm-roberta-helpdesk-sentiment,NIA,NIA,NIA,FIA,NIA,NIA,FIA,NIA,NIA,NIA,NIA,NIA,NIA,NIA,FIA,NIA,U,U,U,U,NIA,NIA,NIA,NIA,NIA,NIA,NIA,NIA,NIA,NIA,NIA,NIA,NIA,NIA,NIA,NIA,NIA,NIA,NIA
KernAI/stock-news-distilbert,NIA,NIA,NIA,FIA,U,NIA,U,NIA,NIA,NIA,FIA,U,U,NIA,NIA,NIA,U,NIA,NIA,NIA,NIA,NIA,NIA,U,NIA,NIA,NIA,NIA,NIA,NIA,NIA,NIA,NIA,U,NIA,NIA,NIA,NIA,FIA
CAMeL-Lab/bert-base-arabic-camelbert-ca-sentiment,NIA,NIA,NIA,FIA,FIA,NIA,FIA,NIA,FIA,NIA,PIA,FIA,U,U,U,U,U,U,U,U,U,NIA,NIA,NIA,NIA,NIA,NIA,NIA,FIA,U,NIA,NIA,NIA,FIA,NIA,NIA,NIA,NIA,FIA
Cristian-dcg/beto-sentiment-analysis-finetuned-onpremise,NIA,NIA,NIA,PIA,NIA,NIA,FIA,NIA,NIA,NIA,NIA,NIA,NIA,NIA,FIA,NIA,NIA,NIA,NIA,U,NIA,NIA,NIA,U,NIA,NIA,NIA,NIA,NIA,NIA,NIA,NIA,NIA,NIA,NIA,NIA,NIA,NIA,NIA
cardiffnlp/twitter-roberta-base-2021-124m-sentiment,NIA,NIA,NIA,FIA,U,NIA,FIA,NIA,NIA,NIA,PIA,U,U,U,U,NIA,U,U,U,U,U,NIA,NIA,NIA,NIA,NIA,NIA,NIA,U,U,NIA,NIA,NIA,NIA,NIA,NIA,NIA,NIA,FIA
RashidNLP/Amazon-Deberta-Base-Sentiment,NIA,NIA,NIA,FIA,U,NIA,U,NIA,NIA,NIA,U,U,U,NIA,NIA,NIA,NIA,NIA,NIA,NIA,NIA,NIA,NIA,NIA,NIA,NIA,NIA,NIA,NIA,NIA,NIA,NIA,NIA,NIA,NIA,NIA,NIA,NIA,FIA
sudhanvasp/Sentiment-Analysis,FIA,NIA,NIA,FIA,U,NIA,U,FIA,NIA,NIA,FIA,U,U,FIA,U,NIA,NIA,NIA,U,U,FIA,NIA,NIA,NIA,NIA,NIA,NIA,NIA,NIA,NIA,NIA,FIA,NIA,U,NIA,NIA,NIA,NIA,FIA
dnzblgn/BART_Sentiment_Classification,NIA,NIA,NIA,FIA,U,NIA,NIA,NIA,NIA,NIA,FIA,U,U,U,U,NIA,U,NIA,NIA,U,U,NIA,NIA,NIA,U,NIA,NIA,NIA,NIA,NIA,NIA,NIA,NIA,NIA,NIA,NIA,NIA,NIA,NIA
MMG/xlm-roberta-base-sa-spanish,NIA,NIA,NIA,FIA,U,NIA,NIA,NIA,NIA,NIA,NIA,NIA,NIA,NIA,NIA,NIA,NIA,NIA,NIA,NIA,NIA,NIA,NIA,NIA,NIA,NIA,NIA,NIA,NIA,NIA,NIA,NIA,NIA,NIA,NIA,NIA,NIA,NIA,U
cardiffnlp/xlm-roberta-base-sentiment-multilingual,NIA,NIA,NIA,FIA,U,NIA,FIA,NIA,U,NIA,PIA,U,U,NIA,U,NIA,U,NIA,U,U,NIA,NIA,NIA,NIA,NIA,NIA,NIA,NIA,FIA,U,NIA,NIA,NIA,NIA,NIA,NIA,NIA,NIA,FIA
cardiffnlp/bertweet-base-sentiment,NIA,NIA,NIA,U,NIA,NIA,NIA,NIA,NIA,NIA,NIA,NIA,NIA,NIA,NIA,NIA,NIA,NIA,NIA,NIA,NIA,NIA,NIA,NIA,NIA,NIA,NIA,NIA,NIA,NIA,NIA,NIA,NIA,NIA,NIA,NIA,NIA,NIA,NIA
slisowski/stock_sentiment_hp,NIA,NIA,NIA,FIA,NIA,NIA,FIA,NIA,NIA,NIA,NIA,NIA,U,NIA,FIA,NIA,U,NIA,NIA,NIA,NIA,NIA,NIA,NIA,U,NIA,NIA,NIA,NIA,NIA,NIA,NIA,NIA,NIA,NIA,NIA,NIA,NIA,NIA
yj2773/hinglish11k-sentiment-analysis,NIA,NIA,NIA,U,FIA,NIA,U,NIA,NIA,NIA,NIA,U,NIA,NIA,NIA,NIA,U,NIA,NIA,U,NIA,NIA,NIA,NIA,NIA,NIA,NIA,NIA,FIA,NIA,NIA,NIA,NIA,NIA,NIA,NIA,NIA,NIA,NIA
bardsai/twitter-sentiment-pl-base,NIA,U,NIA,FIA,FIA,NIA,FIA,NIA,NIA,NIA,FIA,U,U,NIA,NIA,NIA,U,NIA,FIA,FIA,NIA,NIA,NIA,NIA,NIA,NIA,NIA,NIA,NIA,NIA,NIA,NIA,NIA,NIA,NIA,NIA,NIA,NIA,FIA
kinit/slovakbert-sentiment-twitter,NIA,U,NIA,FIA,FIA,NIA,U,NIA,FIA,NIA,FIA,FIA,U,U,U,NIA,U,U,FIA,U,NIA,NIA,NIA,NIA,NIA,NIA,NIA,NIA,FIA,NIA,NIA,NIA,NIA,NIA,NIA,NIA,NIA,NIA,NIA
clips/republic,FIA,U,NIA,FIA,FIA,NIA,U,NIA,NIA,NIA,FIA,U,U,NIA,U,NIA,U,U,U,U,NIA,NIA,NIA,NIA,NIA,NIA,NIA,NIA,NIA,NIA,NIA,NIA,NIA,NIA,NIA,NIA,NIA,NIA,FIA
Sonny4Sonnix/twitter-roberta-base-sentimental-analysis-of-covid-tweets,NIA,NIA,NIA,U,U,NIA,FIA,NIA,NIA,NIA,NIA,NIA,NIA,NIA,U,NIA,U,U,U,U,NIA,NIA,NIA,U,U,NIA,NIA,NIA,NIA,NIA,NIA,NIA,NIA,NIA,NIA,NIA,NIA,NIA,NIA
TFLai/turkish-bert-128k-sentiment,NIA,NIA,NIA,U,U,NIA,NIA,NIA,NIA,NIA,NIA,NIA,NIA,NIA,NIA,NIA,NIA,NIA,NIA,NIA,NIA,NIA,NIA,NIA,NIA,NIA,NIA,NIA,NIA,NIA,NIA,NIA,NIA,NIA,NIA,NIA,NIA,NIA,NIA
zabiullah/autotrain-customers_email_sentiment-3449294006,NIA,NIA,NIA,U,U,NIA,NIA,NIA,NIA,NIA,NIA,NIA,U,NIA,NIA,NIA,NIA,U,FIA,FIA,NIA,NIA,U,NIA,NIA,NIA,NIA,NIA,NIA,NIA,NIA,NIA,NIA,NIA,NIA,NIA,NIA,NIA,FIA
RogerKam/roberta_fine_tuned_sentiment_sst3,NIA,NIA,NIA,FIA,NIA,NIA,FIA,NIA,NIA,NIA,NIA,U,U,NIA,FIA,NIA,U,U,U,U,NIA,NIA,NIA,U,FIA,NIA,NIA,NIA,NIA,NIA,NIA,NIA,NIA,NIA,NIA,NIA,NIA,NIA,NIA
nikunjbjj/jd-resume-model,NIA,NIA,NIA,FIA,FIA,NIA,FIA,U,U,NIA,NIA,U,U,NIA,NIA,NIA,U,NIA,NIA,NIA,NIA,NIA,NIA,NIA,NIA,NIA,NIA,NIA,NIA,NIA,NIA,NIA,NIA,NIA,NIA,NIA,NIA,NIA,NIA
amphora/KorFinASC-XLM-RoBERTa,U,NIA,NIA,FIA,FIA,NIA,FIA,NIA,NIA,NIA,NIA,FIA,NIA,NIA,NIA,NIA,NIA,NIA,NIA,NIA,NIA,NIA,NIA,NIA,NIA,NIA,NIA,NIA,NIA,NIA,NIA,NIA,NIA,NIA,NIA,NIA,NIA,NIA,FIA
QuophyDzifa/Sentiment-Analysis-Model,NIA,NIA,NIA,FIA,NIA,NIA,FIA,NIA,NIA,NIA,NIA,NIA,U,NIA,FIA,NIA,U,U,U,U,NIA,NIA,NIA,U,FIA,NIA,NIA,NIA,NIA,NIA,NIA,NIA,NIA,NIA,NIA,NIA,NIA,NIA,NIA
Vasanth/bert-stock-sentiment-analyzer,NIA,NIA,NIA,FIA,PIA,NIA,FIA,NIA,NIA,NIA,NIA,U,NIA,NIA,FIA,NIA,U,U,U,U,NIA,NIA,NIA,U,FIA,NIA,NIA,NIA,NIA,NIA,NIA,NIA,NIA,NIA,NIA,NIA,NIA,NIA,NIA
dogruermikail/bert-fine-tuned-stock-sentiment-uncased,NIA,NIA,NIA,FIA,NIA,NIA,FIA,NIA,NIA,NIA,NIA,FIA,U,NIA,U,NIA,U,FIA,FIA,FIA,NIA,NIA,NIA,U,U,NIA,NIA,NIA,NIA,NIA,NIA,NIA,NIA,NIA,NIA,NIA,NIA,NIA,NIA
atowey01/hostel-reviews-sentiment-model,NIA,NIA,NIA,FIA,NIA,NIA,FIA,NIA,FIA,NIA,NIA,U,NIA,NIA,FIA,NIA,NIA,NIA,NIA,NIA,NIA,NIA,NIA,FIA,FIA,NIA,NIA,NIA,NIA,NIA,NIA,NIA,NIA,NIA,NIA,NIA,NIA,NIA,NIA
mr4/phobert-base-vi-sentiment-analysis,U,NIA,NIA,FIA,FIA,PIA,FIA,NIA,NIA,NIA,U,FIA,NIA,NIA,NIA,NIA,NIA,NIA,NIA,NIA,NIA,NIA,NIA,NIA,NIA,NIA,NIA,NIA,NIA,NIA,NIA,NIA,U,NIA,NIA,NIA,NIA,NIA,FIA
cardiffnlp/roberta-base-tweet-sentiment-en,NIA,NIA,NIA,FIA,FIA,NIA,FIA,NIA,NIA,NIA,NIA,U,NIA,NIA,NIA,NIA,NIA,FIA,FIA,FIA,NIA,NIA,NIA,NIA,NIA,NIA,NIA,NIA,NIA,NIA,NIA,NIA,NIA,NIA,NIA,NIA,NIA,NIA,NIA
ka05ar/banglabert-sentiment,NIA,NIA,NIA,FIA,FIA,NIA,U,NIA,NIA,NIA,NIA,U,NIA,NIA,NIA,NIA,NIA,NIA,NIA,NIA,NIA,NIA,NIA,NIA,NIA,NIA,NIA,NIA,NIA,NIA,NIA,NIA,NIA,NIA,NIA,NIA,NIA,NIA,NIA
l3cube-pune/MarathiSentiment,U,NIA,NIA,FIA,FIA,NIA,FIA,NIA,FIA,NIA,NIA,NIA,NIA,NIA,NIA,NIA,NIA,NIA,NIA,NIA,NIA,NIA,NIA,NIA,NIA,NIA,NIA,NIA,FIA,NIA,NIA,NIA,NIA,NIA,NIA,NIA,NIA,NIA,NIA
aisyahhrazak/distilbert-mooc-review-sentiment,NIA,NIA,NIA,FIA,FIA,NIA,U,NIA,NIA,NIA,NIA,NIA,NIA,NIA,NIA,NIA,NIA,NIA,NIA,NIA,NIA,NIA,NIA,NIA,NIA,NIA,NIA,NIA,NIA,NIA,NIA,NIA,NIA,NIA,NIA,NIA,NIA,NIA,NIA
gsl22/sentiment-analysis-v1,NIA,NIA,NIA,FIA,NIA,NIA,FIA,NIA,NIA,NIA,NIA,U,NIA,NIA,FIA,NIA,NIA,NIA,U,FIA,NIA,NIA,NIA,U,U,NIA,NIA,NIA,NIA,NIA,NIA,NIA,NIA,NIA,NIA,NIA,NIA,NIA,NIA
m3hrdadfi/albert-fa-base-v2-sentiment-digikala,NIA,NIA,NIA,FIA,FIA,NIA,FIA,U,NIA,NIA,PIA,U,U,NIA,NIA,NIA,NIA,NIA,NIA,U,NIA,NIA,NIA,NIA,NIA,NIA,NIA,NIA,FIA,NIA,NIA,NIA,NIA,NIA,NIA,NIA,NIA,NIA,NIA
sismetanin/sbert-ru-sentiment-rureviews,NIA,NIA,NIA,FIA,FIA,NIA,FIA,NIA,NIA,NIA,NIA,U,NIA,NIA,NIA,NIA,NIA,NIA,FIA,FIA,FIA,NIA,NIA,NIA,NIA,NIA,NIA,NIA,FIA,NIA,NIA,NIA,NIA,NIA,NIA,NIA,NIA,NIA,NIA
abnersampaio/sentiment3.5,NIA,NIA,NIA,NIA,NIA,NIA,NIA,NIA,NIA,NIA,NIA,NIA,NIA,NIA,NIA,NIA,NIA,NIA,NIA,NIA,NIA,NIA,NIA,NIA,NIA,NIA,NIA,NIA,NIA,NIA,NIA,NIA,NIA,NIA,NIA,NIA,NIA,NIA,NIA
arize-ai/distilbert_reviews_with_language_drift,NIA,NIA,NIA,FIA,NIA,NIA,U,NIA,NIA,NIA,NIA,U,NIA,NIA,FIA,NIA,NIA,NIA,U,U,NIA,NIA,NIA,U,U,NIA,NIA,NIA,NIA,NIA,NIA,NIA,NIA,NIA,NIA,NIA,NIA,NIA,NIA
deepset/bert-base-german-cased-sentiment-Germeval17,NIA,NIA,NIA,NIA,NIA,NIA,NIA,NIA,NIA,NIA,NIA,NIA,NIA,NIA,NIA,NIA,NIA,NIA,NIA,NIA,NIA,NIA,NIA,NIA,NIA,NIA,NIA,NIA,NIA,NIA,NIA,NIA,NIA,NIA,NIA,NIA,NIA,NIA,NIA
venetis/electra-base-discriminator-finetuned-3d-sentiment,NIA,NIA,NIA,U,NIA,NIA,FIA,NIA,NIA,NIA,NIA,NIA,NIA,NIA,FIA,NIA,NIA,NIA,FIA,FIA,NIA,NIA,NIA,U,U,NIA,NIA,NIA,NIA,NIA,NIA,NIA,NIA,NIA,NIA,NIA,NIA,NIA,NIA
Abubakari/finetuned-Sentiment-classfication-ROBERTA-model,NIA,NIA,NIA,PIA,NIA,NIA,FIA,NIA,NIA,NIA,NIA,NIA,NIA,NIA,FIA,NIA,NIA,NIA,U,U,NIA,NIA,NIA,U,U,NIA,NIA,NIA,NIA,NIA,NIA,NIA,NIA,NIA,NIA,NIA,NIA,NIA,NIA
Yah216/Sentiment_Analysis_CAMelBERT_msa_sixteenth_HARD,NIA,NIA,NIA,FIA,FIA,NIA,FIA,NIA,NIA,NIA,FIA,NIA,NIA,NIA,U,NIA,NIA,NIA,NIA,NIA,NIA,NIA,NIA,NIA,NIA,NIA,NIA,NIA,NIA,NIA,NIA,NIA,U,NIA,NIA,NIA,NIA,NIA,NIA
CultureBERT/roberta-large-hierarchy,NIA,PIA,NIA,PIA,NIA,NIA,U,NIA,U,NIA,FIA,U,U,NIA,NIA,NIA,U,NIA,NIA,U,U,NIA,NIA,NIA,NIA,NIA,NIA,NIA,NIA,NIA,NIA,NIA,NIA,NIA,NIA,NIA,NIA,NIA,U
deansaco/Roberta-base-financial-sentiment-analysis,NIA,NIA,NIA,NIA,NIA,NIA,U,NIA,NIA,NIA,NIA,NIA,NIA,NIA,U,NIA,NIA,NIA,U,U,NIA,NIA,NIA,U,U,NIA,NIA,NIA,NIA,NIA,NIA,NIA,NIA,NIA,NIA,NIA,NIA,NIA,NIA
bardsai/finance-sentiment-pl-fast,NIA,NIA,NIA,U,FIA,NIA,NIA,NIA,NIA,NIA,FIA,NIA,NIA,NIA,NIA,NIA,NIA,NIA,U,FIA,NIA,NIA,NIA,NIA,NIA,NIA,NIA,NIA,NIA,NIA,NIA,NIA,NIA,NIA,NIA,NIA,NIA,NIA,FIA
akoksal/bounti,NIA,NIA,NIA,NIA,NIA,NIA,NIA,NIA,NIA,NIA,NIA,U,NIA,NIA,NIA,NIA,U,NIA,FIA,FIA,NIA,NIA,NIA,NIA,NIA,NIA,NIA,NIA,FIA,NIA,NIA,NIA,NIA,NIA,NIA,NIA,NIA,NIA,NIA
NYTK/sentiment-ohb3-hubert-hungarian,NIA,NIA,NIA,PIA,NIA,NIA,FIA,U,NIA,U,FIA,NIA,NIA,NIA,NIA,NIA,NIA,NIA,U,U,NIA,NIA,NIA,NIA,NIA,NIA,NIA,NIA,FIA,NIA,NIA,NIA,NIA,NIA,NIA,NIA,NIA,NIA,FIA
sismetanin/sbert-ru-sentiment-krnd,NIA,NIA,NIA,NIA,NIA,NIA,NIA,NIA,NIA,NIA,NIA,NIA,NIA,NIA,NIA,NIA,NIA,NIA,FIA,FIA,NIA,NIA,NIA,NIA,NIA,NIA,NIA,NIA,NIA,NIA,NIA,NIA,NIA,NIA,NIA,NIA,NIA,NIA,NIA
CouchCat/ma_sa_v7_distil,NIA,NIA,NIA,NIA,NIA,NIA,U,NIA,NIA,NIA,NIA,NIA,NIA,NIA,NIA,NIA,NIA,NIA,NIA,NIA,NIA,NIA,NIA,NIA,NIA,NIA,NIA,NIA,NIA,NIA,NIA,NIA,NIA,NIA,NIA,NIA,NIA,NIA,FIA
raygx/GNePT-NepSA,NIA,NIA,NIA,NIA,NIA,NIA,U,NIA,NIA,NIA,NIA,NIA,NIA,NIA,U,NIA,NIA,NIA,NIA,U,NIA,NIA,NIA,U,U,NIA,NIA,NIA,NIA,NIA,NIA,NIA,NIA,NIA,NIA,NIA,NIA,NIA,NIA
papepipopu/trading_ai,NIA,NIA,NIA,NIA,NIA,NIA,NIA,NIA,NIA,NIA,NIA,NIA,NIA,NIA,NIA,NIA,NIA,NIA,NIA,NIA,NIA,NIA,NIA,NIA,NIA,NIA,NIA,NIA,NIA,NIA,NIA,NIA,NIA,NIA,NIA,NIA,NIA,NIA,FIA
pin/senda,NIA,NIA,NIA,NIA,FIA,NIA,NIA,NIA,NIA,NIA,FIA,NIA,NIA,NIA,NIA,NIA,NIA,NIA,U,U,NIA,NIA,NIA,NIA,NIA,NIA,NIA,NIA,NIA,NIA,NIA,FIA,U,NIA,NIA,NIA,NIA,NIA,NIA
Tobias/bert-base-uncased_English_Hotel_sentiment,NIA,NIA,NIA,NIA,FIA,NIA,FIA,NIA,NIA,NIA,NIA,NIA,NIA,NIA,U,NIA,NIA,NIA,NIA,NIA,NIA,NIA,NIA,NIA,NIA,NIA,NIA,NIA,NIA,NIA,NIA,NIA,NIA,NIA,NIA,NIA,NIA,NIA,U
CultureBERT/roberta-large-clan,U,NIA,NIA,NIA,NIA,NIA,FIA,U,U,NIA,FIA,NIA,NIA,NIA,NIA,NIA,NIA,NIA,NIA,NIA,NIA,NIA,NIA,NIA,NIA,NIA,NIA,NIA,FIA,NIA,NIA,NIA,NIA,NIA,NIA,NIA,NIA,NIA,FIA
KernAI/community-sentiment-bert,NIA,NIA,NIA,FIA,NIA,NIA,NIA,NIA,NIA,NIA,U,NIA,NIA,NIA,NIA,NIA,NIA,NIA,NIA,NIA,NIA,NIA,NIA,NIA,NIA,NIA,NIA,NIA,NIA,NIA,NIA,NIA,NIA,NIA,NIA,NIA,NIA,NIA,NIA
abnersampaio/sentiment3,NIA,NIA,NIA,NIA,NIA,NIA,NIA,NIA,NIA,NIA,NIA,NIA,NIA,NIA,NIA,NIA,NIA,NIA,NIA,NIA,NIA,NIA,NIA,NIA,NIA,NIA,NIA,NIA,NIA,NIA,NIA,NIA,NIA,NIA,NIA,NIA,NIA,NIA,NIA
cardiffnlp/bert-base-multilingual-cased-sentiment-multilingual,NIA,NIA,NIA,FIA,NIA,NIA,FIA,NIA,NIA,NIA,NIA,NIA,NIA,NIA,NIA,NIA,NIA,NIA,U,U,NIA,NIA,NIA,NIA,NIA,NIA,NIA,NIA,FIA,NIA,NIA,NIA,NIA,NIA,NIA,NIA,NIA,NIA,NIA
NewtonKimathi/Covid_Vaccine_Sentiment_Analysis_Roberta_Model,NIA,NIA,NIA,NIA,NIA,NIA,NIA,NIA,NIA,NIA,NIA,NIA,NIA,NIA,FIA,NIA,NIA,NIA,NIA,U,NIA,NIA,NIA,U,U,NIA,NIA,NIA,NIA,NIA,NIA,NIA,NIA,NIA,NIA,NIA,NIA,NIA,NIA
tanoManzo/roberta-attitude,NIA,NIA,NIA,NIA,NIA,NIA,NIA,NIA,NIA,NIA,NIA,NIA,NIA,NIA,FIA,NIA,NIA,NIA,NIA,U,NIA,NIA,NIA,NIA,NIA,NIA,NIA,NIA,NIA,NIA,NIA,NIA,NIA,NIA,NIA,NIA,NIA,NIA,NIA
veb/twitch-roberta-base-sentiment-latest,NIA,NIA,NIA,FIA,NIA,NIA,FIA,NIA,NIA,NIA,NIA,NIA,NIA,NIA,U,NIA,NIA,NIA,NIA,U,NIA,NIA,NIA,U,U,NIA,NIA,NIA,NIA,NIA,NIA,NIA,NIA,NIA,NIA,NIA,NIA,NIA,NIA
ikoghoemmanuell/finetuned_sentiment_modell,NIA,NIA,NIA,NIA,NIA,NIA,FIA,NIA,NIA,NIA,NIA,NIA,NIA,NIA,U,NIA,NIA,NIA,NIA,U,NIA,NIA,NIA,U,U,NIA,NIA,NIA,NIA,NIA,NIA,NIA,NIA,NIA,NIA,NIA,NIA,NIA,NIA
francisco-perez-sorrosal/distilbert-base-uncased-finetuned-with-spanish-tweets-clf,NIA,NIA,NIA,NIA,NIA,NIA,NIA,NIA,NIA,NIA,NIA,NIA,NIA,NIA,U,NIA,NIA,NIA,NIA,U,NIA,NIA,NIA,U,U,NIA,NIA,NIA,NIA,NIA,NIA,NIA,NIA,NIA,NIA,NIA,NIA,NIA,NIA
bowipawan/bert-sentimental,NIA,NIA,NIA,NIA,NIA,NIA,NIA,NIA,NIA,NIA,NIA,NIA,NIA,NIA,NIA,NIA,NIA,NIA,NIA,NIA,NIA,NIA,NIA,NIA,NIA,NIA,NIA,NIA,NIA,NIA,NIA,NIA,NIA,NIA,NIA,NIA,NIA,NIA,NIA
cardiffnlp/xlm-roberta-base-tweet-sentiment-it,NIA,NIA,NIA,NIA,NIA,NIA,FIA,NIA,NIA,NIA,NIA,NIA,NIA,NIA,NIA,NIA,NIA,NIA,U,FIA,NIA,NIA,NIA,NIA,NIA,NIA,NIA,NIA,NIA,NIA,NIA,NIA,NIA,NIA,NIA,NIA,NIA,NIA,NIA
gr8testgad-1/sentiment_analysis,NIA,NIA,NIA,NIA,NIA,NIA,FIA,NIA,NIA,NIA,NIA,NIA,NIA,NIA,U,NIA,NIA,NIA,NIA,U,NIA,NIA,NIA,U,U,NIA,NIA,NIA,NIA,NIA,NIA,NIA,NIA,NIA,NIA,NIA,NIA,NIA,NIA
gyesibiney/covid-tweet-sentimental-Analysis-roberta,NIA,NIA,NIA,NIA,NIA,NIA,FIA,NIA,NIA,NIA,NIA,NIA,NIA,NIA,FIA,NIA,NIA,NIA,U,U,NIA,NIA,NIA,U,U,NIA,NIA,NIA,NIA,NIA,NIA,NIA,NIA,NIA,NIA,NIA,NIA,NIA,NIA
AGudden/xlm-roberta-base-finetuned-marc,NIA,NIA,NIA,NIA,FIA,NIA,FIA,NIA,NIA,NIA,NIA,NIA,NIA,NIA,FIA,NIA,NIA,NIA,U,U,NIA,NIA,NIA,U,U,NIA,NIA,NIA,NIA,NIA,NIA,NIA,NIA,NIA,NIA,NIA,NIA,NIA,NIA
Souvikcmsa/SentimentAnalysisDistillBERT,NIA,NIA,NIA,NIA,NIA,NIA,NIA,NIA,NIA,NIA,NIA,NIA,NIA,NIA,NIA,NIA,NIA,NIA,FIA,FIA,NIA,NIA,NIA,NIA,NIA,NIA,NIA,NIA,NIA,NIA,NIA,NIA,NIA,NIA,NIA,NIA,NIA,NIA,FIA
NewtonKimathi/Covid_Vaccine_Sentiment_Analysis_Bert_based_Model,NIA,NIA,NIA,NIA,NIA,NIA,FIA,NIA,NIA,NIA,NIA,NIA,NIA,NIA,FIA,NIA,NIA,NIA,U,U,NIA,NIA,NIA,U,U,NIA,NIA,NIA,NIA,NIA,NIA,NIA,NIA,NIA,NIA,NIA,NIA,NIA,NIA
cardiffnlp/xlm-v-base-tweet-sentiment-pt,NIA,NIA,NIA,NIA,NIA,NIA,FIA,NIA,NIA,NIA,NIA,NIA,NIA,NIA,NIA,NIA,NIA,NIA,FIA,FIA,NIA,NIA,NIA,NIA,NIA,NIA,NIA,NIA,NIA,NIA,NIA,NIA,NIA,NIA,NIA,NIA,NIA,NIA,NIA
seninoseno/rubert-base-cased-sentiment-study-feedbacks-solyanka,NIA,NIA,NIA,NIA,NIA,NIA,U,NIA,NIA,NIA,NIA,NIA,NIA,NIA,NIA,NIA,NIA,NIA,NIA,NIA,NIA,NIA,NIA,NIA,NIA,NIA,NIA,NIA,NIA,NIA,NIA,NIA,NIA,NIA,NIA,NIA,NIA,NIA,NIA
nickwong64/bert-base-uncased-finance-sentiment,NIA,NIA,NIA,FIA,NIA,NIA,NIA,NIA,NIA,NIA,FIA,U,NIA,NIA,U,NIA,U,NIA,U,FIA,NIA,NIA,NIA,NIA,NIA,NIA,NIA,NIA,NIA,NIA,NIA,NIA,NIA,NIA,NIA,NIA,NIA,NIA,FIA
xyu1163/Testmodel_sentiment_with_3_labels,NIA,NIA,NIA,NIA,NIA,NIA,FIA,NIA,NIA,NIA,NIA,NIA,NIA,NIA,FIA,NIA,NIA,NIA,U,U,NIA,NIA,NIA,U,U,NIA,NIA,NIA,NIA,NIA,NIA,NIA,NIA,NIA,NIA,NIA,NIA,NIA,NIA
maclean-connor96/feedier-french-books,NIA,NIA,NIA,NIA,FIA,NIA,FIA,NIA,NIA,NIA,FIA,NIA,NIA,NIA,U,NIA,NIA,NIA,NIA,U,NIA,NIA,NIA,NIA,NIA,NIA,NIA,NIA,NIA,NIA,NIA,NIA,NIA,NIA,NIA,NIA,NIA,NIA,NIA
SiddharthaM/twitter-data-bert-base-multilingual-uncased-hindi-only-memes,NIA,NIA,NIA,NIA,NIA,NIA,FIA,NIA,NIA,NIA,NIA,NIA,NIA,NIA,FIA,NIA,NIA,NIA,FIA,FIA,NIA,NIA,NIA,U,U,NIA,NIA,NIA,NIA,NIA,NIA,NIA,NIA,NIA,NIA,NIA,NIA,NIA,NIA
Beanz1935/finetuning-sentiment-model-3000-samples,NIA,NIA,NIA,NIA,NIA,NIA,FIA,NIA,NIA,NIA,NIA,NIA,NIA,NIA,FIA,NIA,NIA,NIA,U,U,NIA,NIA,NIA,U,U,NIA,NIA,NIA,NIA,NIA,NIA,NIA,NIA,NIA,NIA,NIA,NIA,NIA,NIA
IngeniousArtist/distilbert-finance,NIA,NIA,NIA,NIA,NIA,NIA,FIA,NIA,NIA,NIA,NIA,NIA,NIA,NIA,U,NIA,NIA,NIA,U,U,NIA,NIA,NIA,U,U,NIA,NIA,NIA,NIA,NIA,NIA,NIA,NIA,NIA,NIA,NIA,NIA,NIA,NIA
Sonny4Sonnix/movie_sentiment_trainer,NIA,NIA,NIA,NIA,NIA,NIA,FIA,NIA,NIA,NIA,NIA,NIA,NIA,NIA,U,NIA,NIA,NIA,U,U,NIA,NIA,NIA,U,U,NIA,NIA,NIA,NIA,NIA,NIA,NIA,NIA,NIA,NIA,NIA,NIA,NIA,NIA
cardiffnlp/roberta-base-sentiment,NIA,NIA,NIA,NIA,NIA,NIA,FIA,NIA,NIA,NIA,NIA,U,NIA,NIA,NIA,NIA,NIA,NIA,U,U,NIA,NIA,NIA,NIA,NIA,NIA,NIA,NIA,FIA,NIA,NIA,NIA,NIA,NIA,NIA,NIA,NIA,NIA,FIA
Hyeonseo/ko-finance_news_classifier,NIA,NIA,NIA,NIA,NIA,NIA,FIA,NIA,NIA,NIA,NIA,NIA,NIA,NIA,FIA,NIA,NIA,NIA,U,U,NIA,NIA,NIA,U,U,NIA,NIA,NIA,NIA,NIA,NIA,NIA,NIA,NIA,NIA,NIA,NIA,NIA,NIA
sismetanin/rubert-ru-sentiment-rureviews,NIA,NIA,NIA,U,FIA,NIA,FIA,NIA,NIA,NIA,NIA,U,NIA,NIA,NIA,NIA,NIA,NIA,U,U,NIA,NIA,NIA,NIA,NIA,NIA,NIA,NIA,FIA,NIA,NIA,NIA,NIA,NIA,NIA,NIA,NIA,NIA,NIA
Timothy1337/finetuning-sentiment-all_df,NIA,NIA,NIA,U,NIA,NIA,FIA,NIA,NIA,NIA,NIA,NIA,NIA,NIA,FIA,NIA,NIA,NIA,U,U,NIA,NIA,NIA,U,U,NIA,NIA,NIA,NIA,NIA,NIA,NIA,NIA,NIA,NIA,NIA,NIA,NIA,NIA
DSI/human-directed-sentiment,NIA,NIA,NIA,NIA,U,NIA,NIA,NIA,NIA,NIA,NIA,NIA,NIA,NIA,NIA,NIA,NIA,NIA,NIA,NIA,NIA,NIA,NIA,NIA,NIA,NIA,NIA,NIA,NIA,NIA,NIA,NIA,NIA,NIA,NIA,NIA,NIA,NIA,NIA
venetis/deberta-v3-base-finetuned-3d-sentiment,NIA,NIA,NIA,NIA,NIA,NIA,FIA,NIA,NIA,NIA,NIA,NIA,NIA,NIA,FIA,NIA,NIA,NIA,U,FIA,NIA,NIA,NIA,U,U,NIA,NIA,NIA,NIA,NIA,NIA,NIA,NIA,NIA,NIA,NIA,NIA,NIA,NIA
LondonStory/txlm-roberta-hindi-sentiment,NIA,NIA,NIA,NIA,FIA,NIA,FIA,NIA,NIA,NIA,NIA,U,U,NIA,NIA,NIA,NIA,NIA,U,U,NIA,NIA,NIA,NIA,NIA,NIA,NIA,NIA,NIA,NIA,NIA,NIA,NIA,NIA,NIA,NIA,NIA,NIA,NIA
ldeb/solved-finbert-tone,U,NIA,NIA,U,NIA,NIA,U,NIA,U,NIA,U,NIA,NIA,NIA,NIA,NIA,NIA,NIA,NIA,NIA,NIA,NIA,NIA,NIA,NIA,NIA,NIA,NIA,NIA,NIA,NIA,NIA,NIA,NIA,NIA,NIA,NIA,NIA,NIA
gabrielyang/finance_news_classifier-KR_v7,NIA,NIA,NIA,NIA,NIA,NIA,FIA,NIA,NIA,NIA,NIA,NIA,NIA,NIA,FIA,NIA,NIA,NIA,U,FIA,NIA,NIA,NIA,U,U,NIA,NIA,NIA,NIA,NIA,NIA,NIA,NIA,NIA,NIA,NIA,NIA,NIA,NIA
rohanrajpal/bert-base-en-hi-codemix-cased,NIA,NIA,NIA,NIA,U,NIA,FIA,NIA,NIA,NIA,U,U,U,U,NIA,NIA,NIA,NIA,FIA,FIA,NIA,NIA,NIA,NIA,NIA,NIA,NIA,NIA,NIA,NIA,NIA,NIA,NIA,NIA,NIA,NIA,NIA,NIA,U
Himanshusingh/finetunedfinbert-model,NIA,NIA,NIA,NIA,NIA,NIA,FIA,NIA,NIA,NIA,NIA,NIA,NIA,NIA,FIA,NIA,NIA,NIA,U,U,NIA,NIA,NIA,U,U,NIA,NIA,NIA,NIA,NIA,NIA,NIA,NIA,NIA,NIA,NIA,NIA,NIA,NIA
mtyrrell/CPU_Transport_GHG_Classifier,NIA,NIA,NIA,NIA,NIA,NIA,FIA,NIA,NIA,NIA,U,U,U,U,FIA,NIA,NIA,NIA,U,FIA,NIA,NIA,NIA,U,U,NIA,NIA,NIA,NIA,NIA,NIA,NIA,NIA,U,NIA,NIA,FIA,NIA,NIA
Cloudy1225/stackoverflow-roberta-base-sentiment,NIA,NIA,NIA,NIA,NIA,NIA,FIA,NIA,NIA,NIA,NIA,NIA,NIA,NIA,NIA,NIA,NIA,NIA,NIA,NIA,NIA,NIA,NIA,NIA,NIA,NIA,NIA,NIA,NIA,NIA,NIA,NIA,NIA,U,NIA,NIA,NIA,NIA,U
jayantapaul888/twitter-data-microsoft-deberta-base-mnli-sentiment-finetuned-memes,NIA,NIA,NIA,NIA,NIA,NIA,FIA,NIA,NIA,NIA,NIA,NIA,NIA,NIA,FIA,NIA,NIA,NIA,U,FIA,NIA,NIA,NIA,U,NIA,NIA,NIA,NIA,NIA,NIA,NIA,NIA,NIA,NIA,NIA,NIA,NIA,NIA,NIA
Theivaprakasham/sentence-transformers-paraphrase-MiniLM-L6-v2-twitter_sentiment,NIA,NIA,NIA,NIA,NIA,NIA,NIA,NIA,NIA,NIA,NIA,NIA,NIA,NIA,NIA,NIA,NIA,NIA,NIA,NIA,NIA,NIA,NIA,NIA,NIA,NIA,NIA,NIA,NIA,NIA,NIA,NIA,NIA,NIA,NIA,NIA,NIA,NIA,NIA
eevvgg/sentimenTw-political,FIA,NIA,NIA,FIA,FIA,NIA,FIA,U,NIA,NIA,NIA,NIA,U,U,U,U,U,U,U,FIA,NIA,NIA,NIA,NIA,NIA,NIA,NIA,NIA,FIA,NIA,NIA,NIA,NIA,U,NIA,NIA,NIA,NIA,U
techthiyanes/Bert_Bahasa_Sentiment,NIA,NIA,NIA,NIA,NIA,NIA,NIA,NIA,NIA,NIA,NIA,NIA,NIA,NIA,NIA,NIA,NIA,NIA,NIA,NIA,NIA,NIA,NIA,NIA,NIA,NIA,NIA,NIA,NIA,NIA,NIA,NIA,NIA,NIA,NIA,NIA,NIA,NIA,U
Elron/deberta-v3-large-sentiment,NIA,NIA,NIA,NIA,NIA,NIA,FIA,NIA,U,NIA,NIA,U,PIA,NIA,FIA,NIA,NIA,U,U,FIA,NIA,NIA,NIA,U,U,NIA,NIA,NIA,NIA,NIA,NIA,NIA,NIA,U,NIA,NIA,NIA,NIA,NIA
ErisGrey/my_models,NIA,NIA,NIA,NIA,NIA,NIA,NIA,NIA,NIA,NIA,NIA,NIA,NIA,NIA,NIA,NIA,NIA,NIA,NIA,NIA,NIA,NIA,NIA,NIA,NIA,NIA,NIA,NIA,NIA,NIA,NIA,NIA,NIA,NIA,NIA,NIA,NIA,NIA,NIA
francisco-perez-sorrosal/distilbert-base-multilingual-cased-finetuned-with-spanish-tweets-clf-cleaned-ds,NIA,NIA,NIA,NIA,NIA,NIA,FIA,NIA,NIA,NIA,NIA,NIA,NIA,NIA,FIA,NIA,NIA,NIA,NIA,NIA,NIA,NIA,NIA,U,U,NIA,NIA,NIA,NIA,NIA,NIA,NIA,NIA,NIA,NIA,NIA,NIA,NIA,NIA
gabrielkytz/finetuning-sentiment-model-3000-samples,NIA,NIA,NIA,NIA,NIA,NIA,FIA,NIA,NIA,NIA,NIA,NIA,NIA,NIA,FIA,NIA,NIA,NIA,U,U,NIA,NIA,NIA,U,U,NIA,NIA,NIA,NIA,NIA,NIA,NIA,NIA,NIA,NIA,NIA,NIA,NIA,NIA
cardiffnlp/xlm-v-base-tweet-sentiment-de,NIA,NIA,NIA,NIA,FIA,NIA,FIA,NIA,NIA,NIA,NIA,U,NIA,NIA,NIA,NIA,NIA,NIA,FIA,FIA,NIA,NIA,NIA,NIA,NIA,NIA,NIA,NIA,NIA,NIA,NIA,NIA,NIA,NIA,NIA,NIA,NIA,NIA,NIA
elozano/tweet_sentiment_eval,NIA,NIA,NIA,NIA,NIA,NIA,NIA,NIA,NIA,NIA,NIA,NIA,NIA,NIA,NIA,NIA,NIA,NIA,NIA,NIA,NIA,NIA,NIA,NIA,NIA,NIA,NIA,NIA,NIA,NIA,NIA,NIA,NIA,NIA,NIA,NIA,NIA,NIA,NIA
adam-chell/tweet-sentiment-analyzer,NIA,NIA,NIA,NIA,NIA,NIA,FIA,NIA,NIA,NIA,FIA,NIA,NIA,NIA,NIA,NIA,NIA,NIA,NIA,NIA,NIA,NIA,NIA,NIA,NIA,NIA,NIA,NIA,NIA,NIA,NIA,NIA,FIA,NIA,NIA,NIA,NIA,NIA,NIA
rohanrajpal/bert-base-codemixed-uncased-sentiment,NIA,NIA,NIA,NIA,NIA,NIA,U,NIA,NIA,NIA,NIA,U,U,FIA,NIA,NIA,NIA,NIA,NIA,NIA,NIA,NIA,NIA,NIA,NIA,NIA,NIA,NIA,FIA,NIA,NIA,NIA,NIA,NIA,NIA,NIA,NIA,NIA,NIA
jordankrishnayah/fullManifesto-ROBERTAsentiment2e,NIA,NIA,NIA,NIA,NIA,NIA,NIA,NIA,NIA,NIA,NIA,NIA,NIA,NIA,NIA,NIA,NIA,NIA,NIA,NIA,NIA,NIA,NIA,NIA,NIA,NIA,NIA,NIA,NIA,NIA,NIA,NIA,NIA,NIA,NIA,NIA,NIA,NIA,NIA
Yt99/SFinBERT,NIA,U,NIA,NIA,NIA,NIA,NIA,NIA,NIA,NIA,NIA,NIA,NIA,NIA,NIA,NIA,NIA,NIA,NIA,NIA,NIA,NIA,NIA,NIA,NIA,NIA,NIA,NIA,NIA,NIA,NIA,NIA,NIA,PIA,NIA,NIA,NIA,NIA,PIA
Venkatesh4342/bert-base-uncased-finetuned-fin,NIA,NIA,NIA,NIA,NIA,NIA,FIA,NIA,NIA,NIA,NIA,NIA,NIA,NIA,FIA,NIA,NIA,NIA,U,U,NIA,NIA,NIA,U,U,NIA,NIA,NIA,NIA,NIA,NIA,NIA,NIA,NIA,NIA,NIA,NIA,NIA,NIA
UholoDala/tweet_sentiments_analysis_bert,NIA,NIA,NIA,NIA,NIA,NIA,FIA,NIA,NIA,NIA,NIA,NIA,NIA,NIA,U,NIA,NIA,NIA,U,U,NIA,NIA,NIA,U,U,NIA,NIA,NIA,NIA,NIA,NIA,NIA,NIA,NIA,NIA,NIA,NIA,NIA,NIA
LYTinn/finetuning-sentiment-model-tweet-gpt2,NIA,NIA,NIA,NIA,NIA,NIA,FIA,NIA,NIA,NIA,NIA,NIA,NIA,NIA,U,NIA,NIA,NIA,U,U,NIA,NIA,NIA,U,U,NIA,NIA,NIA,NIA,NIA,NIA,NIA,NIA,NIA,NIA,NIA,NIA,NIA,NIA
HerbertAIHug/Finetuned-Roberta-Base-Sentiment-identifier,NIA,NIA,NIA,NIA,NIA,NIA,FIA,NIA,NIA,NIA,NIA,NIA,NIA,NIA,FIA,NIA,NIA,NIA,U,FIA,NIA,NIA,NIA,U,U,NIA,NIA,NIA,NIA,NIA,NIA,NIA,NIA,NIA,NIA,NIA,NIA,NIA,NIA
bardsai/finance-sentiment-pl-base,U,NIA,NIA,U,FIA,NIA,U,NIA,NIA,NIA,FIA,NIA,NIA,NIA,NIA,NIA,NIA,NIA,FIA,FIA,NIA,NIA,NIA,NIA,NIA,NIA,NIA,NIA,NIA,NIA,NIA,NIA,NIA,NIA,NIA,NIA,NIA,NIA,FIA
bright1/fine-tuned-twitter-Roberta-base-sentiment,NIA,NIA,NIA,NIA,NIA,NIA,FIA,NIA,NIA,NIA,NIA,NIA,NIA,NIA,FIA,NIA,NIA,NIA,FIA,FIA,NIA,NIA,NIA,U,U,NIA,NIA,NIA,NIA,NIA,NIA,NIA,NIA,NIA,NIA,NIA,NIA,NIA,NIA
francisco-perez-sorrosal/distilbert-base-multilingual-cased-finetuned-with-spanish-tweets-clf,NIA,NIA,NIA,NIA,NIA,NIA,FIA,NIA,NIA,NIA,NIA,NIA,NIA,NIA,FIA,NIA,NIA,NIA,FIA,FIA,NIA,NIA,NIA,U,U,NIA,NIA,NIA,NIA,NIA,NIA,NIA,NIA,NIA,NIA,NIA,NIA,NIA,NIA
incredible45/News-Sentimental-model-Buy-Neutral-Sell,NIA,NIA,NIA,NIA,NIA,NIA,FIA,NIA,NIA,NIA,NIA,NIA,NIA,NIA,FIA,NIA,NIA,NIA,FIA,FIA,NIA,NIA,NIA,U,U,NIA,NIA,NIA,NIA,NIA,NIA,NIA,NIA,NIA,NIA,NIA,NIA,NIA,NIA
manvik28/FinBERT_Tuned,NIA,NIA,NIA,NIA,NIA,NIA,FIA,NIA,NIA,NIA,NIA,NIA,NIA,NIA,FIA,NIA,NIA,NIA,NIA,NIA,NIA,NIA,NIA,U,U,NIA,NIA,NIA,NIA,NIA,NIA,NIA,NIA,NIA,NIA,NIA,NIA,NIA,NIA
evendivil/finetuning-sentiment-model-3000-samples,NIA,NIA,NIA,NIA,NIA,NIA,FIA,NIA,NIA,NIA,NIA,NIA,NIA,NIA,FIA,NIA,NIA,NIA,FIA,FIA,NIA,NIA,NIA,U,U,NIA,NIA,NIA,NIA,NIA,NIA,NIA,NIA,NIA,NIA,NIA,NIA,NIA,NIA
ScriptEdgeAI/MarathiSentiment-Bloom-560m,FIA,NIA,NIA,NIA,FIA,NIA,NIA,NIA,NIA,NIA,NIA,NIA,NIA,NIA,NIA,NIA,NIA,NIA,FIA,FIA,NIA,NIA,NIA,NIA,NIA,NIA,NIA,NIA,FIA,NIA,NIA,NIA,NIA,NIA,NIA,NIA,NIA,NIA,NIA
Manauu17/enhanced_roberta_sentiments_es,NIA,NIA,NIA,FIA,FIA,NIA,NIA,NIA,NIA,NIA,U,NIA,NIA,NIA,NIA,NIA,NIA,NIA,NIA,NIA,NIA,NIA,NIA,NIA,NIA,NIA,NIA,NIA,NIA,NIA,NIA,NIA,NIA,PIA,NIA,NIA,NIA,NIA,PIA
HerbertAIHug/finetuned_sentiment_analysis_modell,NIA,NIA,NIA,NIA,NIA,NIA,NIA,NIA,NIA,NIA,NIA,NIA,NIA,NIA,NIA,NIA,NIA,NIA,NIA,NIA,NIA,NIA,NIA,NIA,NIA,NIA,NIA,NIA,NIA,NIA,NIA,NIA,NIA,NIA,NIA,NIA,NIA,NIA,NIA
sismetanin/xlm_roberta_large-ru-sentiment-rureviews,NIA,NIA,NIA,U,FIA,NIA,FIA,NIA,NIA,NIA,NIA,U,NIA,NIA,NIA,NIA,NIA,NIA,FIA,FIA,NIA,NIA,NIA,NIA,NIA,NIA,NIA,NIA,FIA,NIA,NIA,NIA,NIA,NIA,NIA,NIA,NIA,NIA,NIA
arjuntheprogrammer/distilbert-base-multilingual-cased-sentiment-2,NIA,NIA,NIA,NIA,NIA,NIA,FIA,NIA,NIA,NIA,NIA,U,NIA,NIA,FIA,NIA,NIA,NIA,U,U,NIA,NIA,NIA,U,U,NIA,NIA,NIA,NIA,NIA,NIA,NIA,NIA,NIA,NIA,NIA,NIA,NIA,NIA
raygx/BERT-NepSA-T2,NIA,NIA,NIA,NIA,NIA,NIA,FIA,NIA,NIA,NIA,NIA,NIA,NIA,NIA,U,NIA,NIA,NIA,FIA,FIA,NIA,NIA,NIA,U,U,NIA,NIA,NIA,NIA,NIA,NIA,NIA,NIA,NIA,NIA,NIA,NIA,NIA,NIA
francisco-perez-sorrosal/dccuchile-distilbert-base-spanish-uncased-finetuned-with-spanish-tweets-clf-cleaned-ds,NIA,NIA,NIA,NIA,NIA,NIA,FIA,NIA,NIA,NIA,NIA,NIA,NIA,NIA,FIA,NIA,NIA,NIA,FIA,FIA,NIA,NIA,NIA,U,U,NIA,NIA,NIA,NIA,NIA,NIA,NIA,NIA,NIA,NIA,NIA,NIA,NIA,NIA
francisco-perez-sorrosal/distilbert-base-uncased-finetuned-with-spanish-tweets-clf-cleaned-ds,NIA,NIA,NIA,NIA,NIA,NIA,FIA,NIA,NIA,NIA,NIA,NIA,NIA,NIA,FIA,NIA,NIA,NIA,FIA,FIA,NIA,NIA,NIA,U,U,NIA,NIA,NIA,NIA,NIA,NIA,NIA,NIA,NIA,NIA,NIA,NIA,NIA,NIA
francisco-perez-sorrosal/dccuchile-distilbert-base-spanish-uncased-finetuned-with-spanish-tweets-clf,NIA,NIA,NIA,NIA,NIA,NIA,FIA,NIA,NIA,NIA,NIA,NIA,NIA,NIA,FIA,NIA,NIA,NIA,NIA,NIA,NIA,NIA,NIA,U,U,NIA,NIA,NIA,NIA,NIA,NIA,NIA,NIA,NIA,NIA,NIA,NIA,NIA,NIA
ruanchaves/mdeberta-v3-base-porsimplessent,NIA,NIA,NIA,FIA,FIA,NIA,NIA,U,NIA,NIA,FIA,NIA,NIA,NIA,U,NIA,NIA,NIA,U,U,NIA,NIA,NIA,NIA,NIA,NIA,NIA,NIA,FIA,NIA,NIA,NIA,NIA,NIA,NIA,NIA,NIA,NIA,FIA
raygx/distilGPT-NepSA,NIA,NIA,NIA,NIA,NIA,NIA,FIA,NIA,NIA,NIA,NIA,NIA,NIA,NIA,NIA,NIA,NIA,NIA,NIA,NIA,NIA,NIA,NIA,U,U,NIA,NIA,NIA,NIA,NIA,NIA,NIA,NIA,NIA,NIA,NIA,NIA,NIA,NIA
classla/bcms-bertic-parlasent-bcs-ter,NIA,NIA,NIA,FIA,NIA,NIA,NIA,NIA,NIA,NIA,FIA,U,PIA,U,U,U,U,U,U,U,U,NIA,NIA,NIA,NIA,NIA,NIA,NIA,FIA,NIA,NIA,NIA,NIA,NIA,NIA,NIA,NIA,NIA,NIA
Anthos23/FS-distilroberta-fine-tuned,NIA,NIA,NIA,NIA,NIA,NIA,NIA,NIA,NIA,NIA,NIA,NIA,NIA,NIA,NIA,NIA,NIA,NIA,NIA,NIA,NIA,NIA,NIA,NIA,NIA,NIA,NIA,NIA,NIA,NIA,NIA,NIA,NIA,NIA,NIA,NIA,NIA,NIA,NIA
luissgtorres/Bert_sentiment_analysis_Indata,NIA,NIA,NIA,NIA,NIA,NIA,FIA,NIA,NIA,NIA,NIA,NIA,NIA,NIA,FIA,NIA,NIA,NIA,NIA,NIA,NIA,NIA,NIA,U,U,NIA,NIA,NIA,NIA,NIA,NIA,NIA,NIA,NIA,NIA,NIA,NIA,NIA,NIA
warwickai/fin-perceiver,NIA,NIA,NIA,NIA,NIA,NIA,NIA,NIA,NIA,NIA,NIA,U,U,U,FIA,U,NIA,NIA,FIA,FIA,NIA,NIA,NIA,NIA,NIA,NIA,NIA,NIA,NIA,NIA,NIA,NIA,NIA,NIA,NIA,NIA,NIA,NIA,NIA
rohanrajpal/bert-base-en-es-codemix-cased,NIA,NIA,NIA,U,U,NIA,NIA,NIA,NIA,NIA,FIA,PIA,U,NIA,NIA,NIA,NIA,NIA,FIA,FIA,NIA,NIA,NIA,NIA,NIA,NIA,NIA,NIA,FIA,NIA,NIA,NIA,NIA,FIA,NIA,NIA,FIA,NIA,FIA
langecod/Financial_Phrasebank_RoBERTa,NIA,NIA,NIA,NIA,NIA,NIA,NIA,NIA,NIA,NIA,NIA,NIA,NIA,NIA,NIA,NIA,NIA,NIA,NIA,NIA,NIA,NIA,NIA,NIA,NIA,NIA,NIA,NIA,NIA,NIA,NIA,NIA,NIA,NIA,NIA,NIA,NIA,NIA,NIA
brema76/vaccine_event_it,NIA,NIA,NIA,NIA,FIA,NIA,FIA,NIA,NIA,NIA,FIA,U,NIA,NIA,NIA,NIA,NIA,NIA,NIA,NIA,NIA,NIA,NIA,NIA,NIA,NIA,NIA,NIA,FIA,NIA,NIA,NIA,NIA,NIA,NIA,NIA,NIA,NIA,NIA
kullackaan/sentiment-tweets,NIA,NIA,NIA,NIA,NIA,NIA,NIA,NIA,NIA,NIA,NIA,NIA,NIA,NIA,NIA,NIA,NIA,NIA,NIA,NIA,NIA,NIA,NIA,NIA,NIA,NIA,NIA,NIA,NIA,NIA,NIA,NIA,NIA,NIA,NIA,NIA,NIA,NIA,NIA
jayantapaul888/twitter-data-pysentimiento-robertuito-sentiment-finetuned-memes,NIA,NIA,NIA,NIA,NIA,NIA,FIA,NIA,NIA,NIA,NIA,NIA,NIA,NIA,FIA,NIA,NIA,NIA,U,FIA,NIA,NIA,NIA,U,U,NIA,NIA,NIA,NIA,NIA,NIA,NIA,NIA,NIA,NIA,NIA,NIA,NIA,NIA
santis2/phrasebank-sentiment-analysis,NIA,NIA,NIA,NIA,NIA,NIA,FIA,NIA,NIA,NIA,NIA,U,NIA,NIA,FIA,NIA,NIA,NIA,U,U,NIA,NIA,NIA,U,U,NIA,NIA,NIA,NIA,NIA,NIA,NIA,NIA,NIA,NIA,NIA,NIA,NIA,NIA
bardsai/finance-sentiment-de-base,U,U,NIA,FIA,U,NIA,NIA,NIA,NIA,NIA,FIA,U,U,NIA,U,NIA,NIA,NIA,FIA,FIA,NIA,NIA,NIA,NIA,NIA,NIA,NIA,NIA,NIA,NIA,NIA,NIA,NIA,NIA,NIA,NIA,NIA,NIA,FIA
everyl12/crisis_sentiment_roberta,NIA,NIA,NIA,NIA,NIA,NIA,FIA,NIA,NIA,NIA,U,NIA,NIA,NIA,U,NIA,NIA,NIA,U,U,NIA,NIA,NIA,U,U,NIA,NIA,NIA,NIA,NIA,NIA,NIA,NIA,NIA,NIA,NIA,NIA,NIA,NIA
cardiffnlp/xlm-roberta-base-tweet-sentiment-de,NIA,NIA,NIA,NIA,FIA,NIA,FIA,NIA,NIA,NIA,NIA,U,NIA,NIA,NIA,NIA,NIA,NIA,FIA,U,NIA,NIA,NIA,NIA,NIA,NIA,NIA,NIA,NIA,NIA,NIA,NIA,NIA,NIA,NIA,NIA,NIA,NIA,NIA
Venkatesh4342/distilbert-helpdesk-sentence-sentiment,NIA,NIA,NIA,NIA,NIA,NIA,FIA,NIA,NIA,NIA,NIA,NIA,NIA,NIA,FIA,NIA,NIA,NIA,U,U,NIA,NIA,NIA,U,U,NIA,NIA,NIA,NIA,NIA,NIA,NIA,NIA,NIA,NIA,NIA,NIA,NIA,NIA
mrcaelumn/yelp_restaurant_review_sentiment_analysis,NIA,NIA,NIA,NIA,NIA,NIA,NIA,NIA,NIA,NIA,NIA,NIA,NIA,NIA,NIA,NIA,NIA,NIA,NIA,NIA,NIA,NIA,NIA,NIA,NIA,NIA,NIA,NIA,NIA,NIA,NIA,NIA,NIA,NIA,NIA,NIA,NIA,NIA,NIA
cardiffnlp/xlm-v-base-tweet-sentiment-es,NIA,NIA,NIA,NIA,U,NIA,FIA,NIA,NIA,NIA,NIA,U,NIA,NIA,NIA,NIA,NIA,NIA,FIA,U,NIA,NIA,NIA,NIA,NIA,NIA,NIA,NIA,NIA,NIA,NIA,NIA,NIA,NIA,NIA,NIA,NIA,NIA,NIA
Kapiche/twitter-roberta-base-sentiment-latest,NIA,NIA,NIA,FIA,FIA,NIA,NIA,FIA,FIA,NIA,FIA,U,NIA,NIA,NIA,NIA,NIA,NIA,NIA,NIA,NIA,NIA,NIA,NIA,NIA,NIA,NIA,NIA,FIA,NIA,NIA,NIA,NIA,PIA,NIA,NIA,NIA,NIA,NIA
cardiffnlp/xlm-v-base-tweet-sentiment-it,NIA,NIA,NIA,NIA,U,NIA,FIA,NIA,NIA,NIA,NIA,U,NIA,NIA,NIA,NIA,NIA,NIA,FIA,U,NIA,NIA,NIA,NIA,NIA,NIA,NIA,NIA,NIA,NIA,NIA,NIA,NIA,NIA,NIA,NIA,NIA,NIA,NIA
bardsai/twitter-sentiment-pl-fast,NIA,NIA,NIA,FIA,U,NIA,NIA,NIA,NIA,NIA,FIA,U,NIA,NIA,NIA,NIA,NIA,NIA,FIA,FIA,NIA,NIA,NIA,NIA,NIA,NIA,NIA,NIA,NIA,NIA,NIA,NIA,NIA,NIA,NIA,NIA,NIA,NIA,FIA
cardiffnlp/xlm-roberta-base-tweet-sentiment-en,NIA,NIA,NIA,NIA,U,NIA,FIA,NIA,NIA,NIA,NIA,NIA,NIA,NIA,NIA,NIA,NIA,NIA,FIA,U,NIA,NIA,NIA,NIA,NIA,NIA,NIA,NIA,NIA,NIA,NIA,NIA,NIA,NIA,NIA,NIA,NIA,NIA,NIA
svalabs/twitter-xlm-roberta-bitcoin-sentiment,NIA,NIA,NIA,NIA,NIA,NIA,FIA,NIA,NIA,NIA,NIA,U,NIA,NIA,NIA,NIA,NIA,NIA,U,U,NIA,NIA,NIA,NIA,NIA,NIA,NIA,NIA,NIA,NIA,NIA,NIA,NIA,NIA,NIA,NIA,NIA,NIA,NIA
DingYao/autotrain-fbert-singlish-5-1943965533,NIA,NIA,NIA,NIA,NIA,NIA,NIA,NIA,NIA,NIA,NIA,NIA,NIA,NIA,NIA,NIA,NIA,NIA,NIA,NIA,NIA,NIA,U,NIA,NIA,NIA,NIA,NIA,NIA,NIA,NIA,NIA,NIA,NIA,NIA,NIA,NIA,NIA,FIA
bardsai/finance-sentiment-ja-base,NIA,NIA,NIA,FIA,FIA,NIA,NIA,NIA,NIA,NIA,FIA,NIA,NIA,NIA,NIA,NIA,NIA,NIA,FIA,FIA,NIA,NIA,NIA,NIA,NIA,NIA,NIA,NIA,NIA,NIA,NIA,NIA,NIA,NIA,NIA,NIA,NIA,NIA,FIA
DunnBC22/distilbert-base-uncased-Financial_Sentiment_Analysis,NIA,NIA,NIA,NIA,NIA,NIA,FIA,NIA,NIA,NIA,FIA,U,U,NIA,FIA,NIA,U,NIA,FIA,FIA,NIA,NIA,NIA,U,U,NIA,NIA,NIA,NIA,NIA,NIA,NIA,NIA,NIA,NIA,NIA,NIA,NIA,NIA
DunnBC22/distilbert-base-uncased-US_Airline_Twitter_Sentiment_Analysis,NIA,NIA,NIA,NIA,NIA,NIA,NIA,NIA,NIA,NIA,NIA,U,U,NIA,FIA,NIA,U,NIA,FIA,FIA,NIA,NIA,NIA,U,U,NIA,NIA,NIA,NIA,NIA,NIA,NIA,NIA,NIA,NIA,NIA,NIA,NIA,NIA
cardiffnlp/xlm-roberta-base-tweet-sentiment-fr,NIA,NIA,NIA,NIA,U,NIA,FIA,NIA,NIA,NIA,NIA,U,NIA,NIA,NIA,NIA,NIA,NIA,FIA,U,NIA,NIA,NIA,NIA,NIA,NIA,NIA,NIA,NIA,NIA,NIA,NIA,NIA,NIA,NIA,NIA,NIA,NIA,NIA
GhylB/Sentiment_Analysis_DistilBERT,NIA,NIA,NIA,NIA,NIA,NIA,NIA,NIA,NIA,NIA,NIA,NIA,NIA,NIA,NIA,NIA,NIA,NIA,NIA,NIA,NIA,NIA,NIA,NIA,NIA,NIA,NIA,NIA,NIA,NIA,NIA,NIA,NIA,NIA,NIA,NIA,NIA,NIA,NIA
meghanabhange/Hinglish-Bert-Class,NIA,NIA,NIA,NIA,NIA,NIA,NIA,NIA,NIA,NIA,NIA,NIA,NIA,NIA,NIA,NIA,NIA,NIA,NIA,NIA,NIA,NIA,NIA,NIA,NIA,NIA,NIA,NIA,NIA,NIA,NIA,NIA,NIA,NIA,NIA,NIA,NIA,NIA,NIA
Abdelrahman-Rezk/emotion-english-distilroberta-base-fine_tuned_for_amazon_reviews_english_3,NIA,NIA,NIA,NIA,NIA,NIA,NIA,NIA,NIA,NIA,NIA,NIA,NIA,NIA,NIA,NIA,NIA,NIA,NIA,NIA,NIA,NIA,NIA,NIA,NIA,NIA,NIA,NIA,NIA,NIA,NIA,NIA,NIA,NIA,NIA,NIA,NIA,NIA,NIA
adnanakbr/emotion-english-distilroberta-base-fine_tuned_for_amazon_english_reviews_on_200K_review,NIA,NIA,NIA,NIA,NIA,NIA,NIA,NIA,NIA,NIA,NIA,NIA,NIA,NIA,NIA,NIA,NIA,NIA,NIA,NIA,NIA,NIA,NIA,NIA,NIA,NIA,NIA,NIA,NIA,NIA,NIA,NIA,NIA,NIA,NIA,NIA,NIA,NIA,NIA
yanezh/twiiter_try4_fold2,NIA,NIA,NIA,NIA,NIA,NIA,NIA,NIA,NIA,NIA,NIA,NIA,NIA,NIA,NIA,NIA,NIA,NIA,NIA,NIA,NIA,NIA,NIA,NIA,NIA,NIA,NIA,NIA,NIA,NIA,NIA,NIA,NIA,NIA,NIA,NIA,NIA,NIA,NIA
intanm/fin-sa-post-trained-indobert-base-finnews-5,NIA,NIA,NIA,NIA,NIA,NIA,NIA,NIA,NIA,NIA,NIA,NIA,NIA,NIA,NIA,NIA,NIA,NIA,NIA,NIA,NIA,NIA,NIA,NIA,NIA,NIA,NIA,NIA,NIA,NIA,NIA,NIA,NIA,NIA,NIA,NIA,NIA,NIA,NIA
dhikaardianto/TiktokSentimentIndoBertTwitter,NIA,NIA,NIA,NIA,NIA,NIA,NIA,NIA,NIA,NIA,NIA,NIA,NIA,NIA,NIA,NIA,NIA,NIA,NIA,NIA,NIA,NIA,NIA,NIA,NIA,NIA,NIA,NIA,NIA,NIA,NIA,NIA,NIA,NIA,NIA,NIA,NIA,NIA,NIA
tyqiangz/indobert-lite-large-p2-smsa,NIA,NIA,NIA,NIA,NIA,NIA,FIA,NIA,FIA,NIA,FIA,NIA,U,NIA,FIA,NIA,NIA,NIA,FIA,FIA,NIA,NIA,NIA,NIA,NIA,NIA,NIA,NIA,NIA,NIA,NIA,NIA,NIA,NIA,NIA,NIA,NIA,NIA,U
Nelver28/sentiment-analysis-positive-mixed-negative,NIA,NIA,NIA,NIA,NIA,NIA,FIA,NIA,NIA,NIA,NIA,NIA,NIA,NIA,FIA,NIA,NIA,NIA,U,FIA,NIA,NIA,NIA,U,U,NIA,NIA,NIA,NIA,NIA,NIA,NIA,NIA,NIA,NIA,NIA,NIA,NIA,NIA
kartashoffv/vashkontrol-sentiment-rubert,NIA,NIA,NIA,NIA,NIA,NIA,FIA,NIA,NIA,NIA,FIA,U,NIA,NIA,FIA,NIA,U,NIA,U,FIA,NIA,NIA,NIA,U,U,NIA,NIA,NIA,NIA,NIA,NIA,NIA,NIA,NIA,NIA,NIA,NIA,NIA,FIA
zainalq7/autotrain-NLU_crypto_sentiment_analysis-754123133,NIA,NIA,NIA,NIA,NIA,NIA,NIA,NIA,NIA,NIA,NIA,NIA,NIA,NIA,NIA,NIA,NIA,NIA,FIA,U,NIA,NIA,U,NIA,NIA,NIA,NIA,NIA,NIA,NIA,NIA,NIA,NIA,NIA,NIA,NIA,NIA,NIA,FIA
cardiffnlp/xlm-v-base-tweet-sentiment-fr,NIA,NIA,NIA,NIA,U,NIA,FIA,NIA,NIA,NIA,NIA,U,NIA,NIA,NIA,NIA,NIA,NIA,FIA,U,NIA,NIA,NIA,NIA,NIA,NIA,NIA,NIA,NIA,NIA,NIA,NIA,NIA,NIA,NIA,NIA,NIA,NIA,NIA
CK42/sentiment_analysis_sbcBI,NIA,NIA,NIA,NIA,FIA,NIA,NIA,FIA,FIA,NIA,NIA,NIA,NIA,NIA,NIA,NIA,NIA,NIA,NIA,NIA,NIA,NIA,NIA,NIA,NIA,NIA,NIA,NIA,NIA,NIA,NIA,NIA,NIA,NIA,FIA,NIA,NIA,NIA,NIA
adnanakbr/bert-base-multilingual-uncased-sentiment-fine_tuned_for_amazon_english_reviews_on_200K_review_v2,NIA,NIA,NIA,NIA,NIA,NIA,NIA,NIA,NIA,NIA,NIA,NIA,NIA,NIA,NIA,NIA,NIA,NIA,NIA,NIA,NIA,NIA,NIA,NIA,NIA,NIA,NIA,NIA,NIA,NIA,NIA,NIA,NIA,NIA,NIA,NIA,NIA,NIA,NIA
mirfan899/da_spacy_sentiment,NIA,NIA,NIA,NIA,NIA,NIA,NIA,NIA,NIA,NIA,U,NIA,NIA,NIA,NIA,NIA,NIA,NIA,U,FIA,NIA,NIA,NIA,NIA,NIA,NIA,NIA,NIA,NIA,NIA,NIA,NIA,NIA,NIA,NIA,NIA,NIA,NIA,NIA
cardiffnlp/xlm-v-base-tweet-sentiment-en,NIA,NIA,NIA,NIA,FIA,NIA,FIA,NIA,NIA,NIA,NIA,NIA,NIA,NIA,NIA,NIA,NIA,NIA,FIA,U,NIA,NIA,NIA,NIA,NIA,NIA,NIA,NIA,NIA,NIA,NIA,NIA,NIA,NIA,NIA,NIA,NIA,NIA,NIA
DunnBC22/bert-base-uncased-Twitter_Sentiment_Analysis_v2,NIA,NIA,NIA,NIA,NIA,NIA,FIA,NIA,NIA,NIA,NIA,NIA,NIA,NIA,FIA,NIA,NIA,NIA,NIA,NIA,NIA,NIA,NIA,U,U,NIA,NIA,NIA,NIA,NIA,NIA,NIA,NIA,NIA,NIA,NIA,NIA,NIA,NIA
TankuVie/bert-base-multilingual-uncased-vietnamese_sentiment_analysis,NIA,NIA,NIA,NIA,U,NIA,FIA,NIA,NIA,NIA,NIA,U,NIA,NIA,FIA,NIA,NIA,NIA,U,U,NIA,NIA,NIA,U,U,NIA,NIA,NIA,NIA,NIA,NIA,NIA,NIA,NIA,NIA,NIA,NIA,NIA,NIA
duwuonline/mymodel-classify-sentiment,NIA,NIA,NIA,NIA,NIA,NIA,NIA,NIA,NIA,NIA,NIA,NIA,NIA,NIA,NIA,NIA,NIA,NIA,NIA,NIA,NIA,NIA,NIA,NIA,NIA,NIA,FIA,NIA,NIA,NIA,NIA,NIA,NIA,NIA,NIA,NIA,NIA,NIA,NIA
Tobias/bert-base-german-cased_German_Hotel_sentiment,NIA,NIA,NIA,NIA,NIA,NIA,FIA,NIA,NIA,NIA,NIA,NIA,NIA,NIA,U,NIA,NIA,NIA,FIA,FIA,NIA,NIA,NIA,NIA,NIA,NIA,NIA,NIA,NIA,NIA,NIA,NIA,NIA,NIA,NIA,NIA,NIA,NIA,NIA
eevvgg/PaReS-sentimenTw-political-PL,NIA,NIA,NIA,NIA,NIA,NIA,FIA,NIA,FIA,NIA,NIA,NIA,NIA,NIA,U,NIA,NIA,NIA,U,U,NIA,NIA,NIA,NIA,NIA,NIA,NIA,NIA,NIA,NIA,NIA,NIA,NIA,NIA,NIA,NIA,NIA,NIA,FIA
venetis/distilroberta-base-finetuned-3d-sentiment,NIA,NIA,NIA,NIA,NIA,NIA,FIA,NIA,NIA,NIA,NIA,NIA,NIA,NIA,FIA,NIA,NIA,NIA,U,FIA,NIA,NIA,NIA,U,U,NIA,NIA,NIA,NIA,NIA,NIA,NIA,NIA,NIA,NIA,NIA,NIA,NIA,NIA
A-Funakoshi/bert-finetuned-multilingual-sentiments,NIA,NIA,NIA,NIA,NIA,NIA,NIA,NIA,NIA,NIA,NIA,NIA,NIA,NIA,NIA,NIA,NIA,NIA,NIA,NIA,NIA,NIA,NIA,NIA,NIA,NIA,NIA,NIA,NIA,NIA,NIA,NIA,NIA,NIA,NIA,NIA,NIA,NIA,NIA
devtanumisra/finetuning-sentiment-model-deberta-smote,NIA,NIA,NIA,NIA,NIA,NIA,FIA,NIA,NIA,NIA,NIA,NIA,NIA,NIA,NIA,NIA,NIA,NIA,U,FIA,NIA,NIA,NIA,U,U,NIA,NIA,NIA,NIA,NIA,NIA,NIA,NIA,NIA,NIA,NIA,NIA,NIA,NIA
sasha/autotrain-BERTBase-TweetEval-1281248996,NIA,NIA,NIA,NIA,NIA,NIA,NIA,NIA,NIA,NIA,NIA,NIA,NIA,NIA,U,NIA,NIA,NIA,FIA,U,NIA,NIA,U,NIA,NIA,NIA,NIA,NIA,NIA,NIA,NIA,NIA,NIA,NIA,NIA,NIA,NIA,NIA,FIA
cardiffnlp/mbert-base-tweet-sentiment-it,NIA,NIA,NIA,NIA,FIA,NIA,FIA,NIA,NIA,NIA,NIA,U,NIA,NIA,NIA,NIA,U,NIA,FIA,U,NIA,NIA,NIA,NIA,NIA,NIA,NIA,NIA,NIA,NIA,NIA,NIA,NIA,NIA,NIA,NIA,NIA,NIA,NIA
candra/indobertweet-sentiment2,NIA,NIA,NIA,NIA,NIA,NIA,FIA,NIA,NIA,NIA,NIA,NIA,NIA,NIA,FIA,NIA,NIA,NIA,NIA,NIA,NIA,NIA,NIA,U,U,NIA,NIA,NIA,NIA,NIA,NIA,NIA,NIA,NIA,NIA,NIA,NIA,NIA,NIA
Jonathan0528/bert-base-uncased-financial-news-sentiment,NIA,NIA,U,U,U,NIA,U,NIA,NIA,NIA,NIA,NIA,NIA,NIA,NIA,NIA,NIA,NIA,NIA,NIA,NIA,NIA,NIA,NIA,NIA,NIA,NIA,NIA,NIA,NIA,NIA,NIA,NIA,NIA,NIA,NIA,NIA,NIA,NIA
sismetanin/rubert_conversational-ru-sentiment-krnd,NIA,NIA,NIA,NIA,NIA,NIA,NIA,NIA,NIA,NIA,NIA,NIA,NIA,NIA,NIA,NIA,NIA,NIA,NIA,NIA,NIA,NIA,NIA,NIA,NIA,NIA,NIA,NIA,NIA,NIA,NIA,NIA,NIA,NIA,NIA,NIA,NIA,NIA,NIA
RogerB/kin-sentiC,NIA,NIA,NIA,NIA,NIA,NIA,FIA,NIA,NIA,NIA,U,U,NIA,NIA,FIA,NIA,U,NIA,U,FIA,NIA,NIA,NIA,U,U,NIA,NIA,NIA,NIA,NIA,NIA,NIA,NIA,NIA,NIA,NIA,NIA,NIA,NIA
Anthos23/my-awesome-model,NIA,NIA,NIA,NIA,NIA,NIA,NIA,NIA,NIA,NIA,NIA,NIA,NIA,NIA,NIA,NIA,NIA,NIA,NIA,NIA,NIA,NIA,NIA,NIA,NIA,NIA,NIA,NIA,NIA,NIA,NIA,NIA,NIA,NIA,NIA,NIA,NIA,NIA,NIA
Splend1dchan/bert-base-uncased-slue-goldtrascription-e3-lr1e-4,NIA,NIA,NIA,NIA,NIA,NIA,NIA,NIA,NIA,NIA,NIA,NIA,NIA,NIA,NIA,NIA,NIA,NIA,NIA,NIA,NIA,NIA,NIA,NIA,NIA,NIA,NIA,NIA,NIA,NIA,NIA,NIA,NIA,NIA,NIA,NIA,NIA,NIA,NIA
course5i/SEAD-L-6_H-256_A-8-mnli,NIA,NIA,NIA,U,NIA,NIA,U,NIA,U,NIA,NIA,NIA,NIA,NIA,U,NIA,NIA,NIA,U,U,NIA,NIA,NIA,U,U,NIA,NIA,NIA,U,NIA,NIA,NIA,NIA,NIA,NIA,NIA,NIA,NIA,NIA
Narsil/finbert-slow,NIA,NIA,NIA,U,NIA,NIA,FIA,NIA,NIA,NIA,U,NIA,NIA,NIA,NIA,NIA,NIA,NIA,NIA,NIA,NIA,NIA,NIA,NIA,NIA,NIA,NIA,NIA,NIA,NIA,NIA,NIA,NIA,NIA,NIA,NIA,NIA,NIA,NIA
sairahul5223/autotrain-auto-train-intent-classification-20220928-1584756071,NIA,NIA,NIA,NIA,NIA,NIA,NIA,NIA,NIA,NIA,NIA,NIA,NIA,NIA,NIA,NIA,NIA,NIA,FIA,NIA,NIA,NIA,U,NIA,NIA,NIA,NIA,NIA,NIA,NIA,NIA,NIA,NIA,NIA,NIA,NIA,NIA,NIA,U
FinScience/FS-distilroberta-fine-tuned,NIA,NIA,NIA,NIA,U,NIA,U,NIA,NIA,NIA,U,U,NIA,NIA,NIA,NIA,U,NIA,U,U,NIA,NIA,NIA,NIA,NIA,NIA,NIA,NIA,NIA,NIA,NIA,NIA,NIA,NIA,NIA,NIA,NIA,NIA,NIA
senfu/bert-base-uncased-top-pruned-mnli,NIA,NIA,NIA,NIA,NIA,NIA,NIA,NIA,NIA,NIA,NIA,NIA,NIA,NIA,NIA,NIA,NIA,NIA,NIA,NIA,NIA,NIA,NIA,NIA,NIA,NIA,NIA,NIA,NIA,NIA,NIA,NIA,NIA,NIA,NIA,NIA,NIA,NIA,NIA
ruanchaves/bert-base-portuguese-cased-porsimplessent,NIA,NIA,NIA,U,U,NIA,U,U,NIA,U,U,NIA,NIA,NIA,NIA,NIA,NIA,NIA,NIA,NIA,NIA,NIA,NIA,NIA,NIA,NIA,NIA,NIA,U,NIA,NIA,NIA,NIA,NIA,NIA,NIA,NIA,NIA,U
Cincin-nvp/NusaX-senti_XLM-R,NIA,NIA,NIA,NIA,NIA,NIA,NIA,NIA,NIA,NIA,NIA,NIA,NIA,NIA,NIA,NIA,NIA,NIA,NIA,NIA,NIA,NIA,NIA,NIA,NIA,NIA,NIA,NIA,NIA,NIA,NIA,NIA,NIA,NIA,NIA,NIA,NIA,NIA,NIA
rhythm00/HF_tutor,NIA,NIA,U,NIA,NIA,NIA,U,NIA,NIA,NIA,NIA,NIA,NIA,NIA,NIA,NIA,NIA,NIA,NIA,NIA,NIA,NIA,NIA,NIA,NIA,NIA,NIA,NIA,NIA,NIA,NIA,NIA,NIA,NIA,NIA,NIA,NIA,NIA,NIA
mlkorra/obgv-gender-bert-hi-en,NIA,NIA,NIA,NIA,NIA,NIA,NIA,NIA,NIA,NIA,NIA,NIA,NIA,NIA,NIA,NIA,NIA,NIA,NIA,NIA,NIA,NIA,NIA,NIA,NIA,NIA,NIA,NIA,NIA,NIA,NIA,NIA,NIA,NIA,NIA,NIA,NIA,NIA,NIA
Svetlana0303/Classfication_longformer,NIA,NIA,NIA,NIA,NIA,NIA,FIA,NIA,NIA,NIA,NIA,NIA,NIA,NIA,FIA,NIA,NIA,NIA,U,U,NIA,NIA,NIA,U,U,NIA,NIA,NIA,NIA,NIA,NIA,NIA,NIA,NIA,NIA,NIA,NIA,NIA,NIA
sara-nabhani/ML-ns-bert-base-uncased,NIA,NIA,NIA,NIA,NIA,NIA,NIA,NIA,NIA,NIA,NIA,NIA,NIA,NIA,NIA,NIA,NIA,NIA,NIA,NIA,NIA,NIA,NIA,NIA,NIA,NIA,NIA,NIA,NIA,NIA,NIA,NIA,NIA,NIA,NIA,NIA,NIA,NIA,NIA
yanezh/twiiter_try6_fold1,NIA,NIA,NIA,NIA,NIA,NIA,NIA,NIA,NIA,NIA,NIA,NIA,NIA,NIA,NIA,NIA,NIA,NIA,NIA,NIA,NIA,NIA,NIA,NIA,NIA,NIA,NIA,NIA,NIA,NIA,NIA,NIA,NIA,NIA,NIA,NIA,NIA,NIA,NIA
davidchiii/news-headlines,NIA,NIA,NIA,NIA,NIA,NIA,NIA,NIA,NIA,NIA,NIA,NIA,NIA,NIA,NIA,NIA,NIA,NIA,NIA,NIA,NIA,NIA,NIA,NIA,NIA,NIA,NIA,NIA,NIA,NIA,NIA,NIA,NIA,NIA,NIA,NIA,NIA,NIA,NIA
Hyeonseo/finance_news_classifier,NIA,NIA,NIA,NIA,NIA,NIA,FIA,NIA,NIA,NIA,NIA,NIA,NIA,NIA,FIA,NIA,NIA,NIA,U,U,NIA,NIA,NIA,U,U,NIA,NIA,NIA,NIA,NIA,NIA,NIA,NIA,NIA,NIA,NIA,NIA,NIA,NIA
dogruermikail/bert-fine-tuning-sentiment-stocks-analyis-uncased,NIA,NIA,NIA,NIA,NIA,NIA,NIA,NIA,NIA,NIA,NIA,NIA,NIA,NIA,U,NIA,NIA,NIA,NIA,NIA,NIA,NIA,NIA,U,U,NIA,NIA,NIA,NIA,NIA,NIA,NIA,NIA,NIA,NIA,NIA,NIA,NIA,NIA
finiteautomata/beto-headlines-sentiment-analysis,NIA,NIA,NIA,U,NIA,NIA,NIA,NIA,NIA,NIA,NIA,NIA,NIA,NIA,NIA,NIA,NIA,NIA,NIA,NIA,NIA,NIA,NIA,NIA,NIA,NIA,NIA,NIA,NIA,NIA,NIA,NIA,NIA,NIA,NIA,NIA,NIA,NIA,NIA
MavisAJ/Sentiment_analysis_roberta_model,NIA,NIA,NIA,NIA,NIA,NIA,NIA,NIA,NIA,NIA,NIA,NIA,NIA,NIA,NIA,NIA,NIA,NIA,NIA,NIA,NIA,NIA,NIA,NIA,NIA,NIA,NIA,NIA,NIA,NIA,NIA,NIA,NIA,NIA,NIA,NIA,NIA,NIA,NIA
cardiffnlp/xlm-v-base-tweet-sentiment-ar,NIA,NIA,NIA,NIA,U,NIA,FIA,NIA,NIA,NIA,NIA,NIA,NIA,NIA,NIA,NIA,U,NIA,FIA,U,NIA,NIA,NIA,NIA,NIA,NIA,NIA,NIA,NIA,NIA,NIA,NIA,NIA,NIA,NIA,NIA,NIA,NIA,NIA
cardiffnlp/xlm-roberta-base-tweet-sentiment-ar,NIA,NIA,NIA,NIA,NIA,NIA,FIA,NIA,NIA,NIA,NIA,NIA,NIA,NIA,NIA,NIA,U,NIA,FIA,U,NIA,NIA,NIA,NIA,NIA,NIA,NIA,NIA,NIA,NIA,NIA,NIA,NIA,NIA,NIA,NIA,NIA,NIA,NIA
cardiffnlp/xlm-roberta-base-tweet-sentiment-es,NIA,NIA,NIA,NIA,U,NIA,FIA,NIA,NIA,NIA,NIA,NIA,NIA,NIA,NIA,NIA,U,NIA,FIA,U,NIA,NIA,NIA,NIA,NIA,NIA,NIA,NIA,NIA,NIA,NIA,NIA,NIA,NIA,NIA,NIA,NIA,NIA,NIA
benjaminbeilharz/bert-base-uncased-sentiment-classifier,NIA,NIA,NIA,NIA,NIA,NIA,NIA,NIA,NIA,NIA,NIA,NIA,NIA,NIA,NIA,NIA,NIA,NIA,NIA,NIA,NIA,NIA,NIA,NIA,NIA,NIA,NIA,NIA,NIA,NIA,NIA,NIA,NIA,NIA,NIA,NIA,NIA,NIA,NIA
oandreae/financial_sentiment_model,NIA,NIA,NIA,NIA,NIA,NIA,FIA,NIA,NIA,NIA,NIA,NIA,NIA,NIA,FIA,NIA,NIA,NIA,U,FIA,NIA,NIA,NIA,U,U,NIA,NIA,NIA,NIA,NIA,NIA,NIA,NIA,NIA,NIA,NIA,NIA,NIA,NIA
RogerKam/roberta_fine_tuned_sentiment_financial_news,NIA,NIA,NIA,NIA,NIA,NIA,FIA,NIA,NIA,NIA,NIA,NIA,NIA,NIA,FIA,NIA,NIA,NIA,U,FIA,NIA,NIA,NIA,U,U,NIA,NIA,NIA,NIA,NIA,NIA,NIA,NIA,NIA,NIA,NIA,NIA,NIA,NIA
UchihaMadara/phobert-finetuned-sentiment-analysis,NIA,NIA,NIA,NIA,NIA,NIA,FIA,NIA,NIA,NIA,NIA,NIA,NIA,NIA,FIA,NIA,NIA,NIA,U,FIA,NIA,NIA,NIA,U,U,NIA,NIA,NIA,NIA,NIA,NIA,NIA,NIA,NIA,NIA,NIA,NIA,NIA,NIA
Mawulom/Fine-Tuned-Bert_Base_Cased_Sentiment_Analysis,NIA,NIA,NIA,NIA,NIA,NIA,FIA,NIA,NIA,NIA,NIA,NIA,NIA,NIA,NIA,NIA,NIA,NIA,NIA,FIA,NIA,NIA,NIA,NIA,NIA,NIA,NIA,NIA,NIA,NIA,NIA,NIA,NIA,NIA,NIA,NIA,NIA,NIA,NIA
Abdelrahman-Rezk/emotion-english-distilroberta-base-fine_tuned_for_amazon_english_reviews_V03_on_100K_review,NIA,NIA,NIA,NIA,NIA,NIA,NIA,NIA,NIA,NIA,NIA,NIA,NIA,NIA,NIA,NIA,NIA,NIA,NIA,NIA,NIA,NIA,NIA,NIA,NIA,NIA,NIA,NIA,NIA,NIA,NIA,NIA,NIA,NIA,NIA,NIA,NIA,NIA,NIA
salohnana2018/ARABERT02-best-trail,NIA,NIA,NIA,NIA,NIA,NIA,NIA,NIA,NIA,NIA,NIA,NIA,NIA,NIA,NIA,NIA,NIA,NIA,NIA,NIA,NIA,NIA,NIA,NIA,NIA,NIA,NIA,NIA,NIA,NIA,NIA,NIA,NIA,NIA,NIA,NIA,NIA,NIA,NIA
neojex/testing,NIA,NIA,NIA,NIA,NIA,NIA,NIA,NIA,NIA,NIA,NIA,NIA,NIA,NIA,NIA,NIA,NIA,NIA,NIA,NIA,NIA,NIA,NIA,NIA,NIA,NIA,NIA,NIA,NIA,NIA,NIA,NIA,NIA,NIA,NIA,NIA,NIA,NIA,NIA
CultureBERT/roberta-large-adhocracy,NIA,NIA,NIA,NIA,NIA,NIA,FIA,NIA,U,NIA,U,NIA,NIA,NIA,NIA,NIA,NIA,NIA,NIA,NIA,NIA,NIA,NIA,NIA,NIA,NIA,NIA,NIA,NIA,NIA,NIA,NIA,NIA,NIA,NIA,NIA,NIA,NIA,NIA
yanezh/twiiter_try10_fold4,NIA,NIA,NIA,NIA,NIA,NIA,NIA,NIA,NIA,NIA,NIA,NIA,NIA,NIA,NIA,NIA,NIA,NIA,NIA,NIA,NIA,NIA,NIA,NIA,NIA,NIA,NIA,NIA,NIA,NIA,NIA,NIA,NIA,NIA,NIA,NIA,NIA,NIA,NIA
yanezh/twiiter_try15_fold3,NIA,NIA,NIA,NIA,NIA,NIA,FIA,NIA,NIA,NIA,NIA,NIA,NIA,NIA,FIA,NIA,NIA,NIA,U,FIA,NIA,NIA,NIA,U,U,NIA,NIA,NIA,NIA,NIA,NIA,NIA,NIA,NIA,NIA,NIA,NIA,NIA,NIA
Tejas3/distillbert_base_uncased_80,NIA,NIA,NIA,NIA,NIA,NIA,NIA,NIA,NIA,NIA,NIA,NIA,NIA,NIA,NIA,NIA,NIA,NIA,NIA,NIA,NIA,NIA,NIA,NIA,NIA,NIA,NIA,NIA,NIA,NIA,NIA,NIA,NIA,NIA,NIA,NIA,NIA,NIA,NIA
salohnana2018/ABSA-Pair-domainAdapt-CAMEL-MSA-HARD-ImbalancedHandling-absoluteWeights-gamma1-dropout01,NIA,NIA,NIA,NIA,NIA,NIA,NIA,NIA,NIA,NIA,NIA,NIA,NIA,NIA,NIA,NIA,NIA,NIA,NIA,NIA,NIA,NIA,NIA,NIA,NIA,NIA,NIA,NIA,NIA,NIA,NIA,NIA,NIA,NIA,NIA,NIA,NIA,NIA,NIA
salohnana2018/ABSA-Pair-domainAdapt-CAMEL-MSA-HARD-ImbalancedHandling-inv-prop-weights-gamma1,NIA,NIA,NIA,NIA,NIA,NIA,NIA,NIA,NIA,NIA,NIA,NIA,NIA,NIA,NIA,NIA,NIA,NIA,NIA,NIA,NIA,NIA,NIA,NIA,NIA,NIA,NIA,NIA,NIA,NIA,NIA,NIA,NIA,NIA,NIA,NIA,NIA,NIA,NIA
CMunch/fine_tuned_dota,NIA,NIA,NIA,NIA,NIA,NIA,FIA,NIA,NIA,NIA,NIA,NIA,NIA,NIA,FIA,NIA,NIA,NIA,U,FIA,NIA,NIA,NIA,U,U,NIA,NIA,NIA,NIA,NIA,NIA,NIA,NIA,NIA,NIA,NIA,NIA,NIA,NIA
intanm/sa10-clm-20230403-001-3,NIA,NIA,NIA,NIA,NIA,NIA,FIA,NIA,NIA,NIA,NIA,NIA,NIA,NIA,FIA,NIA,NIA,NIA,U,FIA,NIA,NIA,NIA,U,U,NIA,NIA,NIA,NIA,NIA,NIA,NIA,NIA,NIA,NIA,NIA,NIA,NIA,NIA
hazrulakmal/bert-base-uncased-finetuned,NIA,NIA,NIA,NIA,NIA,NIA,FIA,NIA,NIA,NIA,NIA,NIA,NIA,NIA,U,NIA,NIA,NIA,U,FIA,NIA,NIA,NIA,U,U,NIA,NIA,NIA,NIA,NIA,NIA,NIA,NIA,NIA,NIA,NIA,NIA,NIA,NIA
intanm/fin-sa-post-trained-indobert-base-finreports-p2-001,NIA,NIA,NIA,NIA,NIA,NIA,NIA,NIA,NIA,NIA,NIA,NIA,NIA,NIA,NIA,NIA,NIA,NIA,NIA,NIA,NIA,NIA,NIA,NIA,NIA,NIA,NIA,NIA,NIA,NIA,NIA,NIA,NIA,NIA,NIA,NIA,NIA,NIA,NIA
intanm/fin-sa-post-trained-indobert-base-combined,NIA,NIA,NIA,NIA,NIA,NIA,NIA,NIA,NIA,NIA,NIA,NIA,NIA,NIA,NIA,NIA,NIA,NIA,NIA,NIA,NIA,NIA,NIA,NIA,NIA,NIA,NIA,NIA,NIA,NIA,NIA,NIA,NIA,NIA,NIA,NIA,NIA,NIA,NIA
chinmayapani/panich,NIA,NIA,NIA,NIA,NIA,NIA,NIA,NIA,NIA,NIA,NIA,NIA,NIA,NIA,NIA,NIA,NIA,NIA,NIA,NIA,NIA,NIA,NIA,NIA,NIA,NIA,NIA,NIA,NIA,NIA,NIA,NIA,NIA,NIA,NIA,NIA,NIA,NIA,NIA
bvint/autotrain-sphere-lecture-demo-1671659193,NIA,NIA,NIA,NIA,NIA,NIA,NIA,NIA,NIA,NIA,NIA,NIA,NIA,NIA,NIA,NIA,NIA,NIA,FIA,NIA,NIA,NIA,U,NIA,NIA,NIA,NIA,NIA,NIA,NIA,NIA,NIA,NIA,NIA,NIA,NIA,NIA,NIA,U
DingYao/autotrain-fbert-singlish-1755361190,NIA,NIA,NIA,NIA,NIA,NIA,NIA,NIA,NIA,NIA,NIA,NIA,NIA,NIA,NIA,NIA,NIA,NIA,FIA,NIA,NIA,NIA,U,NIA,NIA,NIA,NIA,NIA,NIA,NIA,NIA,NIA,NIA,NIA,NIA,NIA,NIA,NIA,U
jordankrishnayah/robertaSentimentBiasTestwithMBIC,NIA,NIA,NIA,NIA,NIA,NIA,NIA,NIA,NIA,NIA,NIA,NIA,NIA,NIA,NIA,NIA,NIA,NIA,NIA,NIA,NIA,NIA,NIA,NIA,NIA,NIA,NIA,NIA,NIA,NIA,NIA,NIA,NIA,NIA,NIA,NIA,NIA,NIA,NIA
EMBEDDIA/bertic-tweetsentiment,NIA,NIA,NIA,NIA,NIA,NIA,NIA,NIA,NIA,NIA,NIA,NIA,NIA,NIA,NIA,NIA,NIA,NIA,NIA,NIA,NIA,NIA,NIA,NIA,NIA,NIA,NIA,NIA,NIA,NIA,NIA,NIA,NIA,NIA,NIA,NIA,NIA,NIA,NIA
hazrulakmal/benchmark-finetuned-distilbert,NIA,NIA,NIA,NIA,NIA,NIA,FIA,NIA,NIA,NIA,NIA,NIA,NIA,NIA,FIA,NIA,NIA,NIA,U,FIA,NIA,NIA,NIA,U,U,NIA,NIA,NIA,NIA,NIA,NIA,NIA,NIA,NIA,NIA,NIA,NIA,NIA,NIA
ultraleow/cloud4bert,NIA,NIA,NIA,NIA,NIA,NIA,FIA,NIA,NIA,NIA,NIA,NIA,NIA,NIA,NIA,NIA,NIA,NIA,U,U,NIA,NIA,NIA,NIA,NIA,NIA,NIA,NIA,NIA,NIA,NIA,NIA,NIA,NIA,NIA,NIA,NIA,NIA,U
researchaccount/sa_sub5,NIA,NIA,NIA,NIA,NIA,NIA,NIA,NIA,NIA,NIA,NIA,NIA,NIA,NIA,NIA,NIA,NIA,NIA,NIA,NIA,NIA,NIA,NIA,NIA,NIA,NIA,NIA,NIA,NIA,NIA,NIA,NIA,NIA,NIA,NIA,NIA,NIA,NIA,NIA
quesmed/tone,NIA,NIA,NIA,NIA,NIA,NIA,FIA,NIA,NIA,NIA,NIA,NIA,NIA,NIA,FIA,NIA,NIA,NIA,U,FIA,NIA,NIA,NIA,U,U,NIA,NIA,NIA,NIA,NIA,NIA,NIA,NIA,NIA,NIA,NIA,NIA,NIA,NIA
EMBEDDIA/english-tweetsentiment,NIA,NIA,NIA,NIA,NIA,NIA,NIA,NIA,NIA,NIA,NIA,NIA,NIA,NIA,NIA,NIA,NIA,NIA,NIA,NIA,NIA,NIA,NIA,NIA,NIA,NIA,NIA,NIA,NIA,NIA,NIA,NIA,NIA,NIA,NIA,NIA,NIA,NIA,NIA
BramVanroy/bert-base-multilingual-cased-hebban-reviews,NIA,NIA,NIA,NIA,NIA,NIA,NIA,NIA,NIA,NIA,NIA,U,NIA,NIA,NIA,NIA,NIA,NIA,U,U,NIA,NIA,NIA,U,NIA,NIA,NIA,NIA,NIA,NIA,NIA,NIA,NIA,NIA,NIA,NIA,NIA,NIA,NIA
nuriafari/my_model,NIA,NIA,NIA,NIA,NIA,NIA,NIA,NIA,NIA,NIA,NIA,NIA,NIA,NIA,NIA,NIA,NIA,NIA,NIA,NIA,NIA,NIA,NIA,NIA,NIA,NIA,NIA,NIA,NIA,NIA,NIA,NIA,NIA,NIA,NIA,NIA,NIA,NIA,NIA
CultureBERT/roberta-large-market,NIA,NIA,NIA,NIA,NIA,NIA,FIA,NIA,U,NIA,U,NIA,NIA,NIA,NIA,NIA,NIA,NIA,NIA,NIA,NIA,NIA,NIA,NIA,NIA,NIA,NIA,NIA,NIA,NIA,NIA,NIA,NIA,NIA,NIA,NIA,NIA,NIA,NIA
intanm/mlm_v1_20230327_fin_sa_10,NIA,NIA,NIA,NIA,NIA,NIA,NIA,NIA,NIA,NIA,NIA,NIA,NIA,NIA,NIA,NIA,NIA,NIA,NIA,NIA,NIA,NIA,NIA,NIA,NIA,NIA,NIA,NIA,NIA,NIA,NIA,NIA,NIA,NIA,NIA,NIA,NIA,NIA,NIA
DingYao/autotrain-fbert-singlish-2-1937065404,NIA,NIA,NIA,NIA,NIA,NIA,NIA,NIA,NIA,NIA,NIA,NIA,NIA,NIA,NIA,NIA,NIA,NIA,U,NIA,NIA,NIA,U,NIA,NIA,NIA,NIA,NIA,NIA,NIA,NIA,NIA,NIA,NIA,NIA,NIA,NIA,NIA,U
course5i/SEAD-L-6_H-384_A-12-mnli,NIA,NIA,NIA,NIA,NIA,NIA,U,NIA,U,NIA,NIA,NIA,NIA,NIA,U,NIA,NIA,NIA,U,U,NIA,NIA,NIA,NIA,NIA,NIA,NIA,NIA,U,NIA,NIA,NIA,NIA,NIA,NIA,NIA,NIA,NIA,NIA
intanm/100-finSA-finLM-v1-001,NIA,NIA,NIA,NIA,NIA,NIA,NIA,NIA,NIA,NIA,NIA,NIA,NIA,NIA,NIA,NIA,NIA,NIA,NIA,NIA,NIA,NIA,NIA,NIA,NIA,NIA,NIA,NIA,NIA,NIA,NIA,NIA,NIA,NIA,NIA,NIA,NIA,NIA,NIA
cassiepowell/RoBERTa-large-mnli-for-agreement,NIA,NIA,NIA,NIA,NIA,NIA,NIA,NIA,NIA,NIA,NIA,NIA,NIA,NIA,NIA,NIA,NIA,NIA,NIA,NIA,NIA,NIA,NIA,NIA,NIA,NIA,NIA,NIA,NIA,NIA,NIA,NIA,NIA,NIA,NIA,NIA,NIA,NIA,NIA
fassahat/anferico-bert-for-patents-finetuned-557k-patent-sentences,NIA,NIA,NIA,NIA,NIA,NIA,NIA,NIA,NIA,NIA,NIA,NIA,NIA,NIA,NIA,NIA,NIA,NIA,NIA,NIA,NIA,NIA,NIA,NIA,NIA,NIA,NIA,NIA,NIA,NIA,NIA,NIA,NIA,NIA,NIA,NIA,NIA,NIA,NIA
Anthos23/FS-finbert-fine-tuned-f1,NIA,NIA,NIA,NIA,NIA,NIA,NIA,NIA,NIA,NIA,NIA,NIA,NIA,NIA,NIA,NIA,NIA,NIA,NIA,NIA,NIA,NIA,NIA,NIA,NIA,NIA,NIA,NIA,NIA,NIA,NIA,NIA,NIA,NIA,NIA,NIA,NIA,NIA,NIA
researchaccount/sa_sub1,NIA,NIA,NIA,NIA,NIA,NIA,NIA,NIA,NIA,NIA,NIA,NIA,NIA,NIA,NIA,NIA,NIA,NIA,NIA,NIA,NIA,NIA,NIA,NIA,NIA,NIA,NIA,NIA,NIA,NIA,NIA,NIA,NIA,NIA,NIA,NIA,NIA,NIA,NIA
DunnBC22/fnet-large-Financial_Sentiment_Analysis_v3,NIA,NIA,NIA,NIA,NIA,NIA,FIA,NIA,NIA,NIA,NIA,U,NIA,NIA,U,NIA,U,NIA,U,U,NIA,NIA,NIA,U,U,NIA,NIA,NIA,NIA,NIA,NIA,NIA,NIA,NIA,NIA,NIA,NIA,NIA,NIA
hw2942/bert-base-chinese-finetuning-financial-news-sentiment-test,NIA,NIA,NIA,NIA,NIA,NIA,FIA,NIA,NIA,NIA,NIA,NIA,NIA,NIA,FIA,NIA,NIA,NIA,U,U,NIA,NIA,NIA,U,U,NIA,NIA,NIA,NIA,NIA,NIA,NIA,NIA,NIA,NIA,NIA,NIA,NIA,NIA
antypasd/twitter-roberta-base-sentiment-earthquake,NIA,NIA,NIA,NIA,NIA,NIA,U,NIA,U,NIA,NIA,NIA,NIA,NIA,NIA,NIA,NIA,NIA,NIA,NIA,NIA,NIA,NIA,NIA,NIA,NIA,NIA,NIA,NIA,NIA,NIA,NIA,NIA,NIA,NIA,NIA,NIA,NIA,U
rod16/v1_finetuning-sentiment-model-news-samples,NIA,NIA,NIA,NIA,NIA,NIA,FIA,NIA,NIA,NIA,NIA,NIA,NIA,NIA,FIA,NIA,NIA,NIA,U,U,NIA,NIA,NIA,U,U,NIA,NIA,NIA,NIA,NIA,NIA,NIA,NIA,NIA,NIA,NIA,NIA,NIA,NIA
A-Funakoshi/bert-base-japanese-v3-wrime-sentiment,NIA,NIA,NIA,NIA,NIA,NIA,NIA,NIA,NIA,NIA,NIA,NIA,NIA,NIA,NIA,NIA,NIA,NIA,NIA,NIA,NIA,NIA,NIA,NIA,NIA,NIA,NIA,NIA,NIA,NIA,NIA,NIA,NIA,NIA,NIA,NIA,NIA,NIA,NIA
data354/camembert-fr-covid-tweet-sentiment-classification,NIA,NIA,NIA,NIA,NIA,NIA,FIA,NIA,NIA,NIA,U,NIA,NIA,NIA,NIA,NIA,NIA,NIA,NIA,NIA,NIA,NIA,NIA,NIA,NIA,NIA,NIA,NIA,NIA,NIA,NIA,NIA,NIA,NIA,NIA,NIA,NIA,NIA,U
sismetanin/rubert_conversational-ru-sentiment-rureviews,NIA,NIA,NIA,U,U,NIA,U,NIA,NIA,NIA,NIA,NIA,NIA,NIA,NIA,NIA,NIA,NIA,U,U,NIA,NIA,NIA,NIA,NIA,NIA,NIA,NIA,U,NIA,NIA,NIA,NIA,NIA,NIA,NIA,NIA,NIA,NIA
EMBEDDIA/sloberta-tweetsentiment,NIA,NIA,NIA,NIA,NIA,NIA,NIA,NIA,NIA,NIA,NIA,NIA,NIA,NIA,NIA,NIA,NIA,NIA,NIA,NIA,NIA,NIA,NIA,NIA,NIA,NIA,NIA,NIA,NIA,NIA,NIA,NIA,NIA,NIA,NIA,NIA,NIA,NIA,NIA
salohnana2018/ARABERT02,NIA,NIA,NIA,NIA,NIA,NIA,NIA,NIA,NIA,NIA,NIA,NIA,NIA,NIA,NIA,NIA,NIA,NIA,NIA,NIA,NIA,NIA,NIA,NIA,NIA,NIA,NIA,NIA,NIA,NIA,NIA,NIA,NIA,NIA,NIA,NIA,NIA,NIA,NIA
slickdata/finetuned-Sentiment-classfication-ROBERTA-model,NIA,NIA,NIA,NIA,NIA,NIA,FIA,NIA,NIA,NIA,NIA,NIA,NIA,NIA,FIA,NIA,NIA,NIA,U,U,NIA,NIA,NIA,U,U,NIA,NIA,NIA,NIA,NIA,NIA,NIA,NIA,NIA,NIA,NIA,NIA,NIA,NIA
maegancp/finetuning-sentiment-model,NIA,NIA,NIA,NIA,NIA,NIA,FIA,NIA,NIA,NIA,NIA,U,NIA,NIA,NIA,NIA,NIA,NIA,NIA,NIA,NIA,NIA,NIA,NIA,NIA,NIA,NIA,NIA,NIA,NIA,NIA,NIA,NIA,NIA,NIA,NIA,NIA,NIA,NIA
laurens88/finetuning-crypto-tweet-sentiment-test2,NIA,NIA,NIA,NIA,NIA,NIA,FIA,NIA,NIA,NIA,NIA,NIA,NIA,NIA,FIA,NIA,NIA,NIA,NIA,NIA,NIA,NIA,NIA,U,U,NIA,NIA,NIA,NIA,NIA,NIA,NIA,NIA,NIA,NIA,NIA,NIA,NIA,NIA
dpeinado/twitter-roberta-base-sentiment-latest-apple-opinions,NIA,NIA,NIA,NIA,NIA,NIA,NIA,NIA,NIA,NIA,NIA,NIA,NIA,NIA,NIA,NIA,NIA,NIA,NIA,NIA,NIA,NIA,NIA,NIA,NIA,NIA,NIA,NIA,NIA,NIA,NIA,NIA,NIA,NIA,NIA,NIA,NIA,NIA,NIA
ongknsro/ACARISBERT-DistilBERT,U,NIA,NIA,FIA,FIA,U,FIA,NIA,NIA,NIA,U,NIA,NIA,NIA,NIA,NIA,NIA,NIA,NIA,NIA,NIA,NIA,NIA,NIA,NIA,NIA,NIA,NIA,NIA,NIA,NIA,NIA,NIA,NIA,NIA,NIA,NIA,U,NIA
DunnBC22/fnet-base-Financial_Sentiment_Analysis,NIA,NIA,NIA,NIA,NIA,NIA,U,NIA,NIA,NIA,NIA,U,NIA,NIA,U,NIA,U,NIA,U,U,NIA,NIA,NIA,U,U,NIA,NIA,NIA,NIA,NIA,NIA,NIA,NIA,U,NIA,NIA,NIA,NIA,NIA
vectorizer/sentiment_analysis_93k_entries,NIA,NIA,NIA,NIA,NIA,NIA,FIA,NIA,NIA,NIA,NIA,NIA,NIA,NIA,FIA,NIA,NIA,NIA,U,FIA,NIA,NIA,NIA,U,U,NIA,NIA,NIA,NIA,NIA,NIA,NIA,NIA,NIA,NIA,NIA,NIA,NIA,NIA
bekbote/autotrain-dl-phrasebank-53436126044,NIA,NIA,NIA,NIA,NIA,NIA,NIA,NIA,NIA,NIA,NIA,NIA,NIA,NIA,NIA,NIA,NIA,NIA,U,NIA,NIA,NIA,U,NIA,NIA,NIA,NIA,NIA,NIA,NIA,NIA,NIA,NIA,NIA,NIA,NIA,NIA,NIA,U
debashish68/roberta-sent-generali,NIA,NIA,NIA,NIA,NIA,NIA,FIA,NIA,NIA,NIA,NIA,NIA,NIA,NIA,FIA,NIA,NIA,NIA,U,FIA,NIA,NIA,NIA,U,U,NIA,NIA,NIA,NIA,NIA,NIA,NIA,NIA,NIA,NIA,NIA,NIA,NIA,NIA
BeChi87/train_model_noStopWord,NIA,NIA,NIA,NIA,NIA,NIA,NIA,NIA,NIA,NIA,NIA,NIA,NIA,NIA,NIA,NIA,NIA,NIA,NIA,NIA,NIA,NIA,NIA,NIA,NIA,NIA,NIA,NIA,NIA,NIA,NIA,NIA,NIA,NIA,NIA,NIA,NIA,NIA,NIA
cruiser/roberta_tweet_eval_finetuned,NIA,NIA,NIA,NIA,NIA,NIA,NIA,NIA,NIA,NIA,NIA,NIA,NIA,NIA,NIA,NIA,NIA,NIA,NIA,NIA,NIA,NIA,NIA,NIA,NIA,NIA,NIA,NIA,NIA,NIA,NIA,NIA,NIA,NIA,NIA,NIA,NIA,NIA,NIA
cassiepowell/LaBSE-for-agreement,NIA,NIA,NIA,NIA,NIA,NIA,NIA,NIA,NIA,NIA,NIA,NIA,NIA,NIA,NIA,NIA,NIA,NIA,NIA,NIA,NIA,NIA,NIA,NIA,NIA,NIA,NIA,NIA,NIA,NIA,NIA,NIA,NIA,NIA,NIA,NIA,NIA,NIA,NIA
Teeto/reviews-classification,NIA,NIA,NIA,NIA,NIA,NIA,FIA,NIA,NIA,NIA,NIA,NIA,NIA,NIA,FIA,NIA,NIA,NIA,U,U,NIA,NIA,NIA,U,U,NIA,NIA,NIA,NIA,NIA,NIA,NIA,NIA,NIA,NIA,NIA,NIA,NIA,NIA
gabrielkytz/novo,NIA,NIA,NIA,NIA,NIA,NIA,FIA,NIA,NIA,NIA,NIA,NIA,NIA,NIA,FIA,NIA,NIA,NIA,U,FIA,NIA,NIA,NIA,U,U,NIA,NIA,NIA,NIA,NIA,NIA,NIA,NIA,NIA,NIA,NIA,NIA,NIA,NIA
salohnana2018/ABSA-SentencePair-DAPT-HARD-SemEval-bert-base-Camel-MSA-run3,NIA,NIA,U,U,U,U,U,NIA,NIA,NIA,NIA,NIA,NIA,NIA,NIA,NIA,NIA,NIA,NIA,NIA,NIA,NIA,NIA,NIA,NIA,NIA,NIA,NIA,NIA,NIA,NIA,NIA,NIA,NIA,NIA,NIA,NIA,NIA,NIA
ruanchaves/mdeberta-v3-base-assin-entailment,NIA,NIA,NIA,U,NIA,NIA,NIA,U,NIA,U,U,NIA,NIA,NIA,NIA,NIA,NIA,NIA,NIA,NIA,NIA,NIA,NIA,NIA,NIA,NIA,NIA,NIA,NIA,NIA,NIA,NIA,NIA,NIA,NIA,NIA,NIA,NIA,U
profoz/deploy-mlops-demo,NIA,NIA,NIA,NIA,NIA,NIA,NIA,NIA,NIA,NIA,NIA,NIA,NIA,NIA,NIA,NIA,NIA,NIA,NIA,NIA,NIA,NIA,NIA,NIA,NIA,NIA,NIA,NIA,NIA,NIA,NIA,NIA,NIA,NIA,NIA,NIA,NIA,NIA,NIA
intanm/baseline_fin_sa_30,NIA,NIA,NIA,NIA,NIA,NIA,NIA,NIA,NIA,NIA,NIA,NIA,NIA,NIA,NIA,NIA,NIA,NIA,NIA,NIA,NIA,NIA,NIA,NIA,NIA,NIA,NIA,NIA,NIA,NIA,NIA,NIA,NIA,NIA,NIA,NIA,NIA,NIA,NIA
tiwanyan/distil_bert_fine_tune,NIA,NIA,NIA,NIA,NIA,NIA,FIA,NIA,NIA,NIA,NIA,NIA,NIA,NIA,FIA,NIA,NIA,NIA,U,FIA,NIA,NIA,NIA,U,U,NIA,NIA,NIA,NIA,NIA,NIA,NIA,NIA,NIA,NIA,NIA,NIA,NIA,NIA
cruiser/distilbert_model_kaggle_200_epoch,NIA,NIA,NIA,NIA,NIA,NIA,FIA,NIA,NIA,NIA,NIA,NIA,NIA,NIA,U,NIA,NIA,NIA,U,FIA,NIA,NIA,NIA,U,U,NIA,NIA,NIA,NIA,NIA,NIA,NIA,NIA,NIA,NIA,NIA,NIA,NIA,NIA
researchaccount/sa_sub4,NIA,NIA,NIA,NIA,NIA,NIA,NIA,NIA,NIA,NIA,NIA,NIA,NIA,NIA,NIA,NIA,NIA,NIA,NIA,NIA,NIA,NIA,NIA,NIA,NIA,NIA,NIA,NIA,NIA,NIA,NIA,NIA,NIA,NIA,NIA,NIA,NIA,NIA,NIA
raygx/xlmRoBERTa-NepSA,NIA,NIA,NIA,NIA,NIA,NIA,FIA,NIA,NIA,NIA,NIA,NIA,NIA,NIA,FIA,NIA,NIA,NIA,U,U,NIA,NIA,NIA,U,U,NIA,NIA,NIA,NIA,NIA,NIA,NIA,NIA,NIA,NIA,NIA,NIA,NIA,NIA
adnanakbr/emotion-english-distilroberta-base-fine_tuned_for_amazon_english_reviews_on_200K_review_v3,NIA,NIA,NIA,NIA,NIA,NIA,NIA,NIA,NIA,NIA,NIA,NIA,NIA,NIA,NIA,NIA,NIA,NIA,NIA,NIA,NIA,NIA,NIA,NIA,NIA,NIA,NIA,NIA,NIA,NIA,NIA,NIA,NIA,NIA,NIA,NIA,NIA,NIA,NIA
intanm/baseline_fin_sa_70,NIA,NIA,NIA,NIA,NIA,NIA,NIA,NIA,NIA,NIA,NIA,NIA,NIA,NIA,NIA,NIA,NIA,NIA,NIA,NIA,NIA,NIA,NIA,NIA,NIA,NIA,NIA,NIA,NIA,NIA,NIA,NIA,NIA,NIA,NIA,NIA,NIA,NIA,NIA
sasha/autotrain-RobertaBaseTweetEval-1281048990,NIA,NIA,NIA,NIA,NIA,NIA,NIA,NIA,NIA,NIA,NIA,NIA,NIA,NIA,NIA,NIA,NIA,NIA,U,NIA,NIA,NIA,U,NIA,NIA,NIA,NIA,NIA,NIA,NIA,NIA,NIA,NIA,NIA,NIA,NIA,NIA,NIA,U
BeChi87/train_model_Lastest1,NIA,NIA,NIA,NIA,NIA,NIA,NIA,NIA,NIA,NIA,NIA,NIA,NIA,NIA,NIA,NIA,NIA,NIA,NIA,NIA,NIA,NIA,NIA,NIA,NIA,NIA,NIA,NIA,NIA,NIA,NIA,NIA,NIA,NIA,NIA,NIA,NIA,NIA,NIA
raoh/yiran-nlp4,NIA,NIA,NIA,NIA,NIA,NIA,NIA,NIA,NIA,NIA,NIA,NIA,NIA,NIA,NIA,NIA,NIA,NIA,NIA,NIA,NIA,NIA,NIA,NIA,NIA,NIA,NIA,NIA,NIA,NIA,NIA,NIA,NIA,NIA,NIA,NIA,NIA,NIA,NIA
BeChi87/train_model_Lastest_16_8_lan2,NIA,NIA,NIA,NIA,NIA,NIA,NIA,NIA,NIA,NIA,NIA,NIA,NIA,NIA,NIA,NIA,NIA,NIA,NIA,NIA,NIA,NIA,NIA,NIA,NIA,NIA,NIA,NIA,NIA,NIA,NIA,NIA,NIA,NIA,NIA,NIA,NIA,NIA,NIA
Svetlana0303/Classfication_electra,NIA,NIA,NIA,NIA,NIA,NIA,FIA,NIA,NIA,NIA,NIA,NIA,NIA,NIA,FIA,NIA,NIA,NIA,U,FIA,NIA,NIA,NIA,U,U,NIA,NIA,NIA,NIA,NIA,NIA,NIA,NIA,NIA,NIA,NIA,NIA,NIA,NIA
raygx/BERT-NepSA-domainAdapt,NIA,NIA,NIA,NIA,NIA,NIA,FIA,NIA,NIA,NIA,NIA,NIA,NIA,NIA,U,NIA,NIA,NIA,NIA,NIA,NIA,NIA,NIA,U,U,NIA,NIA,NIA,NIA,NIA,NIA,NIA,NIA,NIA,NIA,NIA,NIA,NIA,NIA
fassahat/anferico-bert-for-patents-finetuned-150k-sentences,NIA,NIA,NIA,NIA,NIA,NIA,NIA,NIA,NIA,NIA,NIA,NIA,NIA,NIA,NIA,NIA,NIA,NIA,NIA,NIA,NIA,NIA,NIA,NIA,NIA,NIA,NIA,NIA,NIA,NIA,NIA,NIA,NIA,NIA,NIA,NIA,NIA,NIA,NIA
salohnana2018/ABSA-Pair-domainAdapt-Qarib-HARD-ImbalancedHandling-absoluteWeights-gamma1-dropout01,NIA,NIA,NIA,NIA,NIA,NIA,NIA,NIA,NIA,NIA,NIA,NIA,NIA,NIA,NIA,NIA,NIA,NIA,NIA,NIA,NIA,NIA,NIA,NIA,NIA,NIA,NIA,NIA,NIA,NIA,NIA,NIA,NIA,NIA,NIA,NIA,NIA,NIA,NIA
BeChi87/train_model_Lastest_21,NIA,NIA,NIA,NIA,NIA,NIA,NIA,NIA,NIA,NIA,NIA,NIA,NIA,NIA,NIA,NIA,NIA,NIA,NIA,NIA,NIA,NIA,NIA,NIA,NIA,NIA,NIA,NIA,NIA,NIA,NIA,NIA,NIA,NIA,NIA,NIA,NIA,NIA,NIA
KarelDO/lstm.CEBaB_confounding.food_service_positive.absa.5-class.seed_42,NIA,NIA,NIA,NIA,NIA,NIA,FIA,NIA,NIA,NIA,NIA,NIA,NIA,NIA,FIA,NIA,NIA,NIA,NIA,FIA,NIA,NIA,NIA,U,U,NIA,NIA,NIA,NIA,NIA,NIA,NIA,NIA,NIA,NIA,NIA,NIA,NIA,NIA
aarnphm/multi-length-text-classification-pipeline,NIA,NIA,NIA,U,NIA,NIA,NIA,NIA,NIA,NIA,NIA,NIA,NIA,NIA,NIA,NIA,NIA,NIA,NIA,NIA,NIA,NIA,NIA,NIA,NIA,NIA,NIA,NIA,NIA,NIA,NIA,NIA,NIA,NIA,NIA,NIA,NIA,NIA,NIA
blinjrm/finsent,NIA,NIA,NIA,NIA,NIA,NIA,NIA,NIA,NIA,NIA,NIA,NIA,NIA,NIA,NIA,NIA,NIA,NIA,NIA,NIA,NIA,NIA,NIA,NIA,NIA,NIA,NIA,NIA,NIA,NIA,NIA,NIA,NIA,NIA,NIA,NIA,NIA,NIA,NIA
yanezh/twiiter_try15_fold4,NIA,NIA,NIA,NIA,NIA,NIA,FIA,NIA,NIA,NIA,NIA,NIA,NIA,NIA,U,NIA,NIA,NIA,U,U,NIA,NIA,NIA,U,U,NIA,NIA,NIA,NIA,NIA,NIA,NIA,NIA,NIA,NIA,NIA,NIA,NIA,NIA
AlonCohen/RuSentNE-test,NIA,NIA,NIA,NIA,NIA,NIA,NIA,NIA,NIA,NIA,NIA,NIA,NIA,NIA,NIA,NIA,NIA,NIA,NIA,NIA,NIA,NIA,NIA,NIA,NIA,NIA,NIA,NIA,NIA,NIA,NIA,NIA,NIA,NIA,NIA,NIA,NIA,NIA,NIA
salohnana2018/MARBERTV02ABSAnew,NIA,NIA,NIA,NIA,NIA,NIA,NIA,NIA,NIA,NIA,NIA,NIA,NIA,NIA,NIA,NIA,NIA,NIA,NIA,NIA,NIA,NIA,NIA,NIA,NIA,NIA,NIA,NIA,NIA,NIA,NIA,NIA,NIA,NIA,NIA,NIA,NIA,NIA,NIA
raygx/distilBERT-NepSA,NIA,NIA,NIA,NIA,NIA,NIA,FIA,NIA,NIA,NIA,NIA,NIA,NIA,NIA,U,NIA,NIA,NIA,NIA,NIA,NIA,NIA,NIA,U,U,NIA,NIA,NIA,NIA,NIA,NIA,NIA,NIA,NIA,NIA,NIA,NIA,NIA,NIA
Narsil/finbert2,NIA,NIA,NIA,NIA,NIA,NIA,U,NIA,U,NIA,U,NIA,NIA,NIA,NIA,NIA,NIA,NIA,NIA,NIA,NIA,NIA,NIA,NIA,NIA,NIA,NIA,NIA,NIA,NIA,NIA,NIA,NIA,U,NIA,NIA,NIA,NIA,NIA
Robher51/Model3,NIA,NIA,NIA,NIA,NIA,NIA,NIA,NIA,NIA,NIA,NIA,NIA,NIA,NIA,NIA,NIA,NIA,NIA,NIA,NIA,NIA,NIA,NIA,NIA,NIA,NIA,NIA,NIA,NIA,NIA,NIA,NIA,NIA,NIA,NIA,NIA,NIA,NIA,NIA
salohnana2018/ABSA-Pair-domainAdapt-Camel-MSA-HARD-ImbalancedHandling-absoluteWeights-gamma1-run2,NIA,NIA,NIA,NIA,NIA,NIA,NIA,NIA,NIA,NIA,NIA,NIA,NIA,NIA,NIA,NIA,NIA,NIA,NIA,NIA,NIA,NIA,NIA,NIA,NIA,NIA,NIA,NIA,NIA,NIA,NIA,NIA,NIA,NIA,NIA,NIA,NIA,NIA,NIA
niksmer/RoBERTa-RILE,NIA,NIA,NIA,NIA,NIA,NIA,U,NIA,NIA,NIA,U,U,NIA,NIA,U,NIA,U,NIA,U,U,NIA,NIA,NIA,U,U,NIA,NIA,NIA,NIA,NIA,NIA,NIA,NIA,U,NIA,NIA,U,NIA,NIA
chrommium/sbert_large-finetuned-sent_in_news_sents_3lab,NIA,NIA,NIA,NIA,NIA,NIA,FIA,NIA,NIA,NIA,NIA,NIA,NIA,NIA,FIA,NIA,NIA,NIA,U,FIA,NIA,NIA,NIA,U,U,NIA,NIA,NIA,NIA,NIA,NIA,NIA,NIA,NIA,NIA,NIA,NIA,NIA,NIA
yanezh/twiiter_try13_fold1,NIA,NIA,NIA,NIA,NIA,NIA,NIA,NIA,NIA,NIA,NIA,NIA,NIA,NIA,NIA,NIA,NIA,NIA,NIA,NIA,NIA,NIA,NIA,NIA,NIA,NIA,NIA,NIA,NIA,NIA,NIA,NIA,NIA,NIA,NIA,NIA,NIA,NIA,NIA
ruanchaves/bert-base-portuguese-cased-assin-entailment,NIA,NIA,NIA,NIA,NIA,NIA,NIA,U,NIA,FIA,U,NIA,NIA,NIA,NIA,NIA,NIA,NIA,NIA,NIA,NIA,NIA,NIA,NIA,NIA,NIA,NIA,NIA,U,NIA,NIA,NIA,NIA,NIA,NIA,NIA,NIA,NIA,U
yanezh/twiiter_try10_fold0,NIA,NIA,NIA,NIA,NIA,NIA,NIA,NIA,NIA,NIA,NIA,NIA,NIA,NIA,NIA,NIA,NIA,NIA,NIA,NIA,NIA,NIA,NIA,NIA,NIA,NIA,NIA,NIA,NIA,NIA,NIA,NIA,NIA,NIA,NIA,NIA,NIA,NIA,NIA
intanm/mlm_v1_20230327_fin_sa_100,NIA,NIA,NIA,NIA,NIA,NIA,FIA,NIA,NIA,NIA,NIA,NIA,NIA,NIA,FIA,NIA,NIA,NIA,U,U,NIA,NIA,NIA,U,PIA,NIA,NIA,NIA,NIA,NIA,NIA,NIA,NIA,NIA,NIA,NIA,NIA,NIA,NIA
intanm/fin-sa-post-trained-indobert-base-finnews-p2-001,NIA,NIA,NIA,NIA,NIA,NIA,NIA,NIA,NIA,NIA,NIA,NIA,NIA,NIA,NIA,NIA,NIA,NIA,NIA,NIA,NIA,NIA,NIA,NIA,NIA,NIA,NIA,NIA,NIA,NIA,NIA,NIA,NIA,NIA,NIA,NIA,NIA,NIA,NIA
intanm/baseline_fin_sa_100,NIA,NIA,NIA,NIA,NIA,NIA,NIA,NIA,NIA,NIA,NIA,NIA,NIA,NIA,NIA,NIA,NIA,NIA,NIA,NIA,NIA,NIA,NIA,NIA,NIA,NIA,NIA,NIA,NIA,NIA,NIA,NIA,NIA,NIA,NIA,NIA,NIA,NIA,NIA
intanm/mlm_v1_20230327_fin_sa_90,NIA,NIA,NIA,NIA,NIA,NIA,FIA,NIA,NIA,NIA,NIA,NIA,NIA,NIA,U,NIA,NIA,NIA,U,U,NIA,NIA,NIA,U,U,NIA,NIA,NIA,NIA,NIA,NIA,NIA,NIA,NIA,NIA,NIA,NIA,NIA,NIA
BramVanroy/xlm-roberta-base-hebban-reviews,NIA,NIA,NIA,NIA,NIA,NIA,NIA,NIA,NIA,NIA,NIA,U,NIA,NIA,NIA,NIA,NIA,NIA,U,U,NIA,NIA,NIA,U,U,NIA,NIA,NIA,NIA,NIA,NIA,NIA,NIA,NIA,NIA,NIA,NIA,NIA,NIA
yanezh/twiiter_try11_fold3,NIA,NIA,NIA,NIA,NIA,NIA,NIA,NIA,NIA,NIA,NIA,NIA,NIA,NIA,NIA,NIA,NIA,NIA,NIA,NIA,NIA,NIA,NIA,NIA,NIA,NIA,NIA,NIA,NIA,NIA,NIA,NIA,NIA,NIA,NIA,NIA,NIA,NIA,NIA
cnut1648/biolinkbert-mnli,NIA,NIA,NIA,NIA,NIA,NIA,FIA,NIA,NIA,NIA,NIA,U,NIA,NIA,FIA,NIA,NIA,NIA,NIA,U,NIA,NIA,NIA,U,U,NIA,NIA,NIA,NIA,NIA,NIA,NIA,NIA,NIA,NIA,NIA,NIA,NIA,NIA
israel/testing_model,NIA,NIA,NIA,NIA,NIA,NIA,NIA,NIA,NIA,NIA,NIA,NIA,NIA,NIA,NIA,NIA,NIA,NIA,NIA,NIA,NIA,NIA,NIA,NIA,NIA,NIA,NIA,NIA,NIA,NIA,NIA,NIA,NIA,NIA,NIA,NIA,NIA,NIA,NIA
intanm/sa100-mlm-20230403-001-2,NIA,NIA,NIA,NIA,NIA,NIA,NIA,NIA,NIA,NIA,NIA,NIA,NIA,NIA,NIA,NIA,NIA,NIA,NIA,NIA,NIA,NIA,NIA,NIA,NIA,NIA,NIA,NIA,NIA,NIA,NIA,NIA,NIA,NIA,NIA,NIA,NIA,NIA,NIA
intanm/fin-sa-post-trained-indobert-base-finreport,NIA,NIA,NIA,NIA,NIA,NIA,NIA,NIA,NIA,NIA,NIA,NIA,NIA,NIA,NIA,NIA,NIA,NIA,NIA,NIA,NIA,NIA,NIA,NIA,NIA,NIA,NIA,NIA,NIA,NIA,NIA,NIA,NIA,NIA,NIA,NIA,NIA,NIA,NIA
sasha/autotrain-BERTBase-TweetEval-1281248998,NIA,NIA,NIA,NIA,NIA,NIA,NIA,NIA,NIA,NIA,NIA,NIA,NIA,NIA,NIA,NIA,NIA,NIA,FIA,NIA,NIA,NIA,U,NIA,NIA,NIA,NIA,NIA,NIA,NIA,NIA,NIA,NIA,NIA,NIA,NIA,NIA,NIA,FIA
ozoora/rubert-4.1poi,NIA,NIA,NIA,NIA,NIA,NIA,NIA,NIA,NIA,NIA,NIA,NIA,NIA,NIA,NIA,NIA,NIA,NIA,NIA,NIA,NIA,NIA,NIA,NIA,NIA,NIA,NIA,NIA,NIA,NIA,NIA,NIA,NIA,NIA,NIA,NIA,NIA,NIA,NIA
midwinter73/dipterv6,NIA,NIA,NIA,NIA,NIA,NIA,FIA,NIA,NIA,NIA,NIA,NIA,NIA,NIA,U,NIA,NIA,NIA,U,FIA,NIA,NIA,NIA,U,U,NIA,NIA,NIA,NIA,NIA,NIA,NIA,NIA,NIA,NIA,NIA,NIA,NIA,NIA
sasha/autotrain-DistilBERT-TweetEval-1281148991,NIA,NIA,NIA,NIA,NIA,NIA,NIA,NIA,NIA,NIA,NIA,NIA,NIA,NIA,NIA,NIA,NIA,NIA,FIA,NIA,NIA,NIA,U,NIA,NIA,NIA,NIA,NIA,NIA,NIA,NIA,NIA,NIA,NIA,NIA,NIA,NIA,NIA,FIA
yanezh/twiiter_try4_fold3,NIA,NIA,NIA,NIA,NIA,NIA,NIA,NIA,NIA,NIA,NIA,NIA,NIA,NIA,NIA,NIA,NIA,NIA,NIA,NIA,NIA,NIA,NIA,NIA,NIA,NIA,NIA,NIA,NIA,NIA,NIA,NIA,NIA,NIA,NIA,NIA,NIA,NIA,NIA
yanezh/twiiter_try5_fold3,NIA,NIA,NIA,NIA,NIA,NIA,NIA,NIA,NIA,NIA,NIA,NIA,NIA,NIA,NIA,NIA,NIA,NIA,NIA,NIA,NIA,NIA,NIA,NIA,NIA,NIA,NIA,NIA,NIA,NIA,NIA,NIA,NIA,NIA,NIA,NIA,NIA,NIA,NIA
asaderu-ai/ssclass_best,NIA,NIA,NIA,NIA,NIA,NIA,NIA,NIA,NIA,NIA,NIA,NIA,U,NIA,NIA,NIA,NIA,NIA,FIA,U,NIA,NIA,NIA,NIA,NIA,NIA,NIA,NIA,NIA,NIA,NIA,NIA,NIA,NIA,NIA,NIA,NIA,NIA,FIA
cruiser/distilbert_final_config_dropout,NIA,NIA,NIA,NIA,NIA,NIA,NIA,NIA,NIA,NIA,NIA,NIA,NIA,NIA,NIA,NIA,NIA,NIA,NIA,NIA,NIA,NIA,NIA,NIA,NIA,NIA,NIA,NIA,NIA,NIA,NIA,NIA,NIA,NIA,NIA,NIA,NIA,NIA,NIA
BeChi87/train_model_Lastestttt,NIA,NIA,NIA,NIA,NIA,NIA,NIA,NIA,NIA,NIA,NIA,NIA,NIA,NIA,NIA,NIA,NIA,NIA,NIA,NIA,NIA,NIA,NIA,NIA,NIA,NIA,NIA,NIA,NIA,NIA,NIA,NIA,NIA,NIA,NIA,NIA,NIA,NIA,NIA
yanezh/twiiter_try5_fold0,NIA,NIA,NIA,NIA,NIA,NIA,NIA,NIA,NIA,NIA,NIA,NIA,NIA,NIA,NIA,NIA,NIA,NIA,NIA,NIA,NIA,NIA,NIA,NIA,NIA,NIA,NIA,NIA,NIA,NIA,NIA,NIA,NIA,NIA,NIA,NIA,NIA,NIA,NIA
philschmid/finbert-tone-endpoint-ds,NIA,NIA,NIA,U,NIA,NIA,NIA,NIA,U,NIA,U,U,NIA,NIA,NIA,NIA,NIA,NIA,NIA,NIA,NIA,NIA,NIA,NIA,NIA,NIA,NIA,NIA,NIA,NIA,NIA,NIA,NIA,NIA,NIA,NIA,NIA,NIA,U
intanm/baseline_fin_sa_60,NIA,NIA,NIA,NIA,NIA,NIA,NIA,NIA,NIA,NIA,NIA,NIA,NIA,NIA,NIA,NIA,NIA,NIA,NIA,NIA,NIA,NIA,NIA,NIA,NIA,NIA,NIA,NIA,NIA,NIA,NIA,NIA,NIA,NIA,NIA,NIA,NIA,NIA,NIA
ymcnabb/dutch_threeway_sentiment_classification_v2,NIA,NIA,NIA,NIA,NIA,NIA,FIA,NIA,NIA,NIA,NIA,NIA,NIA,NIA,U,NIA,NIA,NIA,NIA,NIA,NIA,NIA,NIA,U,U,NIA,NIA,NIA,NIA,NIA,NIA,NIA,NIA,NIA,NIA,NIA,NIA,NIA,NIA
Bennet1996/finetuning-ESG-sentiment-model-distilbert,NIA,NIA,NIA,NIA,NIA,NIA,NIA,NIA,NIA,NIA,NIA,NIA,NIA,NIA,NIA,NIA,NIA,NIA,NIA,NIA,NIA,NIA,NIA,NIA,NIA,NIA,NIA,NIA,NIA,NIA,NIA,NIA,NIA,NIA,NIA,NIA,NIA,NIA,NIA
cardiffnlp/mbert-base-tweet-sentiment-fr,NIA,NIA,NIA,NIA,U,NIA,FIA,NIA,NIA,NIA,NIA,U,NIA,NIA,NIA,NIA,NIA,NIA,FIA,U,NIA,NIA,NIA,NIA,NIA,NIA,NIA,NIA,NIA,NIA,NIA,NIA,NIA,NIA,NIA,NIA,NIA,NIA,NIA
cardiffnlp/mbert-base-tweet-sentiment-pt,NIA,NIA,NIA,NIA,NIA,NIA,FIA,NIA,NIA,NIA,NIA,U,NIA,NIA,NIA,NIA,NIA,NIA,FIA,U,NIA,NIA,NIA,NIA,NIA,NIA,NIA,NIA,NIA,NIA,NIA,NIA,NIA,NIA,NIA,NIA,NIA,NIA,NIA
ecabott/nepali-sentiment-analyzer,NIA,NIA,NIA,NIA,NIA,NIA,NIA,NIA,NIA,NIA,NIA,NIA,NIA,NIA,NIA,NIA,NIA,NIA,NIA,NIA,NIA,NIA,NIA,NIA,NIA,NIA,NIA,NIA,NIA,NIA,NIA,NIA,NIA,NIA,NIA,NIA,NIA,NIA,NIA
aXhyra/presentation_sentiment_1234567,NIA,NIA,NIA,NIA,NIA,NIA,FIA,NIA,NIA,NIA,NIA,NIA,NIA,NIA,U,NIA,NIA,NIA,U,U,NIA,NIA,NIA,U,U,NIA,NIA,NIA,NIA,NIA,NIA,NIA,NIA,NIA,NIA,NIA,NIA,NIA,NIA
Pendo/finetuned-Sentiment-classfication-ROBERTA-Base-model,NIA,NIA,NIA,NIA,NIA,NIA,FIA,NIA,NIA,NIA,NIA,NIA,NIA,NIA,FIA,NIA,NIA,NIA,U,U,NIA,NIA,NIA,U,U,NIA,NIA,NIA,NIA,NIA,NIA,NIA,NIA,NIA,NIA,NIA,NIA,NIA,NIA
Christiansg/finetuning-sentiment_spanish-amazon-group23,NIA,NIA,NIA,NIA,NIA,NIA,FIA,NIA,NIA,NIA,NIA,NIA,NIA,NIA,U,NIA,NIA,NIA,U,U,NIA,NIA,NIA,U,U,NIA,NIA,NIA,NIA,NIA,NIA,NIA,NIA,NIA,NIA,NIA,NIA,NIA,NIA
bardsai/finance-sentiment-es-base,NIA,NIA,NIA,NIA,NIA,NIA,U,NIA,NIA,NIA,U,NIA,NIA,NIA,NIA,NIA,NIA,NIA,U,U,NIA,NIA,NIA,NIA,NIA,NIA,NIA,NIA,NIA,NIA,NIA,NIA,NIA,NIA,NIA,NIA,NIA,NIA,U
sismetanin/rubert_conversational-ru-sentiment-sentirueval2016,NIA,NIA,NIA,NIA,NIA,NIA,NIA,NIA,NIA,NIA,NIA,NIA,NIA,NIA,NIA,NIA,NIA,NIA,NIA,NIA,NIA,NIA,NIA,NIA,NIA,NIA,NIA,NIA,NIA,NIA,NIA,NIA,NIA,NIA,NIA,NIA,NIA,NIA,NIA
cardiffnlp/mbert-base-tweet-sentiment-ar,NIA,NIA,NIA,NIA,NIA,NIA,FIA,NIA,NIA,NIA,NIA,U,NIA,NIA,NIA,NIA,NIA,NIA,FIA,U,NIA,NIA,NIA,NIA,NIA,NIA,NIA,NIA,NIA,NIA,NIA,NIA,NIA,NIA,NIA,NIA,NIA,NIA,NIA
l3cube-pune/marathi-sentiment-subtitles,NIA,NIA,NIA,NIA,NIA,NIA,NIA,NIA,NIA,NIA,NIA,U,NIA,NIA,NIA,NIA,NIA,NIA,NIA,NIA,NIA,NIA,NIA,NIA,NIA,NIA,NIA,NIA,U,NIA,NIA,NIA,NIA,NIA,NIA,NIA,NIA,NIA,NIA
hw2942/bert-base-chinese-finetuning-financial-news-sentiment-test1,NIA,NIA,NIA,NIA,NIA,NIA,FIA,NIA,NIA,NIA,NIA,NIA,NIA,NIA,U,NIA,NIA,NIA,U,U,NIA,NIA,NIA,U,U,NIA,NIA,NIA,NIA,NIA,NIA,NIA,NIA,NIA,NIA,NIA,NIA,NIA,NIA
Ausbel/Vaccine-tweet-sentiments-analysis-model-2,NIA,NIA,NIA,NIA,NIA,NIA,FIA,NIA,NIA,NIA,NIA,NIA,NIA,NIA,U,NIA,NIA,NIA,U,U,NIA,NIA,NIA,U,U,NIA,NIA,NIA,NIA,NIA,NIA,NIA,NIA,NIA,NIA,NIA,NIA,NIA,NIA
nlp-chula/sentiment-finnlp-th,NIA,NIA,NIA,NIA,NIA,NIA,FIA,NIA,NIA,NIA,NIA,NIA,NIA,NIA,U,NIA,NIA,NIA,U,U,NIA,NIA,NIA,U,U,NIA,NIA,NIA,NIA,NIA,NIA,NIA,NIA,NIA,NIA,NIA,NIA,NIA,NIA
Psunrise/finetuning-customer-sentiment-model-300-samples,NIA,NIA,NIA,NIA,NIA,NIA,FIA,NIA,NIA,NIA,NIA,NIA,NIA,NIA,U,NIA,NIA,NIA,U,U,NIA,NIA,NIA,U,U,NIA,NIA,NIA,NIA,NIA,NIA,NIA,NIA,NIA,NIA,NIA,NIA,NIA,NIA
lucaordronneau/twitter-roberta-base-sentiment-latest-finetuned-FG-SINGLE_SENTENCE-NEWS,NIA,NIA,NIA,NIA,NIA,NIA,FIA,NIA,NIA,NIA,NIA,NIA,NIA,NIA,U,NIA,NIA,NIA,U,FIA,NIA,NIA,NIA,U,U,NIA,NIA,NIA,NIA,NIA,NIA,NIA,NIA,NIA,NIA,NIA,NIA,NIA,NIA
hazrulakmal/distilbert-optimised-finetuned-financial-sentiment,NIA,NIA,NIA,NIA,NIA,NIA,FIA,NIA,NIA,NIA,NIA,NIA,NIA,NIA,U,NIA,NIA,NIA,U,FIA,NIA,NIA,NIA,U,U,NIA,NIA,NIA,NIA,NIA,NIA,NIA,NIA,NIA,NIA,NIA,NIA,NIA,NIA
sakasa007/finetuning-sentiment-text-mining,NIA,NIA,NIA,NIA,NIA,NIA,NIA,NIA,NIA,NIA,NIA,NIA,NIA,NIA,U,NIA,NIA,NIA,U,FIA,NIA,NIA,NIA,U,U,NIA,NIA,NIA,NIA,NIA,NIA,NIA,NIA,U,NIA,NIA,NIA,NIA,NIA
sshs/phobert-base-vietnamese-sentiment,NIA,NIA,NIA,NIA,NIA,NIA,NIA,NIA,NIA,NIA,NIA,NIA,NIA,NIA,NIA,NIA,NIA,NIA,NIA,NIA,NIA,NIA,NIA,NIA,NIA,NIA,NIA,NIA,NIA,NIA,NIA,NIA,NIA,NIA,NIA,NIA,NIA,NIA,NIA
jcy204/wind_model2,NIA,NIA,NIA,NIA,NIA,NIA,FIA,NIA,NIA,NIA,NIA,NIA,NIA,NIA,FIA,NIA,NIA,NIA,PIA,U,NIA,NIA,NIA,U,U,NIA,NIA,NIA,NIA,NIA,NIA,NIA,NIA,NIA,NIA,NIA,NIA,NIA,NIA
tanoManzo/distilbert-attitude,NIA,NIA,NIA,NIA,NIA,NIA,NIA,NIA,NIA,NIA,NIA,NIA,NIA,NIA,NIA,NIA,NIA,NIA,NIA,NIA,NIA,NIA,NIA,NIA,NIA,NIA,NIA,NIA,NIA,NIA,NIA,NIA,NIA,NIA,NIA,NIA,NIA,NIA,NIA
memotirre90/Equipo16_gpt2-HotelSentiment,NIA,NIA,NIA,NIA,NIA,NIA,FIA,NIA,NIA,NIA,NIA,NIA,NIA,NIA,U,NIA,NIA,NIA,NIA,U,NIA,NIA,NIA,NIA,NIA,NIA,NIA,NIA,NIA,NIA,NIA,NIA,NIA,NIA,NIA,NIA,NIA,NIA,NIA
sasha/autotrain-RobertaBaseTweetEval-1281048989,NIA,NIA,NIA,NIA,NIA,NIA,NIA,NIA,NIA,NIA,NIA,NIA,NIA,NIA,NIA,NIA,NIA,NIA,FIA,NIA,NIA,NIA,U,NIA,NIA,NIA,NIA,NIA,NIA,NIA,NIA,NIA,NIA,NIA,NIA,NIA,NIA,NIA,FIA
AlonCohen/RuSentNE-iter-2,NIA,NIA,NIA,NIA,NIA,NIA,NIA,NIA,NIA,NIA,NIA,NIA,NIA,NIA,NIA,NIA,NIA,NIA,NIA,NIA,NIA,NIA,NIA,NIA,NIA,NIA,NIA,NIA,NIA,NIA,NIA,NIA,NIA,NIA,NIA,NIA,NIA,NIA,NIA
yanezh/twiiter_try11_fold2,NIA,NIA,NIA,NIA,NIA,NIA,NIA,NIA,NIA,NIA,NIA,NIA,NIA,NIA,NIA,NIA,NIA,NIA,NIA,NIA,NIA,NIA,NIA,NIA,NIA,NIA,NIA,NIA,NIA,NIA,NIA,NIA,NIA,NIA,NIA,NIA,NIA,NIA,NIA
eduardopds/distilbert-base-uncased-tweets,NIA,NIA,NIA,NIA,NIA,NIA,FIA,NIA,NIA,NIA,NIA,NIA,NIA,NIA,FIA,NIA,NIA,NIA,NIA,U,NIA,NIA,NIA,U,U,NIA,NIA,NIA,NIA,NIA,NIA,NIA,NIA,NIA,NIA,NIA,NIA,NIA,NIA
dshin/my_awesome_model,NIA,NIA,NIA,NIA,NIA,NIA,FIA,NIA,NIA,NIA,NIA,NIA,NIA,NIA,U,NIA,NIA,NIA,U,FIA,NIA,NIA,NIA,U,U,NIA,NIA,NIA,NIA,NIA,NIA,NIA,NIA,NIA,NIA,NIA,NIA,NIA,NIA
intanm/mlm_v1_20230327_fin_sa_60,NIA,NIA,NIA,NIA,NIA,NIA,FIA,NIA,NIA,NIA,NIA,NIA,NIA,NIA,U,NIA,NIA,NIA,U,U,NIA,NIA,NIA,U,U,NIA,NIA,NIA,NIA,NIA,NIA,NIA,NIA,NIA,NIA,NIA,NIA,NIA,NIA
salohnana2018/ABSA-Pair-domainAdapt-Camel-MSA-HARD-ImbalancedHandling-absoluteWeights-gamma1-fulldata,NIA,NIA,NIA,NIA,NIA,NIA,NIA,NIA,NIA,NIA,NIA,NIA,NIA,NIA,NIA,NIA,NIA,NIA,NIA,NIA,NIA,NIA,NIA,NIA,NIA,NIA,NIA,NIA,NIA,NIA,NIA,NIA,NIA,NIA,NIA,NIA,NIA,NIA,NIA
Q317/EmoraBert,NIA,NIA,NIA,NIA,NIA,NIA,FIA,NIA,NIA,NIA,NIA,NIA,NIA,NIA,FIA,NIA,NIA,NIA,NIA,U,NIA,NIA,NIA,U,U,NIA,NIA,NIA,NIA,NIA,NIA,NIA,NIA,NIA,NIA,NIA,NIA,NIA,NIA
intanm/mlm_v1_20230327_fin_sa_20,NIA,NIA,NIA,NIA,NIA,NIA,NIA,NIA,NIA,NIA,NIA,NIA,NIA,NIA,NIA,NIA,NIA,NIA,NIA,NIA,NIA,NIA,NIA,NIA,NIA,NIA,NIA,NIA,NIA,NIA,NIA,NIA,NIA,NIA,NIA,NIA,NIA,NIA,NIA
yanezh/twiiter_try15_fold2,NIA,NIA,NIA,NIA,NIA,NIA,FIA,NIA,NIA,NIA,NIA,U,NIA,NIA,U,NIA,NIA,NIA,PIA,U,NIA,NIA,NIA,U,U,NIA,NIA,NIA,NIA,NIA,NIA,NIA,NIA,NIA,NIA,NIA,NIA,NIA,NIA
BeChi87/train_model_Lastest_new,NIA,NIA,NIA,NIA,NIA,NIA,NIA,NIA,NIA,NIA,NIA,NIA,NIA,NIA,NIA,NIA,NIA,NIA,NIA,NIA,NIA,NIA,NIA,NIA,NIA,NIA,NIA,NIA,NIA,NIA,NIA,NIA,NIA,NIA,NIA,NIA,NIA,NIA,NIA
Q317/EmoraBert4,NIA,NIA,NIA,NIA,NIA,NIA,FIA,NIA,NIA,NIA,NIA,NIA,NIA,NIA,FIA,NIA,NIA,NIA,NIA,U,NIA,NIA,NIA,U,U,NIA,NIA,NIA,NIA,NIA,NIA,NIA,NIA,NIA,NIA,NIA,NIA,NIA,NIA
yanezh/twiiter_try13_fold4,NIA,NIA,NIA,NIA,NIA,NIA,NIA,NIA,NIA,NIA,NIA,NIA,NIA,NIA,NIA,NIA,NIA,NIA,NIA,NIA,NIA,NIA,NIA,NIA,NIA,NIA,NIA,NIA,NIA,NIA,NIA,NIA,NIA,NIA,NIA,NIA,NIA,NIA,NIA
intanm/mlm_v1_20230327_fin_sa_70,NIA,NIA,NIA,NIA,NIA,NIA,FIA,NIA,NIA,NIA,NIA,NIA,NIA,NIA,FIA,NIA,NIA,NIA,U,FIA,NIA,NIA,NIA,U,U,NIA,NIA,NIA,NIA,NIA,NIA,NIA,NIA,NIA,NIA,NIA,NIA,NIA,NIA
Rem59/autotrain-Test_2-789524315,NIA,NIA,NIA,NIA,NIA,NIA,NIA,NIA,NIA,NIA,NIA,NIA,NIA,NIA,NIA,NIA,NIA,NIA,FIA,NIA,NIA,NIA,U,NIA,NIA,NIA,NIA,NIA,NIA,NIA,NIA,NIA,NIA,NIA,NIA,NIA,NIA,NIA,FIA
sasha/autotrain-DistilBERT-TweetEval-1281148992,NIA,NIA,NIA,NIA,NIA,NIA,NIA,NIA,NIA,NIA,NIA,NIA,NIA,NIA,NIA,NIA,NIA,NIA,FIA,NIA,NIA,NIA,U,NIA,NIA,NIA,NIA,NIA,NIA,NIA,NIA,NIA,NIA,NIA,NIA,NIA,NIA,NIA,FIA
intanm/fin-sa-post-trained-indobert-large-finnews-p2-002,NIA,NIA,NIA,NIA,NIA,NIA,NIA,NIA,NIA,NIA,NIA,NIA,NIA,NIA,NIA,NIA,NIA,NIA,NIA,NIA,NIA,NIA,NIA,NIA,NIA,NIA,NIA,NIA,NIA,NIA,NIA,NIA,NIA,NIA,NIA,NIA,NIA,NIA,NIA
jcy204/cold_model,NIA,NIA,NIA,NIA,NIA,NIA,FIA,NIA,NIA,NIA,NIA,NIA,NIA,NIA,FIA,NIA,NIA,NIA,NIA,U,NIA,NIA,NIA,U,U,NIA,NIA,NIA,NIA,NIA,NIA,NIA,NIA,NIA,NIA,NIA,NIA,NIA,NIA
salohnana2018/ABSA-Pair-domainAdapt-Camel-MSA-HARD-ImbalancedHandling-absoluteWeights-gamma1-run1,NIA,NIA,NIA,NIA,NIA,NIA,NIA,NIA,NIA,NIA,NIA,NIA,NIA,NIA,NIA,NIA,NIA,NIA,NIA,NIA,NIA,NIA,NIA,NIA,NIA,NIA,NIA,NIA,NIA,NIA,NIA,NIA,NIA,NIA,NIA,NIA,NIA,NIA,NIA
W4nkel/microsoftTurkishTrain,NIA,NIA,NIA,NIA,NIA,NIA,FIA,NIA,NIA,NIA,NIA,NIA,NIA,NIA,FIA,NIA,NIA,NIA,NIA,U,NIA,NIA,NIA,U,U,NIA,NIA,NIA,NIA,NIA,NIA,NIA,NIA,NIA,NIA,NIA,NIA,NIA,NIA
Svetlana0303/Classfication_AlBERT,NIA,NIA,NIA,NIA,NIA,NIA,FIA,NIA,NIA,NIA,NIA,NIA,NIA,NIA,U,NIA,NIA,NIA,U,FIA,NIA,NIA,NIA,U,U,NIA,NIA,NIA,NIA,NIA,NIA,NIA,NIA,NIA,NIA,NIA,NIA,NIA,NIA
yanezh/twiiter_try13_fold2,NIA,NIA,NIA,NIA,NIA,NIA,NIA,NIA,NIA,NIA,NIA,NIA,NIA,NIA,NIA,NIA,NIA,NIA,NIA,NIA,NIA,NIA,NIA,NIA,NIA,NIA,NIA,NIA,NIA,NIA,NIA,NIA,NIA,NIA,NIA,NIA,NIA,NIA,NIA
fassahat/distilbert-base-uncased-finetuned-557k-patent-sentences,NIA,NIA,NIA,NIA,NIA,NIA,NIA,NIA,NIA,NIA,NIA,NIA,NIA,NIA,NIA,NIA,NIA,NIA,NIA,NIA,NIA,NIA,NIA,NIA,NIA,NIA,NIA,NIA,NIA,NIA,NIA,NIA,NIA,NIA,NIA,NIA,NIA,NIA,NIA
salohnana2018/ABSA-Pair-domainAdapt-CAMEL-MSA-HARD-ImbalancedHandling-norm_inv_const5-gamma3,NIA,NIA,NIA,NIA,NIA,NIA,NIA,NIA,NIA,NIA,NIA,NIA,NIA,NIA,NIA,NIA,NIA,NIA,NIA,NIA,NIA,NIA,NIA,NIA,NIA,NIA,NIA,NIA,NIA,NIA,NIA,NIA,NIA,NIA,NIA,NIA,NIA,NIA,NIA
salohnana2018/ABSA-single-domainAdapt-bert-base-MARBERT2-HARD,NIA,NIA,NIA,NIA,NIA,NIA,NIA,NIA,NIA,NIA,NIA,NIA,NIA,NIA,NIA,NIA,NIA,NIA,NIA,NIA,NIA,NIA,NIA,NIA,NIA,NIA,NIA,NIA,NIA,NIA,NIA,NIA,NIA,NIA,NIA,NIA,NIA,NIA,NIA
cruiser/final_model,NIA,NIA,NIA,NIA,NIA,NIA,FIA,NIA,NIA,NIA,NIA,NIA,NIA,NIA,FIA,NIA,NIA,NIA,NIA,U,NIA,NIA,NIA,U,U,NIA,NIA,NIA,NIA,NIA,NIA,NIA,NIA,NIA,NIA,NIA,NIA,NIA,NIA
Svetlana0303/Classfication_RoBERTa,NIA,NIA,NIA,NIA,NIA,NIA,FIA,NIA,NIA,NIA,NIA,NIA,NIA,NIA,FIA,NIA,NIA,NIA,U,FIA,NIA,NIA,NIA,U,U,NIA,NIA,NIA,NIA,NIA,NIA,NIA,NIA,NIA,NIA,NIA,NIA,NIA,NIA
kreynolds03/Solomon,NIA,NIA,NIA,NIA,NIA,NIA,NIA,NIA,NIA,NIA,NIA,NIA,NIA,NIA,NIA,NIA,NIA,NIA,NIA,NIA,NIA,NIA,NIA,NIA,NIA,NIA,NIA,NIA,NIA,NIA,NIA,NIA,NIA,NIA,NIA,NIA,NIA,NIA,NIA
KarelDO/lstm.CEBaB_confounding.uniform.absa.5-class.seed_42,NIA,NIA,NIA,NIA,NIA,NIA,FIA,NIA,NIA,NIA,NIA,NIA,NIA,NIA,U,NIA,NIA,NIA,U,FIA,NIA,NIA,NIA,U,U,NIA,NIA,NIA,NIA,NIA,NIA,NIA,NIA,NIA,NIA,NIA,NIA,NIA,NIA
BeChi87/train_model_Lastest_16_8_lan3,NIA,NIA,NIA,NIA,NIA,NIA,NIA,NIA,NIA,NIA,NIA,NIA,NIA,NIA,NIA,NIA,NIA,NIA,NIA,NIA,NIA,NIA,NIA,NIA,NIA,NIA,NIA,NIA,NIA,NIA,NIA,NIA,NIA,NIA,NIA,NIA,NIA,NIA,NIA
madmancity/bert2,NIA,NIA,NIA,NIA,NIA,NIA,NIA,NIA,NIA,NIA,NIA,NIA,NIA,NIA,NIA,NIA,NIA,NIA,FIA,NIA,NIA,NIA,U,NIA,NIA,NIA,NIA,NIA,NIA,NIA,NIA,NIA,NIA,NIA,NIA,NIA,NIA,NIA,FIA
sasha/autotrain-RobertaBaseTweetEval-1281048986,NIA,NIA,NIA,NIA,NIA,NIA,NIA,NIA,NIA,NIA,NIA,NIA,NIA,NIA,NIA,NIA,NIA,NIA,FIA,NIA,NIA,NIA,U,NIA,NIA,NIA,NIA,NIA,NIA,NIA,NIA,NIA,NIA,NIA,NIA,NIA,NIA,NIA,FIA
yanezh/twiiter_try13_fold3,NIA,NIA,NIA,NIA,NIA,NIA,NIA,NIA,NIA,NIA,NIA,NIA,NIA,NIA,NIA,NIA,NIA,NIA,NIA,NIA,NIA,NIA,NIA,NIA,NIA,NIA,NIA,NIA,NIA,NIA,NIA,NIA,NIA,NIA,NIA,NIA,NIA,NIA,NIA
Anwaarma/autotrain-testsen-65460136124,NIA,NIA,NIA,NIA,NIA,NIA,NIA,NIA,NIA,NIA,NIA,NIA,NIA,NIA,NIA,NIA,NIA,NIA,NIA,NIA,NIA,NIA,NIA,NIA,NIA,NIA,NIA,NIA,NIA,NIA,NIA,NIA,NIA,NIA,NIA,NIA,NIA,NIA,U
