Model Name,Developed by,Funded by [optional],Shared by [optional],Model type,Language(s) (NLP),License,Finetuned from model [optional],Repository,Paper [optional],Demo [optional],Label Information,Training Data,Training Procedure,Preprocessing [optional],Training Hyperparameters,"Speeds, Sizes, Times [optional]",Testing Data,Factors,Metrics,Results,Summary,Direct Use,Downstream Use [optional],Out-of-Scope Use,"Bias, Risks, and Limitations",Recommendations,How to Get Started with the Model,Model Examination [optional],Environmental Impact,Technical Specifications [optional],Model Architecture and Objective,Compute Infrastructure,Hardware,Software,Citation [optional],Glossary [optional],More Information [optional],Model Card Authors [optional],Model Card Contact
ProsusAI/finbert,FIA,U,FIA,FIA,U,NIA,FIA,NIA,FIA,NIA,FIA,FIA,PIA,PIA,PIA,U,U,PIA,PIA,PIA,PIA,FIA,PIA,NIA,NIA,PIA,FIA,PIA,NIA,PIA,U,PIA,NIA,NIA,FIA,NIA,NIA,NIA,NIA
yiyanghkust/finbert-tone,PIA,PIA,PIA,FIA,FIA,NIA,FIA,FIA,U,NIA,FIA,FIA,PIA,PIA,PIA,NIA,PIA,PIA,PIA,PIA,PIA,U,PIA,NIA,PIA,PIA,FIA,NIA,NIA,PIA,U,NIA,NIA,NIA,FIA,NIA,NIA,NIA,NIA
cardiffnlp/twitter-roberta-base-sentiment-latest,PIA,PIA,PIA,FIA,FIA,NIA,FIA,FIA,FIA,FIA,FIA,PIA,PIA,NIA,PIA,NIA,PIA,PIA,PIA,PIA,PIA,U,PIA,NIA,NIA,NIA,FIA,PIA,NIA,PIA,PIA,NIA,NIA,NIA,FIA,NIA,U,NIA,NIA
cardiffnlp/twitter-xlm-roberta-base-sentiment,PIA,PIA,PIA,FIA,FIA,NIA,FIA,FIA,FIA,NIA,PIA,FIA,PIA,PIA,PIA,NIA,PIA,PIA,PIA,PIA,PIA,U,PIA,NIA,NIA,NIA,FIA,NIA,NIA,PIA,PIA,NIA,NIA,NIA,FIA,NIA,NIA,NIA,NIA
cardiffnlp/twitter-roberta-base-sentiment,PIA,PIA,PIA,FIA,FIA,NIA,FIA,FIA,FIA,FIA,FIA,FIA,NIA,NIA,NIA,NIA,NIA,NIA,NIA,NIA,NIA,NIA,NIA,NIA,NIA,NIA,FIA,NIA,NIA,NIA,NIA,NIA,NIA,NIA,NIA,NIA,NIA,NIA,NIA
blanchefort/rubert-base-cased-sentiment,NIA,NIA,NIA,FIA,FIA,NIA,FIA,NIA,NIA,NIA,FIA,FIA,PIA,PIA,NIA,NIA,U,NIA,PIA,PIA,NIA,U,NIA,NIA,NIA,NIA,U,NIA,NIA,NIA,NIA,NIA,NIA,NIA,FIA,NIA,NIA,NIA,NIA
finiteautomata/beto-sentiment-analysis,NIA,NIA,U,FIA,FIA,FIA,FIA,FIA,NIA,NIA,FIA,FIA,NIA,NIA,FIA,NIA,NIA,NIA,FIA,FIA,NIA,NIA,NIA,NIA,NIA,NIA,NIA,NIA,NIA,NIA,NIA,NIA,NIA,NIA,NIA,NIA,NIA,NIA,NIA
mrm8488/distilroberta-finetuned-financial-news-sentiment-analysis,NIA,NIA,NIA,FIA,NIA,FIA,FIA,NIA,NIA,NIA,U,FIA,NIA,NIA,NIA,NIA,FIA,NIA,FIA,FIA,NIA,FIA,PIA,NIA,NIA,NIA,FIA,NIA,NIA,NIA,NIA,NIA,NIA,NIA,FIA,NIA,NIA,NIA,NIA
HooshvareLab/bert-fa-base-uncased-sentiment-digikala,PIA,NIA,U,FIA,FIA,PIA,FIA,FIA,NIA,NIA,FIA,FIA,PIA,PIA,FIA,PIA,FIA,NIA,FIA,FIA,PIA,FIA,PIA,NIA,NIA,NIA,FIA,NIA,NIA,PIA,PIA,PIA,NIA,NIA,NIA,NIA,NIA,FIA,NIA
ahmedrachid/FinancialBERT-Sentiment-Analysis,FIA,NIA,FIA,FIA,U,NIA,FIA,NIA,FIA,NIA,FIA,NIA,NIA,NIA,NIA,NIA,NIA,NIA,NIA,NIA,NIA,NIA,NIA,NIA,NIA,NIA,NIA,NIA,NIA,NIA,NIA,NIA,NIA,NIA,NIA,NIA,NIA,NIA,NIA
koheiduck/bert-japanese-finetuned-sentiment,NIA,NIA,NIA,NIA,NIA,NIA,NIA,NIA,NIA,NIA,U,FIA,PIA,PIA,NIA,NIA,U,NIA,PIA,PIA,NIA,U,PIA,NIA,NIA,NIA,U,NIA,NIA,NIA,NIA,NIA,NIA,NIA,FIA,NIA,NIA,NIA,NIA
finiteautomata/bertweet-base-sentiment-analysis,NIA,NIA,U,FIA,FIA,FIA,FIA,FIA,FIA,NIA,FIA,FIA,PIA,PIA,PIA,U,PIA,NIA,FIA,FIA,PIA,FIA,NIA,NIA,NIA,PIA,FIA,NIA,NIA,PIA,PIA,PIA,NIA,NIA,FIA,NIA,NIA,NIA,U
oliverguhr/german-sentiment-bert,PIA,PIA,PIA,FIA,FIA,FIA,FIA,FIA,FIA,NIA,PIA,FIA,NIA,NIA,FIA,NIA,FIA,NIA,FIA,FIA,NIA,FIA,NIA,NIA,NIA,NIA,NIA,NIA,NIA,PIA,NIA,NIA,NIA,NIA,NIA,NIA,NIA,NIA,NIA
christian-phu/bert-finetuned-japanese-sentiment,NIA,NIA,NIA,FIA,FIA,FIA,FIA,NIA,NIA,NIA,FIA,FIA,NIA,NIA,NIA,FIA,NIA,NIA,NIA,NIA,NIA,NIA,NIA,NIA,NIA,NIA,FIA,NIA,NIA,NIA,NIA,NIA,NIA,NIA,NIA,NIA,NIA,NIA,NIA
blanchefort/rubert-base-cased-sentiment-rusentiment,NIA,NIA,NIA,FIA,FIA,NIA,FIA,NIA,NIA,NIA,FIA,FIA,NIA,NIA,NIA,NIA,FIA,NIA,NIA,NIA,NIA,FIA,NIA,NIA,U,NIA,FIA,NIA,NIA,NIA,NIA,NIA,NIA,NIA,FIA,NIA,NIA,NIA,NIA
climatebert/distilroberta-base-climate-sentiment,NIA,NIA,NIA,FIA,FIA,FIA,FIA,NIA,NIA,NIA,FIA,NIA,NIA,NIA,NIA,NIA,NIA,NIA,NIA,NIA,NIA,FIA,FIA,NIA,NIA,NIA,NIA,NIA,NIA,NIA,NIA,NIA,NIA,NIA,NIA,NIA,NIA,NIA,NIA
Seethal/sentiment_analysis_generic_dataset,NIA,NIA,NIA,FIA,FIA,NIA,FIA,NIA,NIA,NIA,NIA,PIA,PIA,PIA,PIA,PIA,PIA,PIA,PIA,PIA,PIA,FIA,FIA,NIA,NIA,PIA,U,NIA,NIA,PIA,PIA,PIA,NIA,NIA,NIA,NIA,NIA,NIA,NIA
sbcBI/sentiment_analysis_model,PIA,PIA,PIA,FIA,FIA,FIA,FIA,FIA,FIA,NIA,NIA,FIA,FIA,NIA,FIA,NIA,NIA,NIA,NIA,NIA,NIA,FIA,NIA,NIA,NIA,NIA,FIA,NIA,NIA,NIA,NIA,NIA,NIA,NIA,NIA,NIA,U,NIA,NIA
lxyuan/distilbert-base-multilingual-cased-sentiments-student,PIA,NIA,U,FIA,FIA,FIA,FIA,NIA,NIA,NIA,U,FIA,FIA,NIA,FIA,FIA,U,NIA,FIA,FIA,NIA,FIA,FIA,NIA,NIA,NIA,NIA,NIA,NIA,PIA,NIA,U,U,NIA,FIA,NIA,NIA,NIA,NIA
snunlp/KR-FinBert-SC,NIA,NIA,NIA,FIA,FIA,NIA,FIA,NIA,NIA,NIA,U,FIA,NIA,NIA,NIA,NIA,NIA,NIA,NIA,NIA,NIA,FIA,NIA,NIA,NIA,NIA,FIA,NIA,NIA,NIA,NIA,NIA,NIA,NIA,NIA,NIA,NIA,NIA,FIA
soleimanian/financial-roberta-large-sentiment,NIA,NIA,NIA,FIA,FIA,FIA,FIA,NIA,NIA,NIA,FIA,U,NIA,NIA,FIA,NIA,FIA,NIA,FIA,FIA,NIA,NIA,NIA,NIA,NIA,NIA,NIA,NIA,NIA,NIA,NIA,NIA,NIA,NIA,NIA,NIA,NIA,NIA,NIA
RogerKam/roberta_RCADE_fine_tuned_sentiment_covid_news,NIA,NIA,NIA,NIA,NIA,FIA,FIA,NIA,NIA,NIA,NIA,NIA,NIA,NIA,NIA,NIA,NIA,NIA,FIA,FIA,NIA,NIA,NIA,NIA,NIA,NIA,FIA,NIA,FIA,NIA,NIA,NIA,NIA,NIA,NIA,NIA,NIA,NIA,NIA
amansolanki/autonlp-Tweet-Sentiment-Extraction-20114061,NIA,NIA,NIA,NIA,U,NIA,NIA,NIA,NIA,NIA,NIA,FIA,NIA,NIA,NIA,NIA,FIA,NIA,FIA,FIA,NIA,NIA,NIA,NIA,NIA,NIA,FIA,NIA,NIA,NIA,NIA,NIA,NIA,NIA,FIA,NIA,NIA,NIA,NIA
cardiffnlp/twitter-xlm-roberta-base-sentiment-multilingual,PIA,NIA,NIA,FIA,NIA,NIA,FIA,NIA,NIA,NIA,U,FIA,NIA,NIA,NIA,NIA,NIA,NIA,FIA,FIA,NIA,FIA,NIA,NIA,U,NIA,FIA,NIA,NIA,NIA,NIA,NIA,NIA,NIA,NIA,NIA,NIA,NIA,NIA
RecordedFuture/Swedish-Sentiment-Fear,PIA,PIA,FIA,U,FIA,FIA,FIA,NIA,NIA,NIA,NIA,NIA,NIA,NIA,NIA,NIA,NIA,NIA,NIA,NIA,NIA,NIA,NIA,NIA,NIA,NIA,NIA,NIA,NIA,NIA,NIA,NIA,NIA,NIA,NIA,NIA,NIA,NIA,NIA
knkarthick/Sentiment-Analysis,NIA,NIA,NIA,NIA,NIA,NIA,NIA,NIA,NIA,NIA,U,FIA,NIA,NIA,NIA,NIA,FIA,NIA,FIA,FIA,NIA,NIA,NIA,NIA,NIA,NIA,NIA,NIA,NIA,NIA,NIA,NIA,NIA,NIA,NIA,NIA,NIA,NIA,NIA
cardiffnlp/camembert-base-tweet-sentiment-fr,PIA,NIA,NIA,FIA,FIA,NIA,FIA,NIA,NIA,NIA,U,U,NIA,NIA,FIA,NIA,NIA,NIA,FIA,FIA,NIA,NIA,NIA,NIA,NIA,NIA,NIA,NIA,NIA,NIA,NIA,NIA,NIA,NIA,NIA,NIA,NIA,NIA,NIA
samayash/finetuning-financial-news-sentiment,NIA,NIA,NIA,FIA,NIA,FIA,FIA,NIA,NIA,NIA,NIA,PIA,PIA,PIA,PIA,PIA,PIA,PIA,PIA,PIA,PIA,FIA,FIA,NIA,NIA,PIA,U,NIA,NIA,PIA,PIA,PIA,NIA,NIA,NIA,NIA,NIA,NIA,NIA
sbcBI/sentiment_analysis,PIA,PIA,PIA,FIA,FIA,FIA,FIA,FIA,FIA,NIA,NIA,FIA,NIA,NIA,NIA,NIA,U,NIA,PIA,PIA,PIA,FIA,NIA,NIA,NIA,NIA,FIA,PIA,NIA,PIA,U,NIA,NIA,NIA,FIA,NIA,NIA,NIA,NIA
yangheng/deberta-v3-base-absa-v1.1,PIA,PIA,PIA,FIA,FIA,FIA,FIA,FIA,FIA,NIA,U,FIA,PIA,NIA,PIA,U,FIA,NIA,FIA,FIA,PIA,FIA,NIA,NIA,NIA,NIA,FIA,NIA,NIA,PIA,NIA,NIA,NIA,NIA,NIA,NIA,NIA,NIA,NIA
hakonmh/sentiment-xdistil-uncased,NIA,NIA,U,FIA,FIA,FIA,FIA,FIA,FIA,NIA,FIA,FIA,PIA,FIA,PIA,NIA,U,NIA,FIA,FIA,NIA,FIA,FIA,NIA,NIA,NIA,FIA,NIA,NIA,PIA,U,PIA,NIA,NIA,FIA,NIA,FIA,U,NIA
avichr/heBERT_sentiment_analysis,PIA,PIA,PIA,FIA,FIA,NIA,FIA,FIA,FIA,NIA,PIA,NIA,NIA,NIA,NIA,NIA,NIA,NIA,NIA,NIA,NIA,NIA,NIA,NIA,NIA,NIA,NIA,NIA,NIA,NIA,NIA,NIA,NIA,NIA,NIA,NIA,NIA,NIA,NIA
hw2942/bert-base-chinese-finetuning-financial-news-sentiment-v2,NIA,NIA,NIA,NIA,NIA,NIA,NIA,NIA,NIA,NIA,U,FIA,NIA,NIA,FIA,NIA,NIA,NIA,FIA,FIA,NIA,NIA,NIA,NIA,NIA,NIA,NIA,NIA,NIA,NIA,NIA,NIA,NIA,NIA,NIA,NIA,NIA,NIA,NIA
Sigma/financial-sentiment-analysis,NIA,NIA,NIA,U,NIA,NIA,FIA,NIA,NIA,NIA,NIA,FIA,U,NIA,PIA,NIA,FIA,NIA,FIA,FIA,NIA,FIA,NIA,NIA,NIA,NIA,FIA,NIA,NIA,PIA,FIA,NIA,NIA,NIA,FIA,NIA,NIA,FIA,U
w11wo/indonesian-roberta-base-sentiment-classifier,FIA,NIA,FIA,FIA,FIA,FIA,FIA,NIA,FIA,NIA,U,FIA,PIA,PIA,NIA,NIA,PIA,NIA,FIA,FIA,PIA,U,NIA,NIA,NIA,NIA,FIA,NIA,NIA,NIA,NIA,NIA,NIA,NIA,FIA,NIA,NIA,FIA,FIA
j-hartmann/sentiment-roberta-large-english-3-classes,U,NIA,PIA,FIA,FIA,NIA,FIA,NIA,FIA,NIA,FIA,FIA,PIA,PIA,PIA,PIA,U,PIA,PIA,PIA,PIA,FIA,PIA,NIA,NIA,FIA,FIA,PIA,NIA,PIA,PIA,PIA,NIA,NIA,FIA,NIA,U,PIA,PIA
CAMeL-Lab/bert-base-arabic-camelbert-da-sentiment,PIA,PIA,PIA,FIA,FIA,FIA,FIA,FIA,FIA,NIA,PIA,FIA,NIA,NIA,NIA,NIA,FIA,NIA,FIA,FIA,NIA,NIA,NIA,NIA,NIA,NIA,NIA,NIA,NIA,NIA,NIA,NIA,NIA,NIA,NIA,NIA,NIA,NIA,NIA
fergusq/finbert-finnsentiment,NIA,NIA,U,FIA,FIA,FIA,FIA,NIA,NIA,NIA,U,NIA,NIA,NIA,NIA,NIA,NIA,NIA,NIA,NIA,NIA,NIA,NIA,NIA,NIA,NIA,NIA,NIA,NIA,NIA,NIA,NIA,NIA,NIA,NIA,NIA,NIA,NIA,NIA
abnersampaio/sentiment,NIA,NIA,NIA,NIA,NIA,FIA,NIA,NIA,NIA,NIA,NIA,FIA,FIA,FIA,FIA,NIA,FIA,NIA,FIA,FIA,NIA,FIA,NIA,NIA,FIA,NIA,FIA,NIA,NIA,PIA,U,FIA,FIA,NIA,NIA,NIA,U,NIA,U
neuraly/bert-base-italian-cased-sentiment,PIA,NIA,U,FIA,FIA,FIA,FIA,NIA,NIA,NIA,U,FIA,NIA,NIA,NIA,NIA,NIA,NIA,FIA,FIA,NIA,NIA,NIA,NIA,NIA,NIA,FIA,NIA,NIA,NIA,NIA,NIA,NIA,NIA,NIA,NIA,NIA,NIA,NIA
citizenlab/twitter-xlm-roberta-base-sentiment-finetunned,NIA,NIA,NIA,FIA,U,NIA,FIA,NIA,NIA,NIA,U,FIA,NIA,NIA,NIA,NIA,NIA,NIA,NIA,NIA,NIA,FIA,NIA,FIA,FIA,FIA,FIA,NIA,U,NIA,NIA,NIA,NIA,NIA,NIA,NIA,NIA,FIA,NIA
MonoHime/rubert-base-cased-sentiment-new,FIA,NIA,FIA,FIA,FIA,NIA,FIA,FIA,NIA,NIA,FIA,NIA,NIA,NIA,NIA,NIA,NIA,NIA,NIA,NIA,NIA,NIA,NIA,NIA,NIA,NIA,FIA,NIA,NIA,NIA,NIA,NIA,NIA,NIA,NIA,NIA,NIA,NIA,NIA
mdhugol/indonesia-bert-sentiment-classification,NIA,NIA,NIA,FIA,FIA,NIA,FIA,NIA,NIA,NIA,NIA,NIA,NIA,NIA,NIA,NIA,NIA,NIA,NIA,NIA,NIA,NIA,NIA,NIA,NIA,NIA,NIA,NIA,NIA,NIA,NIA,NIA,NIA,NIA,NIA,NIA,NIA,NIA,NIA
Kyle1668/boss-sentiment-bert-base-uncased,NIA,NIA,NIA,NIA,NIA,NIA,NIA,NIA,NIA,NIA,NIA,NIA,NIA,NIA,FIA,NIA,NIA,NIA,NIA,NIA,NIA,NIA,NIA,NIA,NIA,NIA,NIA,NIA,NIA,NIA,NIA,NIA,NIA,NIA,NIA,NIA,NIA,NIA,NIA
mwz/RomanUrduClassification,NIA,NIA,NIA,NIA,NIA,FIA,FIA,NIA,NIA,NIA,NIA,FIA,NIA,NIA,FIA,NIA,NIA,NIA,FIA,FIA,NIA,NIA,NIA,NIA,NIA,NIA,NIA,NIA,NIA,NIA,NIA,NIA,NIA,NIA,NIA,NIA,NIA,NIA,NIA
philschmid/distilbert-base-multilingual-cased-sentiment-2,NIA,NIA,NIA,FIA,FIA,FIA,FIA,NIA,NIA,NIA,U,NIA,NIA,NIA,NIA,NIA,NIA,NIA,NIA,NIA,NIA,FIA,FIA,NIA,NIA,NIA,FIA,U,NIA,NIA,NIA,NIA,NIA,NIA,NIA,NIA,NIA,FIA,FIA
lucas-leme/FinBERT-PT-BR,FIA,PIA,PIA,FIA,FIA,FIA,FIA,NIA,FIA,NIA,FIA,NIA,NIA,NIA,NIA,NIA,NIA,NIA,NIA,NIA,NIA,NIA,NIA,NIA,NIA,NIA,NIA,NIA,NIA,NIA,NIA,NIA,NIA,NIA,NIA,NIA,NIA,NIA,NIA
peerapongch/baikal-sentiment-ball,NIA,NIA,NIA,NIA,NIA,NIA,NIA,NIA,NIA,NIA,NIA,NIA,NIA,NIA,NIA,NIA,NIA,NIA,FIA,NIA,NIA,NIA,NIA,NIA,NIA,NIA,FIA,NIA,FIA,NIA,NIA,NIA,NIA,NIA,NIA,NIA,NIA,NIA,NIA
abhishek/autonlp-swahili-sentiment-615517563,NIA,NIA,NIA,NIA,U,NIA,NIA,NIA,NIA,NIA,NIA,FIA,PIA,PIA,PIA,NIA,NIA,NIA,FIA,FIA,NIA,FIA,NIA,NIA,NIA,NIA,FIA,NIA,NIA,NIA,NIA,NIA,NIA,NIA,NIA,NIA,NIA,NIA,NIA
cointegrated/rubert-tiny-sentiment-balanced,NIA,NIA,NIA,FIA,FIA,NIA,FIA,NIA,NIA,NIA,FIA,FIA,NIA,NIA,NIA,NIA,NIA,NIA,FIA,FIA,NIA,NIA,NIA,NIA,NIA,NIA,FIA,NIA,NIA,NIA,NIA,NIA,NIA,NIA,NIA,NIA,NIA,NIA,NIA
Jean-Baptiste/roberta-large-financial-news-sentiment-en,NIA,NIA,NIA,FIA,FIA,FIA,FIA,NIA,NIA,NIA,FIA,FIA,NIA,NIA,FIA,NIA,FIA,NIA,FIA,FIA,NIA,FIA,NIA,NIA,NIA,NIA,FIA,NIA,NIA,NIA,NIA,NIA,NIA,NIA,NIA,NIA,NIA,NIA,NIA
seara/rubert-tiny2-russian-sentiment,NIA,NIA,NIA,FIA,FIA,U,FIA,FIA,NIA,NIA,FIA,FIA,NIA,NIA,NIA,NIA,U,NIA,NIA,NIA,NIA,FIA,NIA,NIA,NIA,NIA,FIA,NIA,NIA,NIA,NIA,NIA,NIA,NIA,NIA,NIA,NIA,NIA,NIA
mdraw/german-news-sentiment-bert,NIA,NIA,U,FIA,FIA,NIA,FIA,FIA,NIA,NIA,FIA,FIA,NIA,NIA,NIA,NIA,NIA,NIA,NIA,NIA,NIA,NIA,NIA,NIA,NIA,NIA,NIA,NIA,NIA,NIA,NIA,NIA,NIA,NIA,NIA,NIA,NIA,NIA,NIA
BVK97/Discord-NFT-Sentiment,NIA,NIA,NIA,FIA,FIA,NIA,FIA,FIA,NIA,NIA,FIA,NIA,NIA,NIA,NIA,NIA,NIA,NIA,FIA,FIA,NIA,NIA,NIA,NIA,NIA,NIA,FIA,NIA,FIA,NIA,NIA,NIA,NIA,NIA,NIA,NIA,NIA,NIA,NIA
emre/turkish-sentiment-analysis,NIA,NIA,NIA,NIA,U,NIA,NIA,NIA,NIA,NIA,NIA,FIA,NIA,NIA,PIA,U,NIA,NIA,FIA,NIA,NIA,FIA,NIA,FIA,FIA,FIA,FIA,NIA,U,NIA,NIA,NIA,NIA,NIA,NIA,NIA,NIA,FIA,NIA
alexandrainst/da-sentiment-base,FIA,NIA,FIA,FIA,FIA,FIA,FIA,FIA,U,NIA,FIA,NIA,U,FIA,FIA,NIA,NIA,NIA,FIA,FIA,NIA,FIA,NIA,NIA,NIA,NIA,FIA,NIA,NIA,NIA,NIA,NIA,NIA,NIA,NIA,NIA,NIA,NIA,NIA
eevvgg/StanceBERTa,FIA,NIA,NIA,FIA,FIA,NIA,FIA,NIA,NIA,NIA,FIA,FIA,NIA,NIA,FIA,NIA,NIA,NIA,FIA,FIA,NIA,NIA,NIA,NIA,NIA,NIA,FIA,NIA,NIA,NIA,NIA,NIA,NIA,NIA,NIA,NIA,NIA,NIA,NIA
ayameRushia/roberta-base-indonesian-1.5G-sentiment-analysis-smsa,NIA,NIA,NIA,FIA,FIA,NIA,FIA,NIA,NIA,NIA,U,FIA,NIA,NIA,NIA,NIA,NIA,NIA,NIA,NIA,NIA,NIA,NIA,NIA,NIA,NIA,FIA,NIA,NIA,NIA,NIA,NIA,NIA,NIA,NIA,NIA,NIA,NIA,NIA
Ammar-alhaj-ali/arabic-MARBERT-sentiment,NIA,NIA,NIA,FIA,FIA,NIA,FIA,NIA,NIA,NIA,FIA,FIA,FIA,PIA,PIA,U,PIA,NIA,PIA,PIA,PIA,FIA,PIA,NIA,PIA,PIA,FIA,PIA,NIA,PIA,PIA,PIA,NIA,NIA,FIA,NIA,NIA,NIA,NIA
yangheng/deberta-v3-large-absa-v1.1,PIA,PIA,PIA,FIA,FIA,FIA,FIA,FIA,FIA,NIA,U,U,NIA,NIA,FIA,NIA,NIA,NIA,FIA,FIA,NIA,NIA,NIA,NIA,NIA,NIA,NIA,NIA,NIA,NIA,NIA,NIA,NIA,NIA,NIA,NIA,NIA,NIA,NIA
IAyoub/finetuning-bert-sentiment-reviews-2,NIA,NIA,NIA,FIA,FIA,FIA,FIA,NIA,NIA,NIA,NIA,FIA,NIA,NIA,FIA,NIA,NIA,NIA,FIA,FIA,NIA,NIA,NIA,NIA,NIA,NIA,NIA,NIA,NIA,NIA,NIA,NIA,NIA,NIA,NIA,NIA,NIA,NIA,NIA
ayameRushia/bert-base-indonesian-1.5G-sentiment-analysis-smsa,NIA,NIA,NIA,FIA,FIA,FIA,FIA,NIA,NIA,NIA,U,NIA,NIA,NIA,NIA,NIA,NIA,NIA,NIA,NIA,NIA,FIA,NIA,NIA,NIA,NIA,FIA,NIA,NIA,NIA,NIA,NIA,NIA,NIA,NIA,NIA,NIA,FIA,NIA
turing-usp/FinBertPTBR,FIA,NIA,FIA,FIA,FIA,FIA,FIA,NIA,NIA,NIA,U,PIA,NIA,PIA,NIA,NIA,NIA,NIA,PIA,PIA,PIA,FIA,NIA,NIA,NIA,NIA,FIA,PIA,NIA,NIA,PIA,NIA,NIA,NIA,NIA,NIA,NIA,NIA,NIA
Voicelab/herbert-base-cased-sentiment,U,U,FIA,NIA,FIA,FIA,FIA,NIA,NIA,NIA,U,NIA,NIA,NIA,NIA,NIA,NIA,NIA,NIA,NIA,NIA,NIA,NIA,NIA,NIA,NIA,NIA,NIA,NIA,NIA,NIA,NIA,NIA,NIA,NIA,NIA,NIA,NIA,NIA
Tejas3/distillbert_base_uncased_80_equal,NIA,NIA,NIA,NIA,NIA,NIA,NIA,NIA,NIA,NIA,U,FIA,NIA,PIA,NIA,NIA,PIA,PIA,PIA,PIA,PIA,U,U,NIA,NIA,PIA,U,NIA,NIA,NIA,NIA,NIA,NIA,NIA,FIA,NIA,FIA,NIA,NIA
l3cube-pune/marathi-sentiment-md,PIA,PIA,PIA,FIA,FIA,FIA,FIA,FIA,FIA,NIA,PIA,NIA,NIA,NIA,FIA,NIA,NIA,NIA,NIA,NIA,NIA,NIA,NIA,NIA,NIA,NIA,NIA,NIA,NIA,NIA,NIA,NIA,NIA,NIA,NIA,NIA,NIA,NIA,NIA
shashanksrinath/News_Sentiment_Analysis,NIA,NIA,NIA,NIA,NIA,NIA,FIA,NIA,NIA,NIA,U,FIA,PIA,PIA,PIA,PIA,PIA,PIA,PIA,PIA,PIA,FIA,PIA,NIA,NIA,FIA,FIA,PIA,NIA,PIA,PIA,PIA,NIA,NIA,FIA,NIA,U,PIA,PIA
CAMeL-Lab/bert-base-arabic-camelbert-mix-sentiment,PIA,PIA,PIA,FIA,FIA,FIA,FIA,FIA,FIA,NIA,PIA,U,U,NIA,FIA,NIA,NIA,NIA,FIA,FIA,NIA,NIA,NIA,NIA,FIA,NIA,FIA,NIA,NIA,NIA,NIA,NIA,NIA,NIA,NIA,NIA,NIA,NIA,NIA
Jorgeutd/bert-base-uncased-finetuned-surveyclassification,NIA,NIA,NIA,FIA,FIA,FIA,FIA,NIA,NIA,NIA,U,FIA,NIA,NIA,NIA,NIA,FIA,NIA,FIA,FIA,NIA,NIA,NIA,NIA,NIA,NIA,FIA,NIA,NIA,NIA,NIA,NIA,NIA,NIA,FIA,NIA,NIA,NIA,NIA
cardiffnlp/twitter-roberta-base-dec2021-sentiment,PIA,PIA,U,FIA,NIA,NIA,FIA,NIA,NIA,NIA,U,U,NIA,NIA,NIA,NIA,NIA,NIA,NIA,NIA,NIA,FIA,NIA,NIA,NIA,NIA,FIA,NIA,NIA,NIA,NIA,NIA,NIA,NIA,NIA,NIA,NIA,NIA,NIA
larskjeldgaard/senda,U,U,U,NIA,FIA,FIA,NIA,NIA,NIA,NIA,FIA,NIA,NIA,NIA,NIA,NIA,NIA,NIA,FIA,FIA,NIA,FIA,NIA,NIA,NIA,NIA,FIA,NIA,NIA,NIA,NIA,NIA,NIA,NIA,NIA,NIA,NIA,NIA,NIA
Souvikcmsa/BERT_sentiment_analysis,NIA,NIA,NIA,NIA,FIA,NIA,NIA,NIA,NIA,NIA,NIA,PIA,PIA,NIA,PIA,NIA,PIA,PIA,PIA,PIA,PIA,PIA,PIA,NIA,PIA,PIA,FIA,PIA,NIA,PIA,PIA,NIA,NIA,NIA,NIA,NIA,U,NIA,NIA
cardiffnlp/xlm-twitter-politics-sentiment,PIA,PIA,PIA,FIA,FIA,NIA,FIA,FIA,FIA,NIA,PIA,FIA,NIA,NIA,NIA,NIA,FIA,NIA,FIA,FIA,NIA,NIA,NIA,NIA,NIA,NIA,FIA,NIA,NIA,NIA,NIA,NIA,NIA,NIA,FIA,NIA,NIA,NIA,NIA
rohanrajpal/bert-base-multilingual-codemixed-cased-sentiment,NIA,NIA,NIA,FIA,FIA,FIA,FIA,NIA,NIA,NIA,FIA,PIA,NIA,NIA,FIA,NIA,NIA,NIA,FIA,FIA,NIA,NIA,NIA,NIA,NIA,NIA,NIA,NIA,NIA,NIA,NIA,NIA,NIA,NIA,NIA,NIA,NIA,NIA,NIA
hilmansw/indobert-finetuned-sentiment-happiness-index,NIA,NIA,NIA,FIA,FIA,FIA,FIA,NIA,NIA,NIA,U,FIA,U,NIA,FIA,NIA,NIA,NIA,FIA,FIA,NIA,FIA,NIA,NIA,NIA,NIA,FIA,NIA,FIA,NIA,NIA,NIA,NIA,NIA,NIA,NIA,NIA,NIA,NIA
FinanceInc/auditor_sentiment_finetuned,NIA,NIA,NIA,FIA,U,NIA,FIA,NIA,NIA,NIA,U,NIA,NIA,NIA,NIA,NIA,NIA,NIA,NIA,NIA,NIA,NIA,NIA,NIA,NIA,NIA,NIA,NIA,NIA,NIA,NIA,NIA,NIA,NIA,NIA,NIA,NIA,NIA,NIA
pysentimiento/roberta-targeted-sentiment-analysis,NIA,NIA,NIA,NIA,NIA,NIA,NIA,NIA,NIA,NIA,FIA,U,NIA,NIA,NIA,NIA,NIA,NIA,FIA,FIA,NIA,FIA,NIA,NIA,FIA,NIA,FIA,NIA,NIA,NIA,NIA,NIA,NIA,NIA,NIA,NIA,NIA,NIA,NIA
RecordedFuture/Swedish-Sentiment-Violence,U,PIA,FIA,FIA,FIA,FIA,FIA,NIA,NIA,NIA,NIA,U,NIA,NIA,FIA,NIA,NIA,NIA,FIA,FIA,NIA,NIA,NIA,NIA,NIA,NIA,NIA,NIA,NIA,NIA,NIA,NIA,NIA,NIA,NIA,NIA,NIA,NIA,NIA
poerwiyanto/bert-base-indonesian-522M-finetuned-sentiment,NIA,NIA,NIA,FIA,FIA,FIA,FIA,NIA,NIA,NIA,NIA,NIA,NIA,NIA,NIA,NIA,NIA,NIA,NIA,NIA,NIA,FIA,FIA,NIA,NIA,NIA,FIA,NIA,NIA,PIA,FIA,NIA,NIA,NIA,NIA,NIA,NIA,NIA,NIA
MarieAngeA13/Sentiment-Analysis-BERT,NIA,NIA,NIA,FIA,NIA,FIA,NIA,NIA,NIA,NIA,FIA,U,NIA,NIA,NIA,NIA,NIA,NIA,NIA,NIA,NIA,NIA,NIA,NIA,NIA,NIA,NIA,NIA,NIA,NIA,NIA,NIA,NIA,NIA,NIA,NIA,NIA,NIA,NIA
poom-sci/WangchanBERTa-finetuned-sentiment,NIA,NIA,NIA,NIA,PIA,FIA,NIA,NIA,NIA,NIA,U,PIA,PIA,PIA,NIA,NIA,NIA,NIA,NIA,NIA,NIA,FIA,FIA,NIA,NIA,NIA,U,NIA,NIA,PIA,PIA,NIA,NIA,NIA,NIA,NIA,NIA,NIA,NIA
xaqren/sentiment_analysis,PIA,NIA,U,FIA,FIA,FIA,FIA,NIA,NIA,NIA,NIA,FIA,FIA,U,PIA,U,PIA,NIA,FIA,FIA,PIA,FIA,PIA,NIA,FIA,NIA,FIA,PIA,NIA,PIA,PIA,U,PIA,NIA,FIA,NIA,NIA,NIA,NIA
Davlan/naija-twitter-sentiment-afriberta-large,PIA,PIA,PIA,FIA,FIA,NIA,FIA,NIA,FIA,NIA,FIA,FIA,NIA,NIA,NIA,NIA,NIA,NIA,FIA,FIA,NIA,FIA,NIA,NIA,NIA,NIA,FIA,NIA,NIA,PIA,NIA,NIA,U,NIA,NIA,NIA,NIA,FIA,FIA
bardsai/finance-sentiment-zh-base,FIA,PIA,FIA,FIA,FIA,NIA,FIA,NIA,NIA,NIA,FIA,FIA,NIA,NIA,FIA,NIA,FIA,NIA,FIA,FIA,NIA,FIA,NIA,NIA,NIA,NIA,FIA,NIA,NIA,NIA,NIA,NIA,NIA,NIA,NIA,NIA,NIA,NIA,NIA
seara/rubert-base-cased-russian-sentiment,NIA,NIA,NIA,FIA,FIA,U,FIA,FIA,NIA,NIA,FIA,FIA,NIA,NIA,NIA,NIA,NIA,NIA,NIA,NIA,NIA,NIA,NIA,NIA,NIA,NIA,FIA,NIA,NIA,NIA,NIA,NIA,NIA,NIA,NIA,NIA,NIA,NIA,NIA
blanchefort/rubert-base-cased-sentiment-med,NIA,NIA,NIA,FIA,FIA,NIA,FIA,NIA,NIA,NIA,FIA,FIA,NIA,NIA,NIA,NIA,FIA,NIA,FIA,FIA,NIA,NIA,NIA,NIA,NIA,NIA,FIA,NIA,NIA,NIA,NIA,NIA,NIA,NIA,NIA,NIA,NIA,NIA,NIA
hanifnoerr/Fine-tuned-Indonesian-Sentiment-Classifier,NIA,NIA,NIA,FIA,U,FIA,FIA,NIA,NIA,NIA,U,FIA,NIA,NIA,NIA,NIA,NIA,NIA,NIA,NIA,NIA,NIA,NIA,NIA,NIA,NIA,FIA,NIA,NIA,NIA,NIA,NIA,NIA,NIA,NIA,NIA,NIA,NIA,NIA
RashidNLP/Finance-Sentiment-Classification,NIA,NIA,NIA,FIA,U,FIA,FIA,NIA,NIA,NIA,U,FIA,NIA,NIA,FIA,NIA,FIA,NIA,FIA,FIA,NIA,NIA,NIA,NIA,NIA,NIA,NIA,NIA,NIA,NIA,NIA,NIA,NIA,NIA,NIA,NIA,NIA,NIA,NIA
RogerKam/roberta_fine_tuned_sentiment_newsmtsc,NIA,NIA,NIA,FIA,NIA,FIA,FIA,NIA,NIA,NIA,NIA,NIA,NIA,NIA,NIA,NIA,NIA,NIA,NIA,NIA,NIA,NIA,NIA,NIA,NIA,NIA,NIA,NIA,NIA,NIA,NIA,NIA,NIA,NIA,NIA,NIA,NIA,NIA,NIA
abnersampaio/sentimentv2,NIA,NIA,NIA,NIA,NIA,FIA,NIA,NIA,NIA,NIA,NIA,FIA,NIA,NIA,NIA,NIA,FIA,NIA,FIA,FIA,NIA,NIA,NIA,NIA,NIA,NIA,NIA,NIA,NIA,NIA,NIA,NIA,NIA,NIA,NIA,NIA,NIA,NIA,NIA
cardiffnlp/xlm-roberta-base-tweet-sentiment-pt,PIA,PIA,U,FIA,FIA,NIA,FIA,NIA,NIA,NIA,U,FIA,NIA,NIA,NIA,NIA,NIA,NIA,NIA,NIA,NIA,FIA,NIA,NIA,NIA,NIA,FIA,NIA,NIA,NIA,NIA,NIA,NIA,NIA,NIA,NIA,NIA,NIA,NIA
aari1995/German_Sentiment,FIA,NIA,FIA,FIA,FIA,NIA,FIA,NIA,NIA,NIA,U,NIA,NIA,NIA,FIA,NIA,NIA,NIA,FIA,FIA,NIA,NIA,NIA,NIA,NIA,NIA,NIA,NIA,NIA,NIA,NIA,NIA,NIA,NIA,NIA,NIA,NIA,NIA,NIA
ncduy/phobert-large-finetuned-vietnamese_students_feedback,NIA,NIA,NIA,NIA,FIA,NIA,FIA,NIA,NIA,NIA,U,PIA,PIA,PIA,NIA,NIA,PIA,NIA,PIA,PIA,PIA,PIA,NIA,NIA,NIA,NIA,FIA,NIA,NIA,NIA,NIA,NIA,NIA,NIA,NIA,NIA,NIA,NIA,NIA
ZiweiChen/FinBERT-FOMC,NIA,NIA,NIA,FIA,U,NIA,FIA,FIA,NIA,NIA,FIA,NIA,NIA,NIA,NIA,NIA,NIA,NIA,NIA,NIA,NIA,NIA,NIA,NIA,NIA,NIA,NIA,NIA,NIA,NIA,NIA,NIA,NIA,NIA,NIA,NIA,NIA,NIA,NIA
JP040/bert-german-sentiment-twitter,NIA,NIA,NIA,NIA,NIA,NIA,NIA,NIA,NIA,NIA,U,PIA,PIA,PIA,PIA,U,PIA,PIA,PIA,PIA,PIA,FIA,NIA,NIA,PIA,PIA,FIA,PIA,NIA,PIA,PIA,PIA,NIA,NIA,FIA,NIA,NIA,PIA,FIA
alger-ia/dziribert_sentiment,PIA,PIA,PIA,FIA,FIA,NIA,FIA,FIA,FIA,NIA,U,FIA,NIA,NIA,NIA,FIA,NIA,NIA,NIA,NIA,NIA,NIA,NIA,NIA,NIA,NIA,FIA,NIA,NIA,NIA,NIA,NIA,NIA,NIA,NIA,NIA,NIA,NIA,NIA
blanchefort/rubert-base-cased-sentiment-rurewiews,NIA,NIA,NIA,FIA,FIA,NIA,FIA,NIA,NIA,NIA,FIA,FIA,NIA,NIA,FIA,NIA,FIA,NIA,NIA,FIA,NIA,U,NIA,NIA,NIA,NIA,FIA,NIA,NIA,NIA,NIA,NIA,NIA,NIA,NIA,NIA,NIA,NIA,NIA
z-dickson/multilingual_sentiment_newspaper_headlines,NIA,NIA,NIA,FIA,FIA,FIA,FIA,NIA,NIA,NIA,U,NIA,NIA,NIA,NIA,NIA,NIA,NIA,NIA,NIA,NIA,NIA,NIA,NIA,NIA,NIA,NIA,NIA,NIA,NIA,NIA,NIA,NIA,NIA,NIA,NIA,NIA,NIA,NIA
rasmodev/Covid-19_Sentiment_Analysis_RoBERTa_Model,NIA,NIA,NIA,NIA,NIA,FIA,NIA,NIA,NIA,NIA,NIA,FIA,PIA,PIA,PIA,PIA,PIA,PIA,PIA,PIA,PIA,FIA,PIA,NIA,NIA,FIA,FIA,PIA,NIA,PIA,PIA,PIA,NIA,NIA,FIA,NIA,U,PIA,PIA
CAMeL-Lab/bert-base-arabic-camelbert-msa-sentiment,PIA,PIA,PIA,FIA,FIA,FIA,FIA,FIA,FIA,NIA,PIA,,,,,,,,,,,,,,,,,,,,,,,,,,,,
,,,,,,,,,,,,FIA,PIA,PIA,PIA,NIA,PIA,PIA,PIA,PIA,PIA,FIA,PIA,NIA,PIA,PIA,NIA,PIA,NIA,PIA,U,PIA,NIA,NIA,NIA,NIA,NIA,FIA,FIA
